Vaccine/Exemption,Dose,Geography Type,Geography,School Year,Estimate (%),Population Size,Percent Surveyed,Footnotes,Number of Exemptions,Survey Type
MMR (PAC),MMR (PAC),States,Kansas,2025-26,NA,NULL,NULL,NULL,NULL,Stratified 2-stage cluster sample
Varicella,1 Dose (or disease history),States,Arizona,2024-25,93.4,75024,97.4,NULL,NULL,Census
MMR (PAC),MMR (PAC),States,Texas,2025-26,95.2,358586,98.3,NULL,NULL,"Census (pub.), vol. response (prv.)"
MMR (PAC),MMR (PAC),States,New Jersey,2025-26,94.3,101602,92.3,NULL,NULL,Census
MMR (PAC),MMR (PAC),States,Tennessee,2025-26,95.2,73415,97.4,NULL,NULL,Census
Varicella,1 Dose (or disease history),States,Florida,2024-25,NReq,221053,100,>=. *,NULL,Census
Varicella,1 Dose (or disease history),States,Georgia,2024-25,NReq,114568,100,>=. *,NULL,Census
Varicella,1 Dose (or disease history),States,Hawaii,2024-25,NReq,13804,10.5,NULL,NULL,Stratified 2-stage cluster sample
Varicella,1 Dose (or disease history),States,Idaho,2024-25,NReq,22242,99.5,NULL,NULL,Census
Varicella,1 Dose (or disease history),States,Illinois,2024-25,NReq,132769,99.5,NULL,NULL,Census
Varicella,1 Dose (or disease history),States,Alabama,2024-25,98,53589,99.9,NULL,NULL,Census
MMR (PAC),MMR (PAC),States,Arizona,2025-26,90.4,73907,92.5,NULL,NULL,"Census (pub.), vol. response (prv.)"
Varicella,1 Dose (or disease history),States,Oklahoma,2024-25,94,47544,86.7,‡,NULL,Vol. response
Varicella,1 Dose (or disease history),States,District of Columbia,2025-26,NReq,7871,100,NULL,NULL,Census
Varicella,1 Dose (or disease history),States,Iowa,2025-26,NReq,37490,100,NULL,NULL,Census
Varicella,1 Dose (or disease history),States,North Dakota,2025-26,NReq,9344,98.6,NULL,NULL,Census
Varicella,1 Dose (or disease history),States,Indiana,2025-26,NReq,70886,87.1,NULL,NULL,Vol. response
Varicella,1 Dose (or disease history),States,Maryland,2025-26,NReq,66945,97.8,NULL,NULL,"Census (pub.), vol. response (prv.)"
Varicella,1 Dose (or disease history),States,North Carolina,2025-26,NReq,120045,90.1,NULL,NULL,"Census (pub.), vol. response (prv.)"
Varicella,1 Dose (or disease history),States,NY-City of New York,2025-26,NReq,82534,98.1,NULL,NULL,Census
Varicella,1 Dose (or disease history),States,Massachusetts,2025-26,NReq,65331,100,NULL,NULL,Census
Varicella,1 Dose (or disease history),States,Illinois,2025-26,NReq,128598,99.8,NULL,NULL,Census
Varicella,1 Dose (or disease history),States,Michigan,2025-26,NReq,104614,100,NULL,NULL,Census
Varicella,1 Dose (or disease history),States,Idaho,2025-26,NReq,21728,100,NULL,NULL,Census
Varicella,1 Dose (or disease history),States,Wisconsin,2025-26,NReq,59360,96.6,NULL,NULL,"Census (pub.), vol. response (prv.)"
Varicella,1 Dose (or disease history),States,West Virginia,2025-26,NReq,15445,93.3,NULL,NULL,Census
Varicella,1 Dose (or disease history),States,Wyoming,2024-25,93.4,6564,100,*,NULL,Census
Varicella,1 Dose (or disease history),States,Oregon,2024-25,93.3,38247,100,*. ‡,NULL,Census
Varicella,1 Dose (or disease history),States,New Jersey,2024-25,92.8,104339,100,>=. *,NULL,Census
Varicella,1 Dose (or disease history),States,Delaware,2024-25,NReq,10393,14.2,‡,NULL,"2-stage cluster sample (pub.), nonrandom 2-stage cluster sample (prv.)"
Varicella,1 Dose (or disease history),States,Kansas,2025-26,NReq,NULL,NULL,NULL,NULL,Stratified 2-stage cluster sample
Varicella,1 Dose (or disease history),States,Nebraska,2025-26,NReq,23807,100,NULL,NULL,Census
Varicella,1 Dose (or disease history),States,Kentucky,2025-26,NReq,49937,100,NULL,NULL,Census
Varicella,1 Dose (or disease history),States,Arkansas,2024-25,NReq,37570,96.4,NULL,NULL,"Census (pub.), vol. response (prv.)"
Varicella,1 Dose (or disease history),States,District of Columbia,2024-25,NReq,7997,100,*,NULL,Census
Varicella,1 Dose (or disease history),States,Rhode Island,2025-26,NReq,10123,97.1,NULL,NULL,Census
Varicella,1 Dose (or disease history),States,Pennsylvania,2025-26,NReq,134313,95.7,NULL,NULL,"Census (pub.), vol. response (prv.)"
Varicella,1 Dose (or disease history),States,Delaware,2025-26,NReq,10729,12.9,NULL,NULL,"2-stage cluster sample (pub.), nonrandom 2-stage cluster sample (prv.)"
Varicella,1 Dose (or disease history),States,Hawaii,2025-26,NReq,13791,11.7,NULL,NULL,Stratified 2-stage cluster sample
Varicella,1 Dose (or disease history),States,South Dakota,2025-26,NReq,11009,100,NULL,NULL,Census
Varicella,1 Dose (or disease history),States,Tennessee,2025-26,NReq,73415,97.4,NULL,NULL,Census
Varicella,1 Dose (or disease history),States,Texas,2025-26,NReq,358586,98.3,NULL,NULL,"Census (pub.), vol. response (prv.)"
Varicella,1 Dose (or disease history),States,TX-City of Houston,2025-26,NReq,36071,94.6,NULL,NULL,"Census (pub.), vol. response (prv.)"
Varicella,1 Dose (or disease history),States,Colorado,2025-26,NReq,60049,100,NULL,NULL,Census
Varicella,2 Doses (or disease history),States,Arkansas,2009-10,NReq,34733,100,*,NULL,Census
Varicella,2 Doses (or disease history),States,Arizona,2009-10,NReq,89287,93.9,NULL,NULL,Census
Varicella,2 Doses (or disease history),States,Alabama,2009-10,NReq,75358,100,*. **,NULL,Census
Varicella,2 Doses (or disease history),States,Alaska,2009-10,NA,9641,76.4,NULL,NULL,Voluntary response
Varicella,2 Doses (or disease history),States,Iowa,2009-10,84.5,42698,100,≥,NULL,Census
Varicella,2 Doses (or disease history),States,Kansas,2009-10,85.3,39073,39.1,†,NULL,Stratified 1-stage sample  (Public);  Census (Private)
Varicella,2 Doses (or disease history),States,Rhode Island,2009-10,86.9,11818,11.6,NULL,NULL,Random sample
Varicella,2 Doses (or disease history),States,Vermont,2009-10,88.2,6713,100,*,NULL,Census
Varicella,2 Doses (or disease history),States,West Virginia,2009-10,88.4,22730,86.7,NULL,NULL,Voluntary response
Varicella,2 Doses (or disease history),States,Washington,2009-10,88.6,81511,93.3,NULL,NULL,Census
Varicella,2 Doses (or disease history),States,Delaware,2009-10,89,11327,9.2,NULL,NULL,Random sample
Varicella,2 Doses (or disease history),States,North Dakota,2009-10,89.6,8323,6,¶,NULL,Random sample
Varicella,2 Doses (or disease history),States,Wisconsin,2009-10,90.3,61095,2.3,¶,NULL,Random sample
Varicella,2 Doses (or disease history),States,Florida,2009-10,91.3,218630,100,≥. * .§,NULL,Census
Varicella,2 Doses (or disease history),States,Louisiana,2009-10,93.7,53846,100,*,NULL,Census
Varicella,2 Doses (or disease history),States,Minnesota,2009-10,94,70653,100,*,NULL,Census
Varicella,2 Doses (or disease history),States,New Mexico,2009-10,94.9,26318,2.2,NULL,NULL,Random sample
Varicella,2 Doses (or disease history),States,Texas,2009-10,96.8,381425,98.3,NULL,NULL,Census
Varicella,1 Dose (or disease history),States,Indiana,2024-25,NReq,73744,92.7,§,NULL,"Census (pub.), vol. response (prv.)"
Varicella,1 Dose (or disease history),States,Iowa,2024-25,NReq,38268,100,>=. *,NULL,Census
Varicella,1 Dose (or disease history),States,Oregon,2025-26,92.9,37309,100,NULL,NULL,Census
Varicella,1 Dose (or disease history),States,Oklahoma,2025-26,92.9,47844,90.7,NULL,NULL,"Census (pub.), vol. response (prv.)"
Varicella,1 Dose (or disease history),States,Wyoming,2025-26,92.6,6146,100,NULL,NULL,Census
Varicella,2 Doses (or disease history),States,Oregon,2009-10,NReq,44676,100,*,NULL,Census
Varicella,2 Doses (or disease history),States,Pennsylvania,2009-10,NReq,149656,100,*,NULL,Census
Varicella,1 Dose (or disease history),States,New Jersey,2025-26,92.5,101602,92.3,NULL,NULL,Census
Varicella,1 Dose (or disease history),States,Arizona,2025-26,92.3,73907,92.5,NULL,NULL,"Census (pub.), vol. response (prv.)"
Varicella,1 Dose (or disease history),States,Georgia,2025-26,NReq,118864,100,NULL,NULL,Census
Varicella,1 Dose (or disease history),States,Florida,2025-26,NReq,213535,100,NULL,NULL,Census
Varicella,2 Doses (or disease history),States,California,2010-11,NA,NULL,NULL,NULL,NULL,NA
Varicella,2 Doses (or disease history),States,Colorado,2010-11,NA,NULL,NULL,NULL,NULL,NA
Varicella,2 Doses (or disease history),States,Connecticut,2010-11,NA,NULL,NULL,NULL,NULL,NA
Varicella,2 Doses (or disease history),States,Delaware,2010-11,NA,NULL,NULL,NULL,NULL,NA
Varicella,2 Doses (or disease history),States,District of Columbia,2010-11,NA,NULL,NULL,NULL,NULL,NA
Varicella,2 Doses (or disease history),States,Florida,2010-11,NA,NULL,NULL,NULL,NULL,NA
Varicella,2 Doses (or disease history),States,Georgia,2010-11,NA,NULL,NULL,NULL,NULL,NA
Varicella,2 Doses (or disease history),States,Hawaii,2010-11,NA,NULL,NULL,NULL,NULL,NA
Varicella,2 Doses (or disease history),States,Idaho,2010-11,NA,NULL,NULL,NULL,NULL,NA
Varicella,2 Doses (or disease history),States,Illinois,2010-11,NA,NULL,NULL,NULL,NULL,NA
Varicella,2 Doses (or disease history),States,Indiana,2010-11,NA,NULL,NULL,NULL,NULL,NA
Varicella,2 Doses (or disease history),States,Iowa,2010-11,NA,NULL,NULL,NULL,NULL,NA
Varicella,2 Doses (or disease history),States,Kansas,2010-11,NA,NULL,NULL,NULL,NULL,NA
Varicella,2 Doses (or disease history),States,Kentucky,2010-11,NA,NULL,NULL,NULL,NULL,NA
Varicella,2 Doses (or disease history),States,Louisiana,2010-11,NA,NULL,NULL,NULL,NULL,NA
Varicella,2 Doses (or disease history),States,Maine,2010-11,NA,NULL,NULL,NULL,NULL,NA
Varicella,2 Doses (or disease history),States,Maryland,2010-11,NA,NULL,NULL,NULL,NULL,NA
Varicella,2 Doses (or disease history),States,Massachusetts,2010-11,NA,NULL,NULL,NULL,NULL,NA
Varicella,2 Doses (or disease history),States,Michigan,2010-11,NA,NULL,NULL,NULL,NULL,NA
Varicella,2 Doses (or disease history),States,Minnesota,2010-11,NA,NULL,NULL,NULL,NULL,NA
Varicella,2 Doses (or disease history),States,Mississippi,2010-11,NA,NULL,NULL,NULL,NULL,NA
Varicella,2 Doses (or disease history),States,Missouri,2010-11,NA,NULL,NULL,NULL,NULL,NA
Varicella,2 Doses (or disease history),States,Montana,2010-11,NA,NULL,NULL,NULL,NULL,NA
Varicella,2 Doses (or disease history),States,Nebraska,2010-11,NA,NULL,NULL,NULL,NULL,NA
Varicella,1 Dose (or disease history),States,Washington,2025-26,NReq,75631,99.1,NULL,NULL,Census
Varicella,1 Dose (or disease history),States,Virginia,2025-26,NReq,88950,95.7,NULL,NULL,Census
Varicella,1 Dose (or disease history),States,Vermont,2025-26,NReq,5298,100,NULL,NULL,Census
Varicella,1 Dose (or disease history),States,Utah,2025-26,NReq,44001,100,NULL,NULL,Census
Varicella,1 Dose (or disease history),States,Alabama,2025-26,97.6,53378,100,NULL,NULL,Census
Varicella,1 Dose (or disease history),States,California,2025-26,NReq,614405,100,NULL,NULL,Census
Varicella,1 Dose (or disease history),States,Arkansas,2025-26,NReq,35543,96.7,NULL,NULL,"Census (pub.), vol. response (prv.)"
Varicella,1 Dose (or disease history),States,Alaska,2025-26,NReq,8253,60.9,NULL,NULL,"Vol. response (public), not conducted (private)"
Varicella,1 Dose (or disease history),States,Connecticut,2025-26,NReq,33118,100,NULL,NULL,Census
Varicella,1 Dose (or disease history),States,New York,2025-26,NReq,203514,95.8,NULL,NULL,"Census (pub.), vol. response (prv.)"
Varicella,1 Dose (or disease history),States,New Mexico,2025-26,NReq,19843,100,NULL,NULL,Census
Varicella,1 Dose (or disease history),States,Ohio,2025-26,NReq,129087,95.9,NULL,NULL,"Census (pub.), vol. response (prv.)"
Varicella,1 Dose (or disease history),States,New Hampshire,2025-26,NReq,11544,100,NULL,NULL,Census
Varicella,1 Dose (or disease history),States,Nevada,2025-26,NReq,32815,93.6,NULL,NULL,"Census (pub.), vol. response (prv.)"
Varicella,2 Doses (or disease history),States,South Dakota,2011-12,95.5,12127,100,*,NULL,Census
Varicella,1 Dose (or disease history),States,Missouri,2025-26,NReq,66610,100,NULL,NULL,Census
Varicella,1 Dose (or disease history),States,Mississippi,2025-26,NReq,34969,100,NULL,NULL,Census
Varicella,1 Dose (or disease history),States,Louisiana,2025-26,NReq,50223,100,NULL,NULL,Census
Varicella,1 Dose (or disease history),States,Minnesota,2025-26,NReq,63451,99.9,NULL,NULL,Census
Varicella,1 Dose (or disease history),States,Maine,2025-26,NReq,11634,94.4,NULL,NULL,Census
Varicella,1 Dose (or disease history),States,South Carolina,2025-26,NReq,57542,26.2,NULL,NULL,Stratified 1-stage cluster sample
Varicella,2 Doses (or disease history),States,Maryland,2011-12,NReq,72957,67.2,NULL,NULL,Voluntary Response
Varicella,2 Doses (or disease history),States,Utah,2011-12,NReq,53800,100,*,NULL,Census
Varicella,2 Doses (or disease history),States,Maine,2011-12,NReq,13829,97,NULL,NULL,Census
Varicella,2 Doses (or disease history),States,Kentucky,2011-12,NReq,58185,91.8,NULL,NULL,Census
Varicella,2 Doses (or disease history),States,Montana,2011-12,NReq,12128,100,*,NULL,Census
Varicella,2 Doses (or disease history),States,New Hampshire,2011-12,NA,13022,100,*,NULL,Census
Varicella,2 Doses (or disease history),States,Wyoming,2011-12,NA,NULL,NULL,NULL,NULL,Not conducted
Varicella,2 Doses (or disease history),States,New Jersey,2011-12,NReq,118669,96.6,NULL,NULL,Census
Varicella,2 Doses (or disease history),States,Alaska,2011-12,NA,10286,7.3,NULL,NULL,Non-random Cluster Sample
Varicella,2 Doses (or disease history),States,South Dakota,2009-10,97.7,11499,100,*,NULL,Census
Varicella,2 Doses (or disease history),States,Georgia,2009-10,99.6,141949,1.2,NULL,NULL,Random sample
Varicella,2 Doses (or disease history),States,Mississippi,2009-10,99.7,46922,100,≥. *,NULL,Census
Varicella,2 Doses (or disease history),States,Kentucky,2009-10,NReq,56526,92.9,NULL,NULL,Census
Varicella,2 Doses (or disease history),States,Indiana,2009-10,NReq,84390,94.7,NULL,NULL,Census
Varicella,2 Doses (or disease history),States,Illinois,2009-10,NReq,165845,100,NULL,NULL,Census
Varicella,2 Doses (or disease history),States,Idaho,2009-10,NReq,22624,100,*,NULL,Census
Varicella,2 Doses (or disease history),States,Maine,2009-10,NReq,14162,75.3,NULL,NULL,Voluntary response
Varicella,2 Doses (or disease history),States,California,2009-10,NReq,507191,100,*,NULL,Census
Varicella,2 Doses (or disease history),States,Colorado,2009-10,NA,NULL,NULL,NULL,NULL,Not conducted
Varicella,2 Doses (or disease history),States,Maryland,2009-10,NReq,75061,75,NULL,NULL,Voluntary response
Varicella,2 Doses (or disease history),States,Massachusetts,2009-10,NReq,74476,100,*,NULL,Census
Varicella,2 Doses (or disease history),States,Michigan,2009-10,NReq,129810,100,*,NULL,Census
Varicella,2 Doses (or disease history),States,Connecticut,2009-10,NReq,46158,100,*,NULL,Census
Varicella,2 Doses (or disease history),States,Hawaii,2009-10,NReq,18427,6.4,NULL,NULL,Random sample
Varicella,2 Doses (or disease history),States,Missouri,2009-10,NReq,75958,3,NULL,NULL,Random sample
Varicella,2 Doses (or disease history),States,District of Columbia,2009-10,NA,6092,100,*,NULL,Census
Varicella,2 Doses (or disease history),States,Montana,2009-10,NReq,12335,98.8,NULL,NULL,Census
Varicella,2 Doses (or disease history),States,Nebraska,2009-10,NReq,29607,96.4,NULL,NULL,Census
Varicella,2 Doses (or disease history),States,Nevada,2009-10,NReq,35209,5.6,NULL,NULL,Random sample
Varicella,2 Doses (or disease history),States,New Hampshire,2009-10,NA,NULL,NULL,NULL,NULL,Not conducted
Varicella,2 Doses (or disease history),States,New Jersey,2009-10,NReq,118347,95.1,NULL,NULL,Census
Varicella,2 Doses (or disease history),States,New York,2009-10,NReq,229273,100,*,NULL,Census
Varicella,2 Doses (or disease history),States,North Carolina,2009-10,NReq,116087,96,NULL,NULL,Census
Varicella,2 Doses (or disease history),States,Ohio,2009-10,NReq,131137,100,*,NULL,Census
Varicella,2 Doses (or disease history),States,Oklahoma,2009-10,NReq,51128,88.9,NULL,NULL,Voluntary response
Varicella,2 Doses (or disease history),States,Utah,2012-13,NReq,54605,100,*,NULL,Census
Varicella,2 Doses (or disease history),States,South Carolina,2012-13,NReq,61799,17.9,NULL,NULL,1-Stage Cluster Sample
Varicella,2 Doses (or disease history),States,Oregon,2012-13,NReq,47102,100,*. ‡,NULL,Census
Varicella,2 Doses (or disease history),States,Illinois,2012-13,NReq,166884,100,*,NULL,Census
Varicella,2 Doses (or disease history),States,South Carolina,2009-10,NReq,53725,10.2,NULL,NULL,Random sample
Varicella,2 Doses (or disease history),States,Tennessee,2009-10,NReq,90811,88.1,NULL,NULL,Voluntary response
Varicella,2 Doses (or disease history),States,Utah,2009-10,NReq,49957,100,*,NULL,Census
Varicella,2 Doses (or disease history),States,Virginia,2009-10,NReq,100891,4.4,NULL,NULL,Random sample
Varicella,2 Doses (or disease history),States,Wyoming,2009-10,NA,NULL,NULL,NULL,NULL,Not conducted
Varicella,2 Doses (or disease history),States,Alaska,2010-11,NA,NULL,NULL,NULL,NULL,NA
Varicella,2 Doses (or disease history),States,Arizona,2010-11,NA,NULL,NULL,NULL,NULL,NA
Varicella,2 Doses (or disease history),States,Arkansas,2010-11,NA,NULL,NULL,NULL,NULL,NA
Varicella,2 Doses (or disease history),States,Washington,2010-11,NA,NULL,NULL,NULL,NULL,NA
Varicella,2 Doses (or disease history),States,Virginia,2010-11,NA,NULL,NULL,NULL,NULL,NA
Varicella,2 Doses (or disease history),States,Vermont,2010-11,NA,NULL,NULL,NULL,NULL,NA
Varicella,2 Doses (or disease history),States,Utah,2010-11,NA,NULL,NULL,NULL,NULL,NA
Varicella,2 Doses (or disease history),States,Texas,2010-11,NA,NULL,NULL,NULL,NULL,NA
Varicella,2 Doses (or disease history),States,Tennessee,2010-11,NA,NULL,NULL,NULL,NULL,NA
Varicella,2 Doses (or disease history),States,South Dakota,2010-11,NA,NULL,NULL,NULL,NULL,NA
Varicella,2 Doses (or disease history),States,South Carolina,2010-11,NA,NULL,NULL,NULL,NULL,NA
Varicella,2 Doses (or disease history),States,Rhode Island,2010-11,NA,NULL,NULL,NULL,NULL,NA
Varicella,2 Doses (or disease history),States,Pennsylvania,2010-11,NA,NULL,NULL,NULL,NULL,NA
Varicella,2 Doses (or disease history),States,Oregon,2010-11,NA,NULL,NULL,NULL,NULL,NA
Varicella,2 Doses (or disease history),States,Oklahoma,2010-11,NA,NULL,NULL,NULL,NULL,NA
Varicella,2 Doses (or disease history),States,Ohio,2010-11,NA,NULL,NULL,NULL,NULL,NA
Varicella,2 Doses (or disease history),States,North Dakota,2010-11,NA,NULL,NULL,NULL,NULL,NA
Varicella,2 Doses (or disease history),States,North Carolina,2010-11,NA,NULL,NULL,NULL,NULL,NA
Varicella,2 Doses (or disease history),States,New York,2010-11,NA,NULL,NULL,NULL,NULL,NA
Varicella,2 Doses (or disease history),States,New Mexico,2010-11,NA,NULL,NULL,NULL,NULL,NA
Varicella,2 Doses (or disease history),States,New Jersey,2010-11,NA,NULL,NULL,NULL,NULL,NA
Varicella,2 Doses (or disease history),States,New Hampshire,2010-11,NA,NULL,NULL,NULL,NULL,NA
Varicella,2 Doses (or disease history),States,Alabama,2010-11,NA,NULL,NULL,NULL,NULL,NA
Varicella,2 Doses (or disease history),States,Wisconsin,2011-12,91,70672,2.3,NULL,NULL,2-stage Cluster Sample
Varicella,2 Doses (or disease history),States,Iowa,2011-12,91.1,40978,100,≥. *,NULL,Census
Varicella,2 Doses (or disease history),States,Rhode Island,2011-12,91.3,12552,13.9,NULL,NULL,2-stage Cluster Sample
Varicella,2 Doses (or disease history),States,Indiana,2011-12,91.9,83416,67.5,NULL,NULL,Voluntary Response
Varicella,2 Doses (or disease history),States,Florida,2011-12,92.6,225532,100,≥. * .§,NULL,Census
Varicella,2 Doses (or disease history),States,Massachusetts,2011-12,92.7,79551,97.5,NULL,NULL,Census
Varicella,2 Doses (or disease history),States,Michigan,2011-12,93.2,124962,100,*,NULL,Census
Varicella,2 Doses (or disease history),States,New Mexico,2011-12,94.2,29159,2,NULL,NULL,2-stage Cluster Sample
Varicella,2 Doses (or disease history),States,Minnesota,2011-12,94.9,71213,99.2,NULL,NULL,Census
Varicella,2 Doses (or disease history),States,Missouri,2011-12,95.1,75240,4.7,NULL,NULL,2-stage Cluster Sample
Varicella,2 Doses (or disease history),States,Arkansas,2011-12,95.4,38754,92.2,NULL,NULL,Census
Varicella,2 Doses (or disease history),States,Ohio,2011-12,95.4,146144,94.5,NULL,NULL,Convenient
Varicella,2 Doses (or disease history),States,South Carolina,2013-14,NReq,61661,11,NULL,NULL,1-stage stratified sample
Varicella,2 Doses (or disease history),States,Alabama,2011-12,NReq,73190,100,* .**,NULL,Census
Varicella,2 Doses (or disease history),States,Arizona,2011-12,NReq,88293,96.9,NULL,NULL,Census
Varicella,2 Doses (or disease history),States,New York,2011-12,NReq,236016,100,*,NULL,Census
Varicella,2 Doses (or disease history),States,North Carolina,2011-12,NReq,128854,95.4,NULL,NULL,Census
Varicella,2 Doses (or disease history),States,Georgia,2011-12,96.6,143065,1.9,NULL,NULL,2-stage Cluster Sample
Varicella,2 Doses (or disease history),States,Nebraska,2011-12,96.8,26715,96.6,NULL,NULL,Census
Varicella,2 Doses (or disease history),States,Delaware,2011-12,96.9,11327,7.4,≥,NULL,2-stage Cluster Sample
Varicella,2 Doses (or disease history),States,Connecticut,2011-12,97.1,45695,100,*,NULL,Census
Varicella,2 Doses (or disease history),States,Louisiana,2011-12,97.2,69013,100,*,NULL,Census
Varicella,2 Doses (or disease history),States,Tennessee,2011-12,97.3,83950,99.9,≥,NULL,Census
Varicella,2 Doses (or disease history),States,Mississippi,2011-12,99.2,44912,100,≥. *,NULL,Census
Varicella,2 Doses (or disease history),States,Texas,2011-12,99.2,388178,100,*,NULL,Census
Varicella,2 Doses (or disease history),States,South Carolina,2011-12,NReq,59307,10.7,NULL,NULL,1-stage Cluster Sample
Varicella,2 Doses (or disease history),States,Vermont,2011-12,90.3,6548,100,*,NULL,Census
Varicella,2 Doses (or disease history),States,Nevada,2011-12,90.3,36557,5.2,NULL,NULL,2-stage Cluster Sample
Varicella,2 Doses (or disease history),States,Washington,2011-12,90.4,85134,89.1,NULL,NULL,Voluntary Response
Varicella,2 Doses (or disease history),States,Virginia,2011-12,90.6,101121,4.3,NULL,NULL,2-stage Cluster Sample
Varicella,2 Doses (or disease history),States,Florida,2012-13,92.1,234628,100,≥. *. §,NULL,Census
Varicella,2 Doses (or disease history),States,Nevada,2012-13,92.2,36070,4.3,NULL,NULL,2-stage Cluster Sample
Varicella,2 Doses (or disease history),States,Michigan,2012-13,92.9,124662,100,*,NULL,Census
Varicella,2 Doses (or disease history),States,Massachusetts,2012-13,93.6,79661,97.6,‡,NULL,Census
Varicella,2 Doses (or disease history),States,Indiana,2012-13,93.9,86983,83.4,NULL,NULL,Voluntary Response
Varicella,2 Doses (or disease history),States,New Mexico,2012-13,94,29279,3.3,‡,NULL,2-stage Cluster Sample
Varicella,2 Doses (or disease history),States,Rhode Island,2012-13,94.2,12552,75.2,‡,NULL,Voluntary Response
Varicella,2 Doses (or disease history),States,Tennessee,2012-13,94.5,85801,97,≥,NULL,Census
Varicella,2 Doses (or disease history),States,Nebraska,2012-13,94.7,24999,96.6,‡,NULL,Census
Varicella,2 Doses (or disease history),States,Georgia,2012-13,95.1,142732,2.4,≥,NULL,2-stage Cluster Sample
Varicella,2 Doses (or disease history),States,Ohio,2012-13,95.7,163687,86.9,NULL,NULL,Census
Varicella,2 Doses (or disease history),States,Delaware,2012-13,95.7,11997,7.8,≥,NULL,2-stage Cluster Sample
Varicella,2 Doses (or disease history),States,Minnesota,2012-13,95.9,73310,100,*. ‡,NULL,Census
Varicella,2 Doses (or disease history),States,South Dakota,2012-13,96,12468,100,*,NULL,Census
Varicella,2 Doses (or disease history),States,Missouri,2012-13,96.1,78416,5.9,NULL,NULL,2-stage Cluster Sample
Varicella,2 Doses (or disease history),States,West Virginia,2012-13,96.2,22588,86.5,NULL,NULL,Voluntary Response
Varicella,2 Doses (or disease history),States,Louisiana,2012-13,96.5,68874,100,*,NULL,Census
Varicella,2 Doses (or disease history),States,Connecticut,2012-13,96.8,41604,100,*,NULL,Census
Varicella,2 Doses (or disease history),States,Wyoming,2012-13,97,8133,100,* .¶,NULL,Census
Varicella,2 Doses (or disease history),States,Texas,2012-13,97.2,414688,96.6,‡,NULL,Census
Varicella,2 Doses (or disease history),States,Mississippi,2012-13,99.9,46595,100,≥. *,NULL,Census
Varicella,2 Doses (or disease history),States,Maryland,2012-13,NReq,75007,84.3,‡,NULL,Voluntary Response
Varicella,2 Doses (or disease history),States,Maine,2012-13,NReq,14313,94.6,‡,NULL,Census
Varicella,2 Doses (or disease history),States,Kentucky,2012-13,89.5,58466,97.2,‡,NULL,Census
Varicella,2 Doses (or disease history),States,Vermont,2012-13,90.1,6792,100,*,NULL,Census
Varicella,2 Doses (or disease history),States,Washington,2012-13,90.3,87773,94.7,NULL,NULL,Census
Varicella,2 Doses (or disease history),States,Iowa,2012-13,90.5,41701,99.9,≥,NULL,Census
Varicella,2 Doses (or disease history),States,Oklahoma,2012-13,NReq,56943,95.5,NULL,NULL,Census
Varicella,2 Doses (or disease history),States,Hawaii,2012-13,NReq,20104,6.7,NULL,NULL,2-stage Cluster Sample
Varicella,2 Doses (or disease history),States,North Carolina,2012-13,NReq,130612,97.3,NULL,NULL,Census
Varicella,2 Doses (or disease history),States,New York,2012-13,NReq,239484,100,*. ‡,NULL,Census
Varicella,2 Doses (or disease history),States,New Jersey,2012-13,NReq,122516,96.7,‡,NULL,Census
Varicella,2 Doses (or disease history),States,New Hampshire,2012-13,NA,12943,99.2,NULL,NULL,Census
Varicella,2 Doses (or disease history),States,Montana,2012-13,NReq,12516,95.8,NULL,NULL,Census
Varicella,2 Doses (or disease history),States,Nevada,2010-11,NA,NULL,NULL,NULL,NULL,NA
Varicella,2 Doses (or disease history),States,Wyoming,2010-11,NA,NULL,NULL,NULL,NULL,NA
Varicella,2 Doses (or disease history),States,Wisconsin,2010-11,NA,NULL,NULL,NULL,NULL,NA
Varicella,2 Doses (or disease history),States,West Virginia,2010-11,NA,NULL,NULL,NULL,NULL,NA
Varicella,2 Doses (or disease history),States,New Hampshire,2013-14,94.7,13240,100,≥. *,NULL,Census
Varicella,2 Doses (or disease history),States,Rhode Island,2013-14,94.7,11521,99.1,‡,NULL,Census
Varicella,2 Doses (or disease history),States,Nebraska,2013-14,94.9,27000,97.3,‡,NULL,Census
Varicella,2 Doses (or disease history),States,Tennessee,2013-14,94.9,80212,99.8,≥,NULL,Census
Varicella,2 Doses (or disease history),States,South Dakota,2013-14,95.3,12566,100,*,NULL,Census
Varicella,2 Doses (or disease history),States,West Virginia,2013-14,95.5,22814,84.7,NULL,NULL,Voluntary response
Varicella,2 Doses (or disease history),States,Ohio,2013-14,95.7,150000,92.5,NULL,NULL,Census
Varicella,2 Doses (or disease history),States,Louisiana,2013-14,96.1,63976,100,*,NULL,Census
Varicella,2 Doses (or disease history),States,Delaware,2013-14,96.4,11997,12.2,≥,NULL,Stratified  2-stage cluster sample
Varicella,2 Doses (or disease history),States,Connecticut,2013-14,96.7,40978,100,*,NULL,Census
Varicella,2 Doses (or disease history),States,Texas,2013-14,97.2,409255,97.1,‡,NULL,Census
Varicella,2 Doses (or disease history),States,Mississippi,2013-14,99.7,45719,100,≥. *,NULL,Census
Varicella,2 Doses (or disease history),States,Wyoming,2013-14,NA,NULL,NULL,NULL,NULL,Not conducted
Varicella,2 Doses (or disease history),States,California,2013-14,NReq,548606,97.3,‡,NULL,Census
Varicella,2 Doses (or disease history),States,Arizona,2013-14,NReq,89606,95.8,NULL,NULL,Census
Varicella,2 Doses (or disease history),States,District of Columbia,2013-14,NA,7856,100,*,NULL,Census
Varicella,2 Doses (or disease history),States,Alabama,2013-14,NReq,76927,100,*. **,NULL,Census
Varicella,2 Doses (or disease history),States,Hawaii,2013-14,NReq,20056,5.4,NULL,NULL,Stratified  2-stage cluster sample
Varicella,2 Doses (or disease history),States,Illinois,2013-14,NReq,163316,100,*,NULL,Census
Varicella,2 Doses (or disease history),States,Maine,2013-14,NReq,15441,82.4,‡,NULL,Voluntary response
Varicella,2 Doses (or disease history),States,Maryland,2013-14,NReq,75659,96.9,‡,NULL,Census
Varicella,2 Doses (or disease history),States,Montana,2013-14,NReq,12855,95.4,NULL,NULL,Census
Varicella,2 Doses (or disease history),States,New Jersey,2013-14,NReq,123085,95.4,≥. ‡,NULL,Census
Varicella,2 Doses (or disease history),States,New York,2013-14,NReq,240318,100,*. ‡,NULL,Census
Varicella,2 Doses (or disease history),States,North Carolina,2013-14,NReq,126084,97.7,NULL,NULL,Census
Varicella,2 Doses (or disease history),States,Oklahoma,2013-14,NReq,57377,71.3,NULL,NULL,Voluntary response
Varicella,2 Doses (or disease history),States,Oregon,2013-14,NReq,47649,100,*. ‡,NULL,Census
Varicella,2 Doses (or disease history),States,Missouri,2014-15,95.3,75900,100,*,NULL,Census
Varicella,2 Doses (or disease history),States,Rhode Island,2014-15,95.4,11163,98.9,‡,NULL,Census
Varicella,2 Doses (or disease history),States,California,2011-12,NReq,542544,97.6,NULL,NULL,Census
Varicella,2 Doses (or disease history),States,Illinois,2011-12,NReq,163311,100,*,NULL,Census
Varicella,2 Doses (or disease history),States,District of Columbia,2011-12,NA,6854,100,*,NULL,Census
Varicella,2 Doses (or disease history),States,Hawaii,2011-12,NReq,19443,7.7,NULL,NULL,2-stage Cluster Sample
Varicella,2 Doses (or disease history),States,Oklahoma,2011-12,NReq,52987,90.9,¶,NULL,Census
Varicella,2 Doses (or disease history),States,Oregon,2011-12,NReq,45855,100,*,NULL,Census
Varicella,2 Doses (or disease history),States,Colorado,2011-12,84,70142,0.5,NULL,NULL,Simple Random Sample
Varicella,2 Doses (or disease history),States,Pennsylvania,2011-12,85.1,148042,99,NULL,NULL,Census
Varicella,2 Doses (or disease history),States,Idaho,2011-12,85.8,22762,100,*,NULL,Census
Varicella,2 Doses (or disease history),States,Kansas,2011-12,85.9,38402,52.7,†,NULL,Stratified 1-stage sample  (Public);  Census (Private)
Varicella,2 Doses (or disease history),States,North Dakota,2011-12,88.9,8412,5.8,¶,NULL,Convenient
Varicella,2 Doses (or disease history),States,West Virginia,2011-12,88.9,22449,94.9,NULL,NULL,Convenient
Varicella,2 Doses (or disease history),States,California,2014-15,NReq,552583,96.9,‡,NULL,Census
Varicella,2 Doses (or disease history),States,Montana,2014-15,NReq,12501,95.7,NULL,NULL,Census (public); Voluntary response (private)
Varicella,2 Doses (or disease history),States,Arizona,2014-15,NReq,86153,98.3,NULL,NULL,Census
Varicella,2 Doses (or disease history),States,New Jersey,2014-15,NReq,120471,93.9,‡,NULL,Census (public); Voluntary response (private)
Varicella,2 Doses (or disease history),States,Alabama,2014-15,NReq,59660,100,*,NULL,Census
Varicella,2 Doses (or disease history),States,North Carolina,2014-15,NReq,129792,95,NULL,NULL,Census (public). Voluntary response (private)
Varicella,2 Doses (or disease history),States,Oklahoma,2014-15,NReq,56967,95.9,‡,NULL,Census
Varicella,2 Doses (or disease history),States,Oregon,2014-15,NReq,46229,100,*. ‡,NULL,Census
Varicella,2 Doses (or disease history),States,Utah,2014-15,NReq,50916,100,*,NULL,Census
Varicella,2 Doses (or disease history),States,Colorado,2014-15,85.4,70597,0.5,NULL,NULL,Simple random sample
Varicella,2 Doses (or disease history),States,Washington,2014-15,87.9,88809,96.7,NULL,NULL,Census (public); Voluntary response (private)
Varicella,2 Doses (or disease history),States,Arkansas,2014-15,88,41252,95.9,‡,NULL,Census (public); Voluntary response (private)
Varicella,2 Doses (or disease history),States,Idaho,2014-15,88.4,22968,100,*,NULL,Census
Varicella,2 Doses (or disease history),States,Kansas,2014-15,88.9,39685,24.5,†.‡,NULL,Stratified 2-stage cluster sample
Varicella,2 Doses (or disease history),States,North Dakota,2014-15,89.5,10017,99.9,NULL,NULL,Census
Varicella,2 Doses (or disease history),States,District of Columbia,2014-15,89.5,7840,100,*,NULL,Census
Varicella,2 Doses (or disease history),States,District of Columbia,2012-13,NA,7842,100,*,NULL,Census
Varicella,2 Doses (or disease history),States,California,2012-13,NReq,535523,99,‡,NULL,Census
Varicella,2 Doses (or disease history),States,Arizona,2012-13,NReq,90054,97.6,NULL,NULL,Census
Varicella,2 Doses (or disease history),States,Alaska,2012-13,NA,10319,97.8,NULL,NULL,Census
Varicella,2 Doses (or disease history),States,Alabama,2012-13,NReq,72929,100,* . ‡. **,NULL,Census
Varicella,2 Doses (or disease history),States,Colorado,2012-13,84.6,70657,0.5,NULL,NULL,Simple Random Sample
Varicella,2 Doses (or disease history),States,Arkansas,2012-13,84.8,43212,96.3,‡,NULL,Census
Varicella,2 Doses (or disease history),States,Pennsylvania,2012-13,85.7,151364,97.5,NULL,NULL,Census
Varicella,2 Doses (or disease history),States,Idaho,2012-13,86.6,23888,100,*,NULL,Census
Varicella,2 Doses (or disease history),States,Kansas,2012-13,88.4,40738,31.8,†. ‡,NULL,Stratified 1-stage sample  (Public);  Census (Private)
Varicella,2 Doses (or disease history),States,North Dakota,2012-13,88.5,9503,4.9,NULL,NULL,2-stage Cluster Sample
Varicella,2 Doses (or disease history),States,Louisiana,2015-16,96.8,59159,100,*,NULL,Census
Varicella,2 Doses (or disease history),States,North Carolina,2015-16,97,128290,92,‡.§,NULL,Census (public). Voluntary response (private)
Varicella,2 Doses (or disease history),States,Texas,2015-16,97.2,394801,98.7,‡.§,NULL,Census (public); Voluntary response (private)
Varicella,2 Doses (or disease history),States,Nebraska,2015-16,97.3,30409,100,*.‡,NULL,Census
Varicella,2 Doses (or disease history),States,Delaware,2015-16,97.6,11589,9.5,NULL,NULL,Stratified 2-stage cluster sample
Varicella,2 Doses (or disease history),States,Wisconsin,2012-13,91.1,72416,1.8,‡,NULL,2-stage Cluster Sample
Varicella,2 Doses (or disease history),States,Virginia,2012-13,91.2,104826,4.2,NULL,NULL,2-stage Cluster Sample
Varicella,2 Doses (or disease history),States,Alaska,2013-14,92.5,10222,9.3,†,NULL,Stratified  2-stage cluster sample
Varicella,2 Doses (or disease history),States,Minnesota,2013-14,92.6,72087,98.5,‡,NULL,Census
Varicella,2 Doses (or disease history),States,Michigan,2013-14,93,120297,100,*,NULL,Census
Varicella,2 Doses (or disease history),States,Florida,2013-14,93.2,233797,100,≥. *. §,NULL,Census
Varicella,2 Doses (or disease history),States,New Mexico,2013-14,93.4,30725,2.7,‡,NULL,Stratified  2-stage cluster sample
Varicella,2 Doses (or disease history),States,Nevada,2013-14,93.6,35782,3.1,NULL,NULL,Stratified  2-stage cluster sample
Varicella,2 Doses (or disease history),States,Massachusetts,2013-14,93.9,79894,97.9,‡,NULL,Census
Varicella,2 Doses (or disease history),States,Georgia,2013-14,94,143988,100,≥. *,NULL,Census
Varicella,2 Doses (or disease history),States,Missouri,2013-14,94.6,78140,100,*,NULL,Census
Varicella,2 Doses (or disease history),States,Arkansas,2015-16,90.6,40258,95.6,‡,NULL,Census (public); Voluntary response (private)
Varicella,2 Doses (or disease history),States,Ohio,2015-16,91.5,144604,93.7,NULL,NULL,Census (public); Voluntary response (private)
Varicella,2 Doses (or disease history),States,Kentucky,2015-16,91.6,54353,99.5,‡.§,NULL,Census
Varicella,2 Doses (or disease history),States,Iowa,2015-16,91.8,41215,100,≥.*,NULL,Census
Varicella,2 Doses (or disease history),States,Vermont,2015-16,91.9,6366,100,*,NULL,Census
Varicella,2 Doses (or disease history),States,Utah,2013-14,NReq,54779,100,*,NULL,Census
Varicella,2 Doses (or disease history),States,Colorado,2013-14,81.7,69904,0.5,NULL,NULL,Random Sample
Varicella,2 Doses (or disease history),States,Pennsylvania,2013-14,84,151253,100,*. ‡,NULL,Census
Varicella,2 Doses (or disease history),States,Arkansas,2013-14,85.4,42649,96.3,NULL,NULL,Census
Varicella,2 Doses (or disease history),States,Kansas,2013-14,85.5,41107,29,†. ‡,NULL,Stratified 1-stage sample (Public); Census (Private)
Varicella,2 Doses (or disease history),States,Idaho,2013-14,86.5,23934,100,*,NULL,Census
Varicella,2 Doses (or disease history),States,Washington,2013-14,88.4,89165,88.5,NULL,NULL,Voluntary response
Varicella,2 Doses (or disease history),States,North Dakota,2013-14,89.4,9780,96.1,NULL,NULL,Census (Public); Stratified  2-stage cluster sample(Private)
Varicella,2 Doses (or disease history),States,Vermont,2013-14,89.4,6771,100,*,NULL,Census
Varicella,2 Doses (or disease history),States,Indiana,2013-14,90.2,87193,70.3,NULL,NULL,Voluntary response
Varicella,2 Doses (or disease history),States,Iowa,2013-14,91,43728,94.6,≥,NULL,Census
Varicella,2 Doses (or disease history),States,Wisconsin,2013-14,91.2,71363,2.8,‡,NULL,Stratified  2-stage cluster sample
Varicella,2 Doses (or disease history),States,Virginia,2013-14,91.3,105692,4.1,NULL,NULL,2-stage cluster  sample
Varicella,2 Doses (or disease history),States,Kentucky,2013-14,91.9,57857,100,*,NULL,Census
Varicella,2 Doses (or disease history),States,Florida,2014-15,93.3,228982,100,≥. *. §,NULL,Census
Varicella,2 Doses (or disease history),States,Michigan,2014-15,93.9,117963,100,*,NULL,Census
Varicella,2 Doses (or disease history),States,Georgia,2014-15,94,139471,100,≥. *,NULL,Census
Varicella,2 Doses (or disease history),States,Massachusetts,2014-15,94.1,74869,100,*. ‡,NULL,Census
Varicella,2 Doses (or disease history),States,Tennessee,2014-15,95.1,78276,100,≥. *,NULL,Census
Varicella,2 Doses (or disease history),States,Illinois,2014-15,95.3,156942,100,*,NULL,Census
Varicella,2 Doses (or disease history),States,Wisconsin,2016-17,92.8,67607,2.2,†.‡.§,NULL,Stratified 2-stage cluster sample
Varicella,2 Doses (or disease history),States,Virginia,2016-17,92.7,102357,4,†,NULL,Stratified 2-stage cluster sample
Varicella,2 Doses (or disease history),States,West Virginia,2016-17,92.6,28666,66.5,§,NULL,Census (public). voluntary response (private)
Varicella,2 Doses (or disease history),States,Iowa,2016-17,92.6,39587,100,≥.*,NULL,Census
Varicella,2 Doses (or disease history),States,Vermont,2016-17,92.5,6344,100,*,NULL,Census
Varicella,2 Doses (or disease history),States,Minnesota,2016-17,92.3,69140,96.7,§,NULL,Census
Varicella,2 Doses (or disease history),States,South Carolina,2014-15,95.4,62864,12.2,NULL,NULL,Stratified 1-stage cluster sample
Varicella,2 Doses (or disease history),States,Nebraska,2014-15,95.8,26665,100,*. ‡,NULL,Census
Varicella,2 Doses (or disease history),States,New York,2014-15,96.4,237045,100,*. ‡,NULL,Census
Varicella,2 Doses (or disease history),States,Wyoming,2014-15,96.5,7983,97.9,¶,NULL,Census
Varicella,2 Doses (or disease history),States,Louisiana,2014-15,96.7,60377,100,*,NULL,Census
Varicella,2 Doses (or disease history),States,South Dakota,2014-15,96.8,12008,100,*,NULL,Census
Varicella,2 Doses (or disease history),States,Connecticut,2014-15,96.8,39948,100,*,NULL,Census
Varicella,2 Doses (or disease history),States,Texas,2014-15,97,406099,98.3,‡,NULL,Census (public); Voluntary response (private)
Varicella,2 Doses (or disease history),States,West Virginia,2014-15,97,22016,81.3,NULL,NULL,Voluntary response
Varicella,2 Doses (or disease history),States,New Mexico,2014-15,97.2,29918,3.3,†,NULL,Stratified 2-stage cluster sample
Varicella,2 Doses (or disease history),States,Delaware,2014-15,97.7,11476,7.9,NULL,NULL,Stratified 2-stage cluster sample
Varicella,2 Doses (or disease history),States,Maryland,2014-15,98.8,75391,90.2,‡,NULL,Census (public); Voluntary response (private)
Varicella,2 Doses (or disease history),States,Mississippi,2014-15,99.2,44129,100,≥. *,NULL,Census
Varicella,2 Doses (or disease history),States,Maine,2014-15,NReq,13704,88.9,‡,NULL,Voluntary response (public); Census (private)
Varicella,2 Doses (or disease history),States,Hawaii,2014-15,NReq,20085,5.6,NULL,NULL,Stratified 2-stage cluster sample
Varicella,2 Doses (or disease history),States,Alaska,2014-15,91.6,10129,7.8,†,NULL,Stratified 2-stage cluster sample
Varicella,2 Doses (or disease history),States,Iowa,2014-15,91.9,43239,96.3,≥,NULL,Census
Varicella,2 Doses (or disease history),States,Pennsylvania,2014-15,92,146378,98.3,‡,NULL,Census
Varicella,2 Doses (or disease history),States,Kentucky,2014-15,92.3,57884,97.2,‡,NULL,Census
Varicella,2 Doses (or disease history),States,Minnesota,2014-15,92.7,70896,97.8,NULL,NULL,Census
Varicella,2 Doses (or disease history),States,Nevada,2014-15,92.9,36755,2.8,NULL,NULL,Stratified 2-stage cluster sample
Varicella,2 Doses (or disease history),States,Georgia,2015-16,94.6,131403,100,≥.*,NULL,Census
Varicella,2 Doses (or disease history),States,New York,2015-16,94.8,232521,100,*,NULL,Census
Varicella,2 Doses (or disease history),States,Utah,2015-16,94.8,50114,100,*,NULL,Census
Varicella,2 Doses (or disease history),States,Michigan,2015-16,95.2,116299,100,*,NULL,Census
Varicella,2 Doses (or disease history),States,South Dakota,2015-16,95.2,12181,100,*,NULL,Census
Varicella,2 Doses (or disease history),States,Missouri,2015-16,95.4,74413,100,*.§,NULL,Census
Varicella,2 Doses (or disease history),States,Illinois,2015-16,95.5,151309,100,*,NULL,Census
Varicella,2 Doses (or disease history),States,New Mexico,2015-16,95.8,29049,2.7,†,NULL,Stratified 2-stage cluster sample
Varicella,2 Doses (or disease history),States,Massachusetts,2015-16,95.8,72897,100,*.‡,NULL,Census
Varicella,2 Doses (or disease history),States,Rhode Island,2015-16,96,11165,100,*.‡.§,NULL,Census
Varicella,2 Doses (or disease history),States,South Carolina,2015-16,96.2,59240,8.9,NULL,NULL,Stratified 1-stage cluster sample
Varicella,2 Doses (or disease history),States,Pennsylvania,2015-16,96.5,143298,93.2,NULL,NULL,Census (public); Voluntary response (private)
Varicella,2 Doses (or disease history),States,Wyoming,2015-16,96.5,7825,74,§.¶,NULL,Voluntary response
Varicella,2 Doses (or disease history),States,Connecticut,2015-16,96.6,39533,100,*,NULL,Census
Varicella,2 Doses (or disease history),States,Delaware,2018-19,97.6,10798,9.5,NULL,NULL,Stratified 2-stage cluster sample
Varicella,2 Doses (or disease history),States,Maryland,2018-19,97.1,71431,100,‡,NULL,Census
Varicella,2 Doses (or disease history),States,Rhode Island,2018-19,97,10964,100,*.‡.§,NULL,Census
Varicella,2 Doses (or disease history),States,New York,2018-19,96.7,220495,100,*,NULL,Census
Varicella,2 Doses (or disease history),States,Texas,2018-19,96.5,390034,99.4,‡.§,NULL,Census
Varicella,2 Doses (or disease history),States,Massachusetts,2018-19,96.5,65279,100,*.‡,NULL,Census
Varicella,2 Doses (or disease history),States,Nebraska,2018-19,96.3,26925,98.6,‡.‡‡,NULL,Census
Varicella,2 Doses (or disease history),States,Maryland,2015-16,99.2,72012,94.3,‡,NULL,Census (public); Voluntary response (private)
Varicella,2 Doses (or disease history),States,Mississippi,2015-16,99.4,41042,100,≥.*,NULL,Census
Varicella,2 Doses (or disease history),States,Alabama,2015-16,NReq,60392,100,≥.*,NULL,Census
Varicella,2 Doses (or disease history),States,New Jersey,2015-16,NReq,110116,100,≥.*,NULL,Census
Varicella,2 Doses (or disease history),States,Oklahoma,2015-16,NReq,54335,96.1,‡,NULL,Census
Varicella,2 Doses (or disease history),States,Oregon,2015-16,NReq,45531,100,*.‡,NULL,Census
Varicella,2 Doses (or disease history),States,Arizona,2015-16,NReq,83088,100,*,NULL,Census
Varicella,2 Doses (or disease history),States,California,2015-16,NReq,593788,92.8,‡,NULL,Census
Varicella,2 Doses (or disease history),States,Hawaii,2015-16,NReq,16325,6.7,NULL,NULL,Stratified 2-stage cluster sample
Varicella,2 Doses (or disease history),States,Maine,2015-16,NReq,13526,90.5,NULL,NULL,Census
Varicella,2 Doses (or disease history),States,Colorado,2015-16,85.7,69137,0.5,NULL,NULL,Simple random sample
Varicella,2 Doses (or disease history),States,Kansas,2015-16,87.9,39555,21,†.‡.§,NULL,Stratified 2-stage cluster sample
Varicella,2 Doses (or disease history),States,Indiana,2015-16,88,83525,69.5,NULL,NULL,Voluntary response
Varicella,2 Doses (or disease history),States,District of Columbia,2015-16,88.1,8080,100,*,NULL,Census
Varicella,2 Doses (or disease history),States,Idaho,2015-16,89.1,22686,100,*,NULL,Census
Varicella,2 Doses (or disease history),States,Washington,2015-16,89.4,86492,97.3,§,NULL,Census
Varicella,2 Doses (or disease history),States,North Dakota,2015-16,90.4,9875,97.1,NULL,NULL,Census
Varicella,2 Doses (or disease history),States,Connecticut,2016-17,96.5,39002,100,*,NULL,Census
Varicella,2 Doses (or disease history),States,North Carolina,2016-17,95.9,126454,88.2,‡.§,NULL,Voluntary response
Varicella,2 Doses (or disease history),States,Nebraska,2016-17,95.8,27117,100,*.‡.‡‡,NULL,Census
Varicella,2 Doses (or disease history),States,South Carolina,2016-17,95.7,59177,8.9,NULL,NULL,Stratified 1-stage cluster sample
Varicella,2 Doses (or disease history),States,Massachusetts,2016-17,95.7,70109,100,*.‡,NULL,Census
Varicella,2 Doses (or disease history),States,South Dakota,2016-17,95.4,12106,99.8,NULL,NULL,Census
Varicella,2 Doses (or disease history),States,Michigan,2016-17,95.3,118777,100,*,NULL,Census
Varicella,2 Doses (or disease history),States,Missouri,2016-17,95.1,73355,100,*,NULL,Census
Varicella,2 Doses (or disease history),States,Rhode Island,2016-17,94.8,11100,98.4,‡.§,NULL,Census
Varicella,2 Doses (or disease history),States,Utah,2016-17,94.6,49073,100,*,NULL,Census
Varicella,2 Doses (or disease history),States,New Mexico,2016-17,94.6,27119,4.5,NULL,NULL,Stratified 2-stage cluster sample
Varicella,2 Doses (or disease history),States,Pennsylvania,2016-17,94.6,143888,84.4,NULL,NULL,Voluntary response
Varicella,2 Doses (or disease history),States,Illinois,2016-17,94.5,151309,97.7,NULL,NULL,Census
Varicella,2 Doses (or disease history),States,Florida,2016-17,94.1,224463,100,≥.*.§,NULL,Census
Varicella,2 Doses (or disease history),States,North Dakota,2016-17,93.5,9799,98.7,NULL,NULL,Census
Varicella,2 Doses (or disease history),States,Georgia,2016-17,93.3,136165,100,≥.*,NULL,Census
Varicella,2 Doses (or disease history),States,Montana,2016-17,92.9,11956,100,*,NULL,Census
Varicella,2 Doses (or disease history),States,New Mexico,2017-18,94.5,26896,99.6,NULL,NULL,Stratified 2-stage cluster sample
Varicella,2 Doses (or disease history),States,Michigan,2017-18,94.7,119028,100,*,NULL,Census
Varicella,2 Doses (or disease history),States,Illinois,2017-18,94.8,144858,100,*,NULL,Census
Varicella,2 Doses (or disease history),States,Missouri,2017-18,95,73113,100,*,NULL,Census
Varicella,2 Doses (or disease history),States,Nebraska,2017-18,95.5,26313,98.6,‡.‡‡,NULL,Census
Varicella,2 Doses (or disease history),States,Louisiana,2017-18,95.6,58277,100,*,NULL,Census
Varicella,2 Doses (or disease history),States,South Dakota,2017-18,95.8,12125,99.9,NULL,NULL,Census
Varicella,2 Doses (or disease history),States,Ohio,2016-17,91.9,137542,95.5,NULL,NULL,Census
Varicella,2 Doses (or disease history),States,Arkansas,2016-17,91.7,39666,75.9,‡,NULL,Voluntary response
Varicella,2 Doses (or disease history),States,New Hampshire,2016-17,91.5,12145,100,≥.*,NULL,Census
Varicella,2 Doses (or disease history),States,Nevada,2016-17,90.5,36885,3.7,NULL,NULL,Stratified 2-stage cluster sample
Varicella,2 Doses (or disease history),States,Kentucky,2016-17,90.4,51487,92.9,‡.§,NULL,Census
Varicella,2 Doses (or disease history),States,Washington,2016-17,89.3,87142,98.2,§,NULL,Census
Varicella,2 Doses (or disease history),States,Idaho,2016-17,89.1,22589,100,*,NULL,Census
Varicella,2 Doses (or disease history),States,Alaska,2016-17,88.9,9815,7.6,†.§,NULL,Stratified 2-stage cluster sample
Varicella,2 Doses (or disease history),States,Kansas,2016-17,88.8,38298,22.9,†.‡.§,NULL,Stratified 2-stage cluster sample
Varicella,2 Doses (or disease history),States,Indiana,2016-17,87.9,83263,80.3,NULL,NULL,Voluntary response
Varicella,2 Doses (or disease history),States,Colorado,2016-17,86.1,64440,100,*,NULL,Census
Varicella,2 Doses (or disease history),States,Wyoming,2016-17,NA,NULL,NULL,NULL,NULL,Not conducted
Varicella,2 Doses (or disease history),States,North Dakota,2017-18,93.9,10365,99.4,NULL,NULL,Census
Varicella,2 Doses (or disease history),States,Indiana,2014-15,90.1,85477,70.1,NULL,NULL,Voluntary response
Varicella,2 Doses (or disease history),States,Virginia,2014-15,90.4,103821,4.1,NULL,NULL,Stratified 2-stage cluster sample
Varicella,2 Doses (or disease history),States,Vermont,2014-15,90.5,6277,100,*,NULL,Census
Varicella,2 Doses (or disease history),States,Wisconsin,2014-15,90.9,69335,2.5,‡,NULL,Stratified 2-stage cluster sample
Varicella,2 Doses (or disease history),States,Ohio,2014-15,91.2,149080,91,NULL,NULL,Census (public); Voluntary response (private)
Varicella,2 Doses (or disease history),States,New Hampshire,2014-15,91.4,12422,98.9,≥,NULL,Census (public); Voluntary response (private)
Varicella,2 Doses (or disease history),States,Ohio,2017-18,91.5,138753,94.9,NULL,NULL,Census
Varicella,2 Doses (or disease history),States,Arkansas,2017-18,91.6,39630,95.4,‡,NULL,Census
Varicella,2 Doses (or disease history),States,Montana,2017-18,91.6,12188,100,*,NULL,Census
Varicella,2 Doses (or disease history),States,Kentucky,2017-18,91.7,55152,99,‡.§,NULL,Census
Varicella,2 Doses (or disease history),States,Minnesota,2017-18,92.2,69807,98.1,§,NULL,Census
Varicella,2 Doses (or disease history),States,New Hampshire,2017-18,92.4,12165,100,≥,NULL,Census
Varicella,2 Doses (or disease history),States,Nevada,2017-18,92.6,37178,4.8,NULL,NULL,Stratified 2-stage cluster sample
Varicella,2 Doses (or disease history),States,Iowa,2017-18,93,39632,100,≥.*,NULL,Census
Varicella,2 Doses (or disease history),States,Vermont,2017-18,93.2,6255,100,*,NULL,Census
Varicella,2 Doses (or disease history),States,Virginia,2017-18,93.3,100581,4.4,†,NULL,Stratified 2-stage cluster sample
Varicella,2 Doses (or disease history),States,Georgia,2017-18,93.4,131459,100,≥.*,NULL,Census
Varicella,2 Doses (or disease history),States,Utah,2017-18,93.7,48827,100,*,NULL,Census
Varicella,2 Doses (or disease history),States,Florida,2017-18,93.7,222397,100,≥.*.§,NULL,Census
Varicella,2 Doses (or disease history),States,Mississippi,2018-19,99.2,37775,100,≥.*,NULL,Census
Varicella,2 Doses (or disease history),States,West Virginia,2018-19,98.5,19442,79.3,¶,NULL,Voluntary response
Varicella,2 Doses (or disease history),States,Arkansas,2018-19,93.8,39257,95.4,‡,NULL,Census (public). voluntary response (private)
Varicella,2 Doses (or disease history),States,North Dakota,2018-19,93.8,10382,99.4,NULL,NULL,Census
Varicella,2 Doses (or disease history),States,Virginia,2018-19,93.6,100394,4.4,†,NULL,Stratified 2-stage cluster sample
Varicella,2 Doses (or disease history),States,Georgia,2018-19,93.6,131275,100,≥.*,NULL,Census
Varicella,2 Doses (or disease history),States,South Carolina,2018-19,93.5,58442,27,NULL,NULL,Stratified 1-stage cluster sample
Varicella,2 Doses (or disease history),States,Indiana,2018-19,93.5,82324,96.4,NULL,NULL,Census
Varicella,2 Doses (or disease history),States,Iowa,2018-19,93.3,40624,100,≥.*,NULL,Census
Varicella,2 Doses (or disease history),States,Tennessee,2018-19,96.2,78630,100,*.§,NULL,Census
Varicella,2 Doses (or disease history),States,Pennsylvania,2018-19,95.8,143560,93.3,NULL,NULL,Census (public). voluntary response (private)
Varicella,2 Doses (or disease history),States,New Mexico,2018-19,95.7,25269,99.6,NULL,NULL,Census
Varicella,2 Doses (or disease history),States,New Hampshire,2015-16,91.9,11852,99.8,≥,NULL,Census
Varicella,2 Doses (or disease history),States,Minnesota,2015-16,92.3,69710,97.8,§,NULL,Census
Varicella,2 Doses (or disease history),States,Wisconsin,2015-16,92.5,70220,2,‡.§,NULL,Stratified 2-stage cluster sample
Varicella,2 Doses (or disease history),States,Alaska,2015-16,92.6,9937,7.8,†.§,NULL,Stratified 2-stage cluster sample
Varicella,2 Doses (or disease history),States,Nevada,2015-16,93.4,37118,3.3,NULL,NULL,Stratified 2-stage cluster sample
Varicella,2 Doses (or disease history),States,Tennessee,2015-16,93.5,79233,100,*.§,NULL,Census
Varicella,2 Doses (or disease history),States,Montana,2015-16,93.6,11484,100,*,NULL,Census
Varicella,2 Doses (or disease history),States,Florida,2015-16,93.7,224430,100,≥.*.§,NULL,Census
Varicella,2 Doses (or disease history),States,Virginia,2015-16,93.7,100074,4.3,†.§,NULL,Stratified 2-stage cluster sample
Varicella,2 Doses (or disease history),States,West Virginia,2015-16,94.3,21333,87.6,NULL,NULL,Voluntary response
Varicella,2 Doses (or disease history),States,Mississippi,2016-17,99.4,40509,100,≥.*,NULL,Census
Varicella,2 Doses (or disease history),States,Delaware,2016-17,98.2,11490,9.3,NULL,NULL,Stratified 2-stage cluster sample
Varicella,2 Doses (or disease history),States,Maryland,2016-17,97.6,71467,98.1,‡,NULL,Census
Varicella,2 Doses (or disease history),States,New York,2016-17,96.9,227050,100,*,NULL,Census
Varicella,2 Doses (or disease history),States,Tennessee,2016-17,96.7,78169,100,*.§,NULL,Census
Varicella,2 Doses (or disease history),States,Texas,2016-17,96.6,389999,99,‡.§,NULL,Census
Varicella,2 Doses (or disease history),States,Louisiana,2016-17,96.5,55257,100,*,NULL,Census
Varicella,2 Doses (or disease history),States,South Dakota,2019-20,95.2,12367,99.8,NULL,NULL,Census
Varicella,2 Doses (or disease history),States,North Carolina,2019-20,95.3,124548,97.8,‡.§,NULL,Census
Varicella,2 Doses (or disease history),States,Nebraska,2019-20,95.6,26893,96.7,‡.‡‡,NULL,Census
Varicella,2 Doses (or disease history),States,Connecticut,2019-20,95.9,38888,100,*,NULL,Census
Varicella,2 Doses (or disease history),States,California,2019-20,96.1,566155,97.9,‡,NULL,Census
Varicella,2 Doses (or disease history),States,Pennsylvania,2019-20,96.3,140197,98.8,NULL,NULL,Census
Varicella,2 Doses (or disease history),States,Texas,2019-20,96.4,398680,99.6,‡.§,NULL,Census
Varicella,2 Doses (or disease history),States,Illinois,2019-20,96.4,145891,100,*,NULL,Census
Varicella,2 Doses (or disease history),States,Tennessee,2019-20,96.5,80595,100,*.§,NULL,Census
Varicella,2 Doses (or disease history),States,New Mexico,2019-20,96.7,23087,100,*,NULL,Census
Varicella,2 Doses (or disease history),States,Rhode Island,2019-20,97,11219,98.5,*.‡.§,NULL,Census
Varicella,2 Doses (or disease history),States,Massachusetts,2019-20,97,66756,100,*.‡,NULL,Census
Varicella,2 Doses (or disease history),States,Maryland,2019-20,97.5,72443,98.3,‡,NULL,Census (public). voluntary response (private)
Varicella,2 Doses (or disease history),States,West Virginia,2019-20,97.8,17114,49.6,¶,NULL,Voluntary response
Varicella,2 Doses (or disease history),States,Utah,2019-20,92.4,49208,100,*,NULL,Census
Varicella,2 Doses (or disease history),States,Kentucky,2019-20,92.5,59233,92.9,‡.§,NULL,Census
Varicella,2 Doses (or disease history),States,Washington,2019-20,92.7,87757,91.9,§,NULL,Census
Varicella,2 Doses (or disease history),States,Georgia,2019-20,93.1,130102,100,≥.*,NULL,Census
Varicella,2 Doses (or disease history),States,Montana,2019-20,93.2,12501,100,*,NULL,Census
Varicella,2 Doses (or disease history),States,Iowa,2019-20,93.2,40812,100,≥.*,NULL,Census
Varicella,2 Doses (or disease history),States,Virginia,2019-20,93.3,99399,1.2,†,NULL,Stratified 2-stage cluster sample
Varicella,2 Doses (or disease history),States,Florida,2019-20,93.5,228298,100,≥.*.§,NULL,Census
Varicella,2 Doses (or disease history),States,Massachusetts,2017-18,96,63377,100,*.‡,NULL,Census
Varicella,2 Doses (or disease history),States,Rhode Island,2017-18,96,11025,100,*.‡.§,NULL,Census
Varicella,2 Doses (or disease history),States,South Carolina,2017-18,96.1,58458,27,NULL,NULL,Stratified 1-stage cluster sample
Varicella,2 Doses (or disease history),States,Connecticut,2017-18,96.3,39174,100,*,NULL,Census
Varicella,2 Doses (or disease history),States,Texas,2017-18,96.4,387981,99.4,‡.§,NULL,Census
Varicella,2 Doses (or disease history),States,Delaware,2017-18,96.7,10988,9.5,NULL,NULL,Stratified 2-stage cluster sample
Varicella,2 Doses (or disease history),States,Tennessee,2017-18,96.8,78743,100,*.§,NULL,Census
Varicella,2 Doses (or disease history),States,North Carolina,2017-18,96.8,127197,90.9,‡.§,NULL,Census
Varicella,2 Doses (or disease history),States,New York,2017-18,96.9,226456,100,*,NULL,Census
Varicella,2 Doses (or disease history),States,Pennsylvania,2017-18,97,141571,93.3,NULL,NULL,Voluntary response
Varicella,2 Doses (or disease history),States,Maryland,2017-18,97.5,68528,98.5,‡,NULL,Census
Varicella,2 Doses (or disease history),States,West Virginia,2017-18,98.1,19519,79.3,¶,NULL,Voluntary response
Varicella,2 Doses (or disease history),States,Mississippi,2017-18,99.4,39284,100,≥.*,NULL,Census
Varicella,2 Doses (or disease history),States,Wyoming,2017-18,NA,NULL,NULL,NULL,NULL,Not conducted
Varicella,2 Doses (or disease history),States,Colorado,2017-18,87.7,65718,100,*,NULL,Census
Varicella,2 Doses (or disease history),States,Kansas,2017-18,88.3,38484,23.1,†.‡.§,NULL,Stratified 2-stage cluster sample
Varicella,2 Doses (or disease history),States,Idaho,2017-18,88.6,22553,99,NULL,NULL,Census
Varicella,2 Doses (or disease history),States,Washington,2017-18,89.4,85118,96.9,§,NULL,Census
Varicella,2 Doses (or disease history),States,Indiana,2017-18,90.2,84296,96.4,NULL,NULL,Voluntary Response
Varicella,2 Doses (or disease history),States,Wisconsin,2017-18,91.2,66178,2.3,†.‡.§,NULL,Stratified 2-stage cluster sample
Varicella,2 Doses (or disease history),States,Alaska,2017-18,91.3,9692,84.4,†.§,NULL,Stratified 2-stage cluster sample
Varicella,2 Doses (or disease history),States,South Dakota,2020-21,94,11512,99.9,NULL,NULL,Census
Varicella,2 Doses (or disease history),States,Virginia,2020-21,94.1,88273,2,†,NULL,Stratified 2-stage cluster sample
Varicella,2 Doses (or disease history),States,South Carolina,2020-21,94.2,56330,26.5,†,NULL,Stratified 1-stage cluster sample
Varicella,2 Doses (or disease history),States,Connecticut,2018-19,95.7,38230,100,*,NULL,Census
Varicella,2 Doses (or disease history),States,South Dakota,2018-19,95.5,12062,99.9,NULL,NULL,Census
Varicella,2 Doses (or disease history),States,Louisiana,2018-19,95.4,56203,100,*,NULL,Census
Varicella,2 Doses (or disease history),States,Nevada,2018-19,94.7,37971,4.8,NULL,NULL,Stratified 2-stage cluster sample
Varicella,2 Doses (or disease history),States,Wyoming,2018-19,94.7,7734,100,*,NULL,Census
Varicella,2 Doses (or disease history),States,Missouri,2018-19,94.5,72687,100,*,NULL,Census
Varicella,2 Doses (or disease history),States,Illinois,2018-19,94.4,143876,100,*,NULL,Census
Varicella,2 Doses (or disease history),States,Michigan,2018-19,94.3,118632,100,*,NULL,Census
Varicella,2 Doses (or disease history),States,Florida,2018-19,93.8,224641,100,≥.*.§,NULL,Census
"DTP, DTaP, or DT",,States,Rhode Island,2014-15,96.1,11163,98.9,‡,NULL,Census
"DTP, DTaP, or DT",,States,Missouri,2014-15,96,75900,100,*,NULL,Census
"DTP, DTaP, or DT",,States,Maine,2014-15,95.4,13704,88.9,‡,NULL,Voluntary response (public); Census (private)
"DTP, DTaP, or DT",,States,Tennessee,2014-15,95.1,78276,100,≥. *,NULL,Census
"DTP, DTaP, or DT",,States,Michigan,2014-15,95.1,117963,100,*,NULL,Census
"DTP, DTaP, or DT",,States,Illinois,2014-15,94.9,156942,100,*,NULL,Census
"DTP, DTaP, or DT",,States,Montana,2014-15,94.6,12501,95.7,NULL,NULL,Census (public); Voluntary response (private)
"DTP, DTaP, or DT",,States,Kentucky,2014-15,94.4,57884,97.2,‡,NULL,Census
"DTP, DTaP, or DT",,States,Arizona,2014-15,94.3,86153,98.3,NULL,NULL,Census
Varicella,2 Doses (or disease history),States,North Carolina,2018-19,93.1,124343,90.9,‡.§,NULL,Census (public). voluntary response (private)
Varicella,2 Doses (or disease history),States,Montana,2018-19,92.9,12480,100,*,NULL,Census
Varicella,2 Doses (or disease history),States,Kentucky,2018-19,92.8,55587,99,‡.§,NULL,Census
Varicella,2 Doses (or disease history),States,Utah,2018-19,92.5,50179,100,*,NULL,Census
Varicella,2 Doses (or disease history),States,Vermont,2018-19,92.3,6126,100,*,NULL,Census
Varicella,2 Doses (or disease history),States,Minnesota,2018-19,92,70085,98.1,§,NULL,Census
Varicella,2 Doses (or disease history),States,New Hampshire,2018-19,91.8,12421,100,≥,NULL,Census
Varicella,2 Doses (or disease history),States,Wisconsin,2018-19,91.6,66344,2.3,†.‡.§,NULL,Stratified 2-stage cluster sample
Varicella,2 Doses (or disease history),States,Ohio,2018-19,91.2,139679,94.9,NULL,NULL,Census (public). voluntary response (private)
Varicella,2 Doses (or disease history),States,Washington,2018-19,89.7,87510,96.9,§,NULL,Census
Varicella,2 Doses (or disease history),States,Kansas,2018-19,89.2,37838,23.1,†.‡.§,NULL,Stratified 2-stage cluster sample
Varicella,2 Doses (or disease history),States,Idaho,2018-19,88.3,22995,99,NULL,NULL,Census
Varicella,2 Doses (or disease history),States,Colorado,2018-19,86.5,64191,100,*,NULL,Census
Varicella,2 Doses (or disease history),States,Arkansas,2019-20,93.9,39510,96.2,‡,NULL,Census (public). voluntary response (private)
Varicella,2 Doses (or disease history),States,Indiana,2019-20,94,88253,65.7,NULL,NULL,Voluntary response
Varicella,2 Doses (or disease history),States,Missouri,2019-20,94.2,72324,100,*,NULL,Census
Varicella,2 Doses (or disease history),States,Michigan,2019-20,94.4,120565,100,*,NULL,Census
Varicella,2 Doses (or disease history),States,South Carolina,2019-20,94.5,65938,27.5,†,NULL,Stratified 1-stage cluster sample
Varicella,2 Doses (or disease history),States,Nevada,2019-20,94.6,37724,99.9,NULL,NULL,Census
Varicella,2 Doses (or disease history),States,North Dakota,2019-20,94.8,10587,99.5,NULL,NULL,Census
Varicella,2 Doses (or disease history),States,Louisiana,2019-20,95,59685,100,*,NULL,Census
Varicella,2 Doses (or disease history),States,Delaware,2019-20,NA,NULL,NULL,NULL,NULL,Not Conducted
Varicella,2 Doses (or disease history),States,Oregon,2019-20,NReq,45959,100,*.‡,NULL,Census
Varicella,2 Doses (or disease history),States,Hawaii,2019-20,70.2,15695,8.9,NULL,NULL,Stratified 2-stage cluster sample
Varicella,2 Doses (or disease history),States,Wyoming,2019-20,85.6,7913,100,*,NULL,Census
Varicella,2 Doses (or disease history),States,Idaho,2019-20,88.5,23301,98.5,NULL,NULL,Census
Varicella,2 Doses (or disease history),States,Kansas,2019-20,89.1,37865,34.3,†.‡.§,NULL,Stratified 2-stage cluster sample
Varicella,2 Doses (or disease history),States,Colorado,2019-20,90.1,69088,98.2,NULL,NULL,Census
Varicella,2 Doses (or disease history),States,New Hampshire,2019-20,91.5,12447,100,≥.*,NULL,Census
Varicella,2 Doses (or disease history),States,Wisconsin,2019-20,91.6,67391,2.6,†.‡.§,NULL,Stratified 2-stage cluster sample
Varicella,2 Doses (or disease history),States,Ohio,2019-20,91.9,139103,98.8,NULL,NULL,Census
Varicella,2 Doses (or disease history),States,Minnesota,2019-20,92,71223,98.7,§,NULL,Census
"DTP, DTaP, or DT",,States,Vermont,2014-15,93.2,6277,100,*,NULL,Census
"DTP, DTaP, or DT",,States,Nevada,2014-15,93.2,36755,2.8,NULL,NULL,Stratified 2-stage cluster sample
"DTP, DTaP, or DT",,States,Florida,2014-15,93.3,228982,100,≥. *. §,NULL,Census
"DTP, DTaP, or DT",,States,Alabama,2014-15,93.5,59660,100,≥. *,NULL,Census
"DTP, DTaP, or DT",,States,Minnesota,2014-15,93.7,70896,97.8,NULL,NULL,Census
"DTP, DTaP, or DT",,States,Utah,2014-15,93.8,50916,100,*,NULL,Census
"DTP, DTaP, or DT",,States,Oregon,2014-15,93.8,46229,100,*.‡,NULL,Census
"DTP, DTaP, or DT",,States,Georgia,2014-15,94,139471,100,≥. *,NULL,Census
"DTP, DTaP, or DT",,States,Pennsylvania,2014-15,NReq,146378,98.3,||. ‡,NULL,Census
Varicella,2 Doses (or disease history),States,Vermont,2019-20,93.9,6293,100,*,NULL,Census
Varicella,2 Doses (or disease history),States,Tennessee,2020-21,96.4,73819,100,*.§,NULL,Census
Varicella,2 Doses (or disease history),States,Nevada,2020-21,95.8,34171,94.7,NULL,NULL,Census (public). voluntary response (private)
Varicella,2 Doses (or disease history),States,Massachusetts,2020-21,95.4,60724,100,*.‡,NULL,Census
Varicella,2 Doses (or disease history),States,Delaware,2020-21,95.3,10587,9.2,NULL,NULL,Stratified 2-stage cluster sample
Varicella,2 Doses (or disease history),States,Ohio,2020-21,88.7,128535,91.1,NULL,NULL,Census (public). voluntary response (private)
Varicella,2 Doses (or disease history),States,Minnesota,2020-21,89,66007,95.2,NULL,NULL,Census
Varicella,2 Doses (or disease history),States,Colorado,2020-21,89.4,63619,97.3,NULL,NULL,Census
Varicella,2 Doses (or disease history),States,Wyoming,2020-21,90.2,6923,100,>=.*,NULL,Census
Varicella,2 Doses (or disease history),States,New Hampshire,2020-21,90.8,10242,57,>=. §,NULL,Voluntary response
Varicella,2 Doses (or disease history),States,Utah,2020-21,91.2,46247,100,*,NULL,Census
Varicella,2 Doses (or disease history),States,Kansas,2020-21,91.8,34687,32.7,†.‡.§,NULL,Stratified 2-stage cluster sample
Varicella,2 Doses (or disease history),States,Montana,2020-21,91.9,11279,100,*,NULL,Census
Varicella,2 Doses (or disease history),States,Missouri,2020-21,92.1,63093,100,*,NULL,Census
Varicella,2 Doses (or disease history),States,Arkansas,2020-21,92.8,37540,95.6,‡,NULL,Census (public). voluntary response (private)
Varicella,2 Doses (or disease history),States,Indiana,2020-21,92.8,78694,71.4,§,NULL,Voluntary response
Varicella,2 Doses (or disease history),States,North Dakota,2020-21,93.2,10116,99.1,NULL,NULL,Census
Varicella,2 Doses (or disease history),States,Washington,2020-21,93.2,74931,100,§,NULL,Census
Varicella,2 Doses (or disease history),States,Louisiana,2020-21,93.2,61912,100,*,NULL,Census
Varicella,2 Doses (or disease history),States,Florida,2020-21,93.3,207026,100,>=.*,NULL,Census
Varicella,2 Doses (or disease history),States,Vermont,2020-21,93.3,5535,100,*,NULL,Census
Varicella,2 Doses (or disease history),States,Iowa,2020-21,93.4,39141,100,>=.*,NULL,Census
"DTP, DTaP, or DT",,States,Virginia,2014-15,97.4,103821,4.1,NULL,NULL,Stratified 2-stage cluster sample
"DTP, DTaP, or DT",,States,Texas,2014-15,97.2,406099,98.3,‡,NULL,Census (public); Voluntary response (private)
"DTP, DTaP, or DT",,States,South Dakota,2014-15,97.2,12008,100,*,NULL,Census
"DTP, DTaP, or DT",,States,South Carolina,2014-15,97.2,62864,12.2,NULL,NULL,Stratified 1-stage cluster sample
"DTP, DTaP, or DT",,States,Connecticut,2014-15,97,39948,100,*,NULL,Census
"DTP, DTaP, or DT",,States,Wyoming,2014-15,96.7,7983,97.9,¶,NULL,Census
"DTP, DTaP, or DT",,States,North Carolina,2014-15,96.5,129792,95,NULL,NULL,Census (public). Voluntary response (private)
"DTP, DTaP, or DT",,States,Wisconsin,2014-15,96.5,69335,2.5,‡,NULL,Stratified 2-stage cluster sample
"DTP, DTaP, or DT",,States,New Mexico,2014-15,96.4,29918,3.3,†,NULL,Stratified 2-stage cluster sample
"DTP, DTaP, or DT",,States,Nebraska,2014-15,96.4,26665,100,*. ‡,NULL,Census
"DTP, DTaP, or DT",,States,New York,2015-16,94.1,232521,100,*,NULL,Census
"DTP, DTaP, or DT",,States,Nevada,2015-16,94.2,37118,3.3,NULL,NULL,Stratified 2-stage cluster sample
"DTP, DTaP, or DT",,States,California,2015-16,94.2,593788,92.8,‡,NULL,Census
"DTP, DTaP, or DT",,States,Arizona,2015-16,94.2,83088,100,*,NULL,Census
"DTP, DTaP, or DT",,States,Georgia,2015-16,94.6,131403,100,≥.*,NULL,Census
"DTP, DTaP, or DT",,States,New Mexico,2016-17,94.8,27119,4.5,NULL,NULL,Stratified 2-stage cluster sample
"DTP, DTaP, or DT",,States,Illinois,2016-17,95,151309,97.7,NULL,NULL,Census
"DTP, DTaP, or DT",,States,Missouri,2016-17,95.5,73355,100,*,NULL,Census
"DTP, DTaP, or DT",,States,Rhode Island,2016-17,95.6,11100,98.4,‡.§,NULL,Census
"DTP, DTaP, or DT",,States,West Virginia,2016-17,95.7,28666,66.5,§,NULL,Census (public). voluntary response (private)
"DTP, DTaP, or DT",,States,Idaho,2013-14,88,23934,100,*,NULL,Census
"DTP, DTaP, or DT",,States,North Dakota,2013-14,90.2,9780,96.1,NULL,NULL,Census (Public); Stratified  2-stage cluster sample(Private)
"DTP, DTaP, or DT",,States,Oklahoma,2013-14,96.1,57377,71.3,NULL,NULL,Voluntary response
"DTP, DTaP, or DT",,States,Ohio,2013-14,96.1,150000,92.5,NULL,NULL,Census
"DTP, DTaP, or DT",,States,Rhode Island,2013-14,96,11521,99.1,‡,NULL,Census
"DTP, DTaP, or DT",,States,Alaska,2013-14,96,10222,9.3,†,NULL,Stratified  2-stage cluster sample
"DTP, DTaP, or DT",,States,Missouri,2013-14,96,78140,100,*,NULL,Census
"DTP, DTaP, or DT",,States,Illinois,2013-14,95,163316,100,*,NULL,Census
"DTP, DTaP, or DT",,States,Tennessee,2013-14,94.9,80212,99.8,≥,NULL,Census
"DTP, DTaP, or DT",,States,Mississippi,2014-15,99.2,44129,100,≥. *,NULL,Census
"DTP, DTaP, or DT",,States,North Carolina,2013-14,NA,126084,97.7,NULL,NULL,Census
"DTP, DTaP, or DT",,States,Colorado,2013-14,80.9,69904,0.5,NULL,NULL,Random Sample
"DTP, DTaP, or DT",,States,Indiana,2013-14,81.8,87193,70.3,NULL,NULL,Voluntary response
"DTP, DTaP, or DT",,States,Arkansas,2013-14,83.3,42649,96.3,NULL,NULL,Census
"DTP, DTaP, or DT",,States,Kansas,2013-14,87.6,41107,29,†. ‡,NULL,Stratified 1-stage sample  (Public);  Census (Private)
Varicella,2 Doses (or disease history),States,New York,2019-20,98.1,234165,99.9,NULL,NULL,Census
Varicella,2 Doses (or disease history),States,Mississippi,2019-20,99.1,37870,100,≥.*,NULL,Census
Varicella,2 Doses (or disease history),States,New Jersey,2019-20,NReq,107900,100,≥.*,NULL,Census
Varicella,2 Doses (or disease history),States,Alabama,2019-20,NReq,59477,94.9,≥,NULL,Census
Varicella,2 Doses (or disease history),States,Alaska,2019-20,NR,10381,82.7,§,NULL,Voluntary response
Varicella,2 Doses (or disease history),States,Maine,2019-20,NReq,13450,99.6,NULL,NULL,Census
Varicella,2 Doses (or disease history),States,Arizona,2019-20,NReq,83976,98.7,NULL,NULL,Census (public). voluntary response (private)
Varicella,2 Doses (or disease history),States,Oklahoma,2019-20,NReq,55348,85.6,§,NULL,Voluntary response
Varicella,2 Doses (or disease history),States,District of Columbia,2019-20,NA,NULL,NULL,NULL,NULL,Not Conducted
"DTP, DTaP, or DT",,States,New Hampshire,2014-15,91.4,12422,98.9,≥,NULL,Census (public); Voluntary response (private)
"DTP, DTaP, or DT",,States,Iowa,2014-15,91.9,43239,96.3,≥,NULL,Census
"DTP, DTaP, or DT",,States,Ohio,2014-15,92.2,149080,91,NULL,NULL,Census (public); Voluntary response (private)
"DTP, DTaP, or DT",,States,New Jersey,2014-15,92.3,120471,93.9,≥. ‡,NULL,Census (public); Voluntary response (private)
"DTP, DTaP, or DT",,States,California,2014-15,92.4,552583,96.9,‡,NULL,Census
"DTP, DTaP, or DT",,States,Alaska,2014-15,92.7,10129,7.8,†,NULL,Stratified 2-stage cluster sample
"DTP, DTaP, or DT",,States,Indiana,2014-15,92.7,85477,70.1,NULL,NULL,Voluntary response
"DTP, DTaP, or DT",,States,Massachusetts,2014-15,92.9,74869,100,*. ‡,NULL,Census
"DTP, DTaP, or DT",,States,South Dakota,2017-18,95.9,12125,99.9,NULL,NULL,Census
"DTP, DTaP, or DT",,States,New Jersey,2017-18,96.1,107630,100,≥.*,NULL,Census
"DTP, DTaP, or DT",,States,Rhode Island,2017-18,96.2,11025,100,*.‡.§,NULL,Census
"DTP, DTaP, or DT",,States,California,2017-18,96.4,574702,100,‡,NULL,Census
"DTP, DTaP, or DT",,States,Massachusetts,2017-18,96.4,63377,100,*.‡,NULL,Census
"DTP, DTaP, or DT",,States,Wisconsin,2017-18,96.5,66178,2.3,†.‡.§,NULL,Stratified 2-stage cluster sample
"DTP, DTaP, or DT",,States,Connecticut,2017-18,96.5,39174,100,*,NULL,Census
"DTP, DTaP, or DT",,States,South Carolina,2017-18,96.6,58458,27,NULL,NULL,Stratified 1-stage cluster sample
"DTP, DTaP, or DT",,States,Tennessee,2017-18,96.7,78743,100,*.§,NULL,Census
"DTP, DTaP, or DT",,States,Nebraska,2017-18,96.7,26313,98.6,‡.‡‡,NULL,Census
"DTP, DTaP, or DT",,States,Texas,2017-18,96.8,387981,99.4,‡.§,NULL,Census
"DTP, DTaP, or DT",,States,North Carolina,2017-18,96.8,127197,90.9,‡.§,NULL,Census
"DTP, DTaP, or DT",,States,New Mexico,2015-16,94.7,29049,2.7,†,NULL,Stratified 2-stage cluster sample
"DTP, DTaP, or DT",,States,West Virginia,2015-16,94.8,21333,87.6,NULL,NULL,Voluntary response
"DTP, DTaP, or DT",,States,Massachusetts,2015-16,94.9,72897,100,*.‡,NULL,Census
"DTP, DTaP, or DT",,States,Illinois,2015-16,95,151309,100,*,NULL,Census
"DTP, DTaP, or DT",,States,Missouri,2015-16,95.6,74413,100,*.§,NULL,Census
"DTP, DTaP, or DT",,States,Michigan,2015-16,95.9,116299,100,*,NULL,Census
"DTP, DTaP, or DT",,States,Oklahoma,2015-16,96.1,54335,96.1,‡,NULL,Census
"DTP, DTaP, or DT",,States,Maine,2015-16,96.1,13526,90.5,NULL,NULL,Census
"DTP, DTaP, or DT",,States,New Jersey,2015-16,96.3,110116,100,≥.*,NULL,Census
"DTP, DTaP, or DT",,States,South Dakota,2015-16,96.4,12181,100,*,NULL,Census
"DTP, DTaP, or DT",,States,Wyoming,2015-16,96.6,7825,74,§.¶,NULL,Voluntary response
"DTP, DTaP, or DT",,States,Rhode Island,2015-16,96.8,11165,100,*.‡.§,NULL,Census
"DTP, DTaP, or DT",,States,Nebraska,2015-16,96.8,30409,100,*.‡,NULL,Census
"DTP, DTaP, or DT",,States,Wisconsin,2015-16,96.9,70220,2,‡.§,NULL,Stratified 2-stage cluster sample
"DTP, DTaP, or DT",,States,Connecticut,2015-16,97,39533,100,*,NULL,Census
"DTP, DTaP, or DT",,States,South Carolina,2015-16,97,59240,8.9,NULL,NULL,Stratified 1-stage cluster sample
"DTP, DTaP, or DT",,States,North Carolina,2015-16,97.1,128290,92,‡.§,NULL,Census (public). Voluntary response (private)
"DTP, DTaP, or DT",,States,Texas,2015-16,97.4,394801,98.7,‡.§,NULL,Census (public); Voluntary response (private)
"DTP, DTaP, or DT",,States,Delaware,2015-16,98,11589,9.5,NULL,NULL,Stratified 2-stage cluster sample
"DTP, DTaP, or DT",,States,Louisiana,2015-16,98.3,59159,100,*,NULL,Census
"DTP, DTaP, or DT",,States,Virginia,2015-16,98.3,100074,4.3,†.§,NULL,Stratified 2-stage cluster sample
"DTP, DTaP, or DT",,States,Mississippi,2015-16,99.4,41042,100,≥.*,NULL,Census
"DTP, DTaP, or DT",,States,Louisiana,2014-15,98.3,60377,100,*,NULL,Census
"DTP, DTaP, or DT",,States,Delaware,2014-15,97.7,11476,7.9,NULL,NULL,Stratified 2-stage cluster sample
"DTP, DTaP, or DT",,States,West Virginia,2014-15,97.6,22016,81.3,NULL,NULL,Voluntary response
"DTP, DTaP, or DT",,States,New York,2014-15,97.5,237045,100,*.‡,NULL,Census
"DTP, DTaP, or DT",,States,Florida,2015-16,93.7,224430,100,≥.*.§,NULL,Census
"DTP, DTaP, or DT",,States,Hawaii,2015-16,93.8,16325,6.7,NULL,NULL,Stratified 2-stage cluster sample
"DTP, DTaP, or DT",,States,Kentucky,2015-16,93.9,54353,99.5,‡.§,NULL,Census
"DTP, DTaP, or DT",,States,Montana,2015-16,94,11484,100,*,NULL,Census
"DTP, DTaP, or DT",,States,Nevada,2018-19,95,37971,4.8,NULL,NULL,Stratified 2-stage cluster sample
"DTP, DTaP, or DT",,States,Wyoming,2018-19,95.3,7734,100,*,NULL,Census
"DTP, DTaP, or DT",,States,South Dakota,2018-19,95.8,12062,99.9,NULL,NULL,Census
"DTP, DTaP, or DT",,States,New Mexico,2018-19,96,25269,99.6,NULL,NULL,Census
"DTP, DTaP, or DT",,States,California,2018-19,96,568947,97.7,‡,NULL,Census
"DTP, DTaP, or DT",,States,Connecticut,2018-19,96.1,38230,100,*,NULL,Census
"DTP, DTaP, or DT",,States,Wisconsin,2018-19,96.2,66344,2.3,†.‡.§,NULL,Stratified 2-stage cluster sample
"DTP, DTaP, or DT",,States,Tennessee,2018-19,96.2,78630,100,*.§,NULL,Census
"DTP, DTaP, or DT",,States,Pennsylvania,2018-19,96.6,143560,93.3,NULL,NULL,Census (public). voluntary response (private)
"DTP, DTaP, or DT",,States,New York,2018-19,96.7,220495,100,*,NULL,Census
"DTP, DTaP, or DT",,States,Texas,2018-19,96.7,390034,99.4,‡.§,NULL,Census
"DTP, DTaP, or DT",,States,Michigan,2016-17,95.8,118777,100,*,NULL,Census
"DTP, DTaP, or DT",,States,North Carolina,2016-17,96.1,126454,88.2,‡.§,NULL,Voluntary response
"DTP, DTaP, or DT",,States,Massachusetts,2016-17,96.1,70109,100,*.‡,NULL,Census
"DTP, DTaP, or DT",,States,South Carolina,2016-17,96.2,59177,8.9,NULL,NULL,Stratified 1-stage cluster sample
"DTP, DTaP, or DT",,States,Maine,2016-17,96.3,13834,90.1,NULL,NULL,Voluntary response (public). census (private)
"DTP, DTaP, or DT",,States,South Dakota,2016-17,96.4,12106,99.8,NULL,NULL,Census
"DTP, DTaP, or DT",,States,New Jersey,2016-17,96.5,109577,100,≥.*,NULL,Census
"DTP, DTaP, or DT",,States,Wisconsin,2016-17,96.6,67607,2.2,†.‡.§,NULL,Stratified 2-stage cluster sample
"DTP, DTaP, or DT",,States,Connecticut,2016-17,96.7,39002,100,*,NULL,Census
"DTP, DTaP, or DT",,States,Tennessee,2016-17,96.8,78169,100,*.§,NULL,Census
"DTP, DTaP, or DT",,States,New York,2016-17,96.9,227050,100,*,NULL,Census
"DTP, DTaP, or DT",,States,California,2016-17,96.9,575305,97.8,‡,NULL,Census
"DTP, DTaP, or DT",,States,Texas,2016-17,97.2,389999,99,‡.§,NULL,Census
"DTP, DTaP, or DT",,States,Nebraska,2016-17,97.2,27117,100,*.‡.‡‡,NULL,Census
"DTP, DTaP, or DT",,States,Louisiana,2016-17,98,55257,100,*,NULL,Census
"DTP, DTaP, or DT",,States,Virginia,2016-17,98.2,102357,4,†,NULL,Stratified 2-stage cluster sample
"DTP, DTaP, or DT",,States,Maryland,2016-17,98.2,71467,98.1,‡,NULL,Census
"DTP, DTaP, or DT",,States,Delaware,2016-17,98.7,11490,9.3,NULL,NULL,Stratified 2-stage cluster sample
"DTP, DTaP, or DT",,States,Maryland,2014-15,99.6,75391,90.2,‡,NULL,Census (public); Voluntary response (private)
"DTP, DTaP, or DT",,States,Hawaii,2014-15,NA,20085,5.6,NULL,NULL,Stratified 2-stage cluster sample
"DTP, DTaP, or DT",,States,Colorado,2014-15,84.3,70597,0.5,NULL,NULL,Simple random sample
"DTP, DTaP, or DT",,States,Arkansas,2014-15,85.6,41252,95.9,‡,NULL,Census (public); Voluntary response (private)
"DTP, DTaP, or DT",,States,Idaho,2014-15,89.4,22968,100,*,NULL,Census
"DTP, DTaP, or DT",,States,Kansas,2014-15,89.6,39685,24.5,†.‡,NULL,Stratified 2-stage cluster sample
"DTP, DTaP, or DT",,States,North Dakota,2014-15,89.6,10017,99.9,NULL,NULL,Census
"DTP, DTaP, or DT",,States,District of Columbia,2014-15,89.8,7840,100,*,NULL,Census
"DTP, DTaP, or DT",,States,Oklahoma,2014-15,90,56967,95.9,‡,NULL,Census
"DTP, DTaP, or DT",,States,Washington,2014-15,90.7,88809,96.7,NULL,NULL,Census (public); Voluntary response (private)
"DTP, DTaP, or DT",,States,Michigan,2017-18,95.3,119028,100,*,NULL,Census
"DTP, DTaP, or DT",,States,Missouri,2017-18,95.3,73113,100,*,NULL,Census
"DTP, DTaP, or DT",,States,Hawaii,2017-18,95.4,16325,6.6,NULL,NULL,Stratified 2-stage cluster sample
"DTP, DTaP, or DT",,States,Tennessee,2019-20,96.4,80595,100,*.§,NULL,Census
"DTP, DTaP, or DT",,States,Indiana,2017-18,94.3,84296,96.4,NULL,NULL,Voluntary Response
"DTP, DTaP, or DT",,States,North Dakota,2017-18,94.1,10365,99.4,NULL,NULL,Census
"DTP, DTaP, or DT",,States,Vermont,2017-18,94,6255,100,*,NULL,Census
"DTP, DTaP, or DT",,States,Oklahoma,2017-18,93.9,53898,92.1,§,NULL,Census (public). voluntary response (private)
"DTP, DTaP, or DT",,States,Kentucky,2017-18,93.7,55152,99,‡.§,NULL,Census
"DTP, DTaP, or DT",,States,Florida,2017-18,93.7,222397,100,≥.*.§,NULL,Census
"DTP, DTaP, or DT",,States,Arizona,2017-18,93.5,81710,100,*,NULL,Census
"DTP, DTaP, or DT",,States,Georgia,2017-18,93.4,131459,100,≥.*,NULL,Census
"DTP, DTaP, or DT",,States,Utah,2017-18,93.2,48827,100,*,NULL,Census
"DTP, DTaP, or DT",,States,New York,2017-18,96.9,226456,100,*,NULL,Census
"DTP, DTaP, or DT",,States,Delaware,2017-18,96.9,10988,9.5,NULL,NULL,Stratified 2-stage cluster sample
"DTP, DTaP, or DT",,States,Pennsylvania,2017-18,97,141571,93.3,NULL,NULL,Voluntary response
"DTP, DTaP, or DT",,States,Louisiana,2017-18,97.7,58277,100,*,NULL,Census
"DTP, DTaP, or DT",,States,Maryland,2017-18,97.9,68528,98.5,‡,NULL,Census
"DTP, DTaP, or DT",,States,West Virginia,2017-18,98,19519,79.3,¶,NULL,Voluntary response
"DTP, DTaP, or DT",,States,Virginia,2017-18,98.2,100581,4.4,†,NULL,Stratified 2-stage cluster sample
"DTP, DTaP, or DT",,States,Mississippi,2017-18,99.4,39284,100,≥.*,NULL,Census
"DTP, DTaP, or DT",,States,New Mexico,2017-18,94.9,26896,99.6,NULL,NULL,Stratified 2-stage cluster sample
"DTP, DTaP, or DT",,States,Maryland,2015-16,99.6,72012,94.3,‡,NULL,Census (public); Voluntary response (private)
"DTP, DTaP, or DT",,States,Pennsylvania,2015-16,NReq,143298,93.2,||,NULL,Census (public); Voluntary response (private)
"DTP, DTaP, or DT",,States,Colorado,2015-16,86.6,69137,0.5,NULL,NULL,Simple random sample
"DTP, DTaP, or DT",,States,District of Columbia,2015-16,88.2,8080,100,*,NULL,Census
"DTP, DTaP, or DT",,States,Arkansas,2015-16,88.2,40258,95.6,‡,NULL,Census (public); Voluntary response (private)
"DTP, DTaP, or DT",,States,Kansas,2015-16,89.4,39555,21,†.‡.§,NULL,Stratified 2-stage cluster sample
"DTP, DTaP, or DT",,States,Idaho,2015-16,89.8,22686,100,*,NULL,Census
"DTP, DTaP, or DT",,States,North Dakota,2015-16,90.8,9875,97.1,NULL,NULL,Census
"DTP, DTaP, or DT",,States,Washington,2015-16,91.1,86492,97.3,§,NULL,Census
"DTP, DTaP, or DT",,States,Iowa,2015-16,91.8,41215,100,≥.*,NULL,Census
"DTP, DTaP, or DT",,States,New Hampshire,2015-16,91.9,11852,99.8,≥,NULL,Census
"DTP, DTaP, or DT",,States,Ohio,2015-16,92.1,144604,93.7,NULL,NULL,Census (public); Voluntary response (private)
"DTP, DTaP, or DT",,States,Indiana,2015-16,92.6,83525,69.5,NULL,NULL,Voluntary response
"DTP, DTaP, or DT",,States,Alaska,2015-16,92.8,9937,7.8,†.§,NULL,Stratified 2-stage cluster sample
"DTP, DTaP, or DT",,States,Minnesota,2015-16,93,69710,97.8,§,NULL,Census
"DTP, DTaP, or DT",,States,Alabama,2015-16,93.1,60392,100,≥.*,NULL,Census
"DTP, DTaP, or DT",,States,Oregon,2015-16,93.5,45531,100,*.‡,NULL,Census
"DTP, DTaP, or DT",,States,Tennessee,2015-16,93.5,79233,100,*.§,NULL,Census
"DTP, DTaP, or DT",,States,Vermont,2015-16,93.6,6366,100,*,NULL,Census
"DTP, DTaP, or DT",,States,Utah,2015-16,93.7,50114,100,*,NULL,Census
"DTP, DTaP, or DT",,States,Missouri,2018-19,94.8,72687,100,*,NULL,Census
"DTP, DTaP, or DT",,States,Michigan,2018-19,94.8,118632,100,*,NULL,Census
"DTP, DTaP, or DT",,States,New Jersey,2018-19,95,109161,100,≥.*,NULL,Census
"DTP, DTaP, or DT",,States,Utah,2018-19,92.4,50179,100,*,NULL,Census
"DTP, DTaP, or DT",,States,Oregon,2018-19,92.4,45870,100,*.‡,NULL,Census
"DTP, DTaP, or DT",,States,Minnesota,2018-19,92.5,70085,98.1,§,NULL,Census
"DTP, DTaP, or DT",,States,Mississippi,2018-19,99.2,37775,100,≥.*,NULL,Census
"DTP, DTaP, or DT",,States,West Virginia,2018-19,98.7,19442,79.3,¶,NULL,Voluntary response
"DTP, DTaP, or DT",,States,Virginia,2018-19,98,100394,4.4,†,NULL,Stratified 2-stage cluster sample
"DTP, DTaP, or DT",,States,Delaware,2018-19,97.8,10798,9.5,NULL,NULL,Stratified 2-stage cluster sample
"DTP, DTaP, or DT",,States,Louisiana,2018-19,97.7,56203,100,*,NULL,Census
"DTP, DTaP, or DT",,States,Maryland,2018-19,97.7,71431,100,‡,NULL,Census
"DTP, DTaP, or DT",,States,Mississippi,2016-17,99.4,40509,100,≥.*,NULL,Census
"DTP, DTaP, or DT",,States,Florida,2016-17,94.1,224463,100,≥.*.§,NULL,Census
"DTP, DTaP, or DT",,States,Montana,2016-17,93.9,11956,100,*,NULL,Census
"DTP, DTaP, or DT",,States,Arizona,2016-17,93.9,83627,100,*,NULL,Census
"DTP, DTaP, or DT",,States,Alabama,2016-17,93.8,58394,100,≥.*,NULL,Census
"DTP, DTaP, or DT",,States,North Dakota,2016-17,93.8,9799,98.7,NULL,NULL,Census
"DTP, DTaP, or DT",,States,Utah,2016-17,93.7,49073,100,*,NULL,Census
"DTP, DTaP, or DT",,States,Vermont,2016-17,93.5,6344,100,*,NULL,Census
"DTP, DTaP, or DT",,States,Hawaii,2016-17,93.3,16325,6.7,NULL,NULL,Stratified 2-stage cluster sample
"DTP, DTaP, or DT",,States,Georgia,2016-17,93.3,136165,100,≥.*,NULL,Census
"DTP, DTaP, or DT",,States,Minnesota,2016-17,93.2,69140,96.7,§,NULL,Census
"DTP, DTaP, or DT",,States,Oregon,2016-17,93.2,45705,100,*.‡,NULL,Census
"DTP, DTaP, or DT",,States,Iowa,2016-17,92.6,39587,100,≥.*,NULL,Census
"DTP, DTaP, or DT",,States,Kentucky,2016-17,92.5,51487,92.9,‡.§,NULL,Census
"DTP, DTaP, or DT",,States,Ohio,2016-17,92.4,137542,95.5,NULL,NULL,Census
"DTP, DTaP, or DT",,States,Indiana,2016-17,92.1,83263,80.3,NULL,NULL,Voluntary response
"DTP, DTaP, or DT",,States,New Hampshire,2016-17,91.5,12145,100,≥.*,NULL,Census
"DTP, DTaP, or DT",,States,Washington,2016-17,90.8,87142,98.2,§,NULL,Census
"DTP, DTaP, or DT",,States,Nevada,2016-17,90,36885,3.7,NULL,NULL,Stratified 2-stage cluster sample
"DTP, DTaP, or DT",,States,Idaho,2016-17,89.8,22589,100,*,NULL,Census
"DTP, DTaP, or DT",,States,Arkansas,2016-17,89.2,39666,75.9,‡,NULL,Voluntary response
"DTP, DTaP, or DT",,States,Alaska,2016-17,89.1,9815,7.6,†.§,NULL,Stratified 2-stage cluster sample
"DTP, DTaP, or DT",,States,Kansas,2016-17,88.7,38298,22.9,†.‡.§,NULL,Stratified 2-stage cluster sample
"DTP, DTaP, or DT",,States,Colorado,2016-17,86.8,64440,100,*,NULL,Census
"DTP, DTaP, or DT",,States,Oklahoma,2016-17,NA,52184,0,‡.¶,NULL,Census
"DTP, DTaP, or DT",,States,Pennsylvania,2016-17,NReq,143888,84.4,||,NULL,Voluntary response
"DTP, DTaP, or DT",,States,Wyoming,2016-17,NA,NULL,NULL,NULL,NULL,Not conducted
"DTP, DTaP, or DT",,States,Illinois,2017-18,95.3,144858,100,*,NULL,Census
"DTP, DTaP, or DT",,States,Maine,2017-18,95.3,13255,95.9,NULL,NULL,Census
"DTP, DTaP, or DT",,States,South Dakota,2019-20,95.9,12367,99.8,NULL,NULL,Census
"DTP, DTaP, or DT",,States,New Jersey,2019-20,95.9,107900,100,≥.*,NULL,Census
"DTP, DTaP, or DT",,States,Connecticut,2019-20,96.2,38888,100,*,NULL,Census
"DTP, DTaP, or DT",,States,California,2019-20,96.2,566155,97.9,‡,NULL,Census
"DTP, DTaP, or DT",,States,Nevada,2020-21,95.4,34171,94.7,NULL,NULL,Census (public). voluntary response (private)
"DTP, DTaP, or DT",,States,Connecticut,2020-21,95.3,34396,100,*,NULL,Census
"DTP, DTaP, or DT",,States,North Carolina,2020-21,95.2,120995,89,‡.§,NULL,Census (public). voluntary response (private)
"DTP, DTaP, or DT",,States,Texas,2020-21,95,377840,98.9,‡.§,NULL,Census
"DTP, DTaP, or DT",,States,South Carolina,2020-21,95,56330,26.5,†,NULL,Stratified 1-stage cluster sample
"DTP, DTaP, or DT",,States,Delaware,2020-21,94.9,10587,9.2,NULL,NULL,Stratified 2-stage cluster sample
"DTP, DTaP, or DT",,States,California,2020-21,94.7,498214,97.5,‡,NULL,Census
"DTP, DTaP, or DT",,States,Alabama,2020-21,94.7,56974,100,>=. *,NULL,Census
"DTP, DTaP, or DT",,States,Iowa,2017-18,93,39632,100,≥.*,NULL,Census
"DTP, DTaP, or DT",,States,Minnesota,2017-18,92.8,69807,98.1,§,NULL,Census
"DTP, DTaP, or DT",,States,Alabama,2017-18,92.7,57245,100,≥.*,NULL,Census
"DTP, DTaP, or DT",,States,Montana,2017-18,92.6,12188,100,*,NULL,Census
"DTP, DTaP, or DT",,States,Nevada,2017-18,92.6,37178,4.8,NULL,NULL,Stratified 2-stage cluster sample
"DTP, DTaP, or DT",,States,Oregon,2017-18,92.4,45818,100,*.‡,NULL,Census
"DTP, DTaP, or DT",,States,New Hampshire,2017-18,92.4,12165,100,≥,NULL,Census
"DTP, DTaP, or DT",,States,Ohio,2017-18,92.1,138753,94.9,NULL,NULL,Census
"DTP, DTaP, or DT",,States,Arkansas,2017-18,91.3,39630,95.4,‡,NULL,Census
"DTP, DTaP, or DT",,States,Alaska,2017-18,91.1,9692,84.4,†.§,NULL,Stratified 2-stage cluster sample
"DTP, DTaP, or DT",,States,Washington,2017-18,90.7,85118,96.9,§,NULL,Census
"DTP, DTaP, or DT",,States,Kansas,2017-18,89.5,38484,23.1,†.‡.§,NULL,Stratified 2-stage cluster sample
"DTP, DTaP, or DT",,States,Idaho,2017-18,89.3,22553,99,NULL,NULL,Census
"DTP, DTaP, or DT",,States,Colorado,2017-18,88.6,65718,100,*,NULL,Census
"DTP, DTaP, or DT",,States,Wyoming,2017-18,NA,NULL,NULL,NULL,NULL,Not conducted
"DTP, DTaP, or DT",,States,Arizona,2018-19,92.7,79981,100,*,NULL,Census
"DTP, DTaP, or DT",,States,Oklahoma,2018-19,92.7,54806,92.1,§,NULL,Census (public). voluntary response (private)
"DTP, DTaP, or DT",,States,Vermont,2018-19,92.9,6126,100,*,NULL,Census
"DTP, DTaP, or DT",,States,Montana,2018-19,93,12480,100,*,NULL,Census
"DTP, DTaP, or DT",,States,North Carolina,2018-19,93.2,124343,90.9,‡.§,NULL,Census (public). voluntary response (private)
"DTP, DTaP, or DT",,States,Iowa,2018-19,93.3,40624,100,≥.*,NULL,Census
"DTP, DTaP, or DT",,States,Arkansas,2018-19,93.4,39257,95.4,‡,NULL,Census (public). voluntary response (private)
"DTP, DTaP, or DT",,States,Georgia,2018-19,93.6,131275,100,≥.*,NULL,Census
"DTP, DTaP, or DT",,States,North Dakota,2018-19,93.6,10382,99.4,NULL,NULL,Census
"DTP, DTaP, or DT",,States,Florida,2018-19,93.8,224641,100,≥.*.§,NULL,Census
"DTP, DTaP, or DT",,States,Kentucky,2018-19,94.1,55587,99,‡.§,NULL,Census
"DTP, DTaP, or DT",,States,Indiana,2018-19,94.4,82324,96.4,NULL,NULL,Census
"DTP, DTaP, or DT",,States,Maine,2018-19,94.5,13419,95.9,NULL,NULL,Census
"DTP, DTaP, or DT",,States,South Carolina,2018-19,94.6,58442,27,NULL,NULL,Stratified 1-stage cluster sample
"DTP, DTaP, or DT",,States,Illinois,2018-19,94.7,143876,100,*,NULL,Census
"DTP, DTaP, or DT",,States,Kansas,2018-19,91,37838,23.1,†.‡.§,NULL,Stratified 2-stage cluster sample
"DTP, DTaP, or DT",,States,New Hampshire,2018-19,91.8,12421,100,≥,NULL,Census
"DTP, DTaP, or DT",,States,Ohio,2018-19,91.9,139679,94.9,NULL,NULL,Census (public). voluntary response (private)
"DTP, DTaP, or DT",,States,Hawaii,2018-19,92.4,16051,6.7,NULL,NULL,Stratified 2-stage cluster sample
"DTP, DTaP, or DT",,States,Arkansas,2021-22,91.3,39358,96.3,NULL,NULL,"Census (pub.), vol. response (pvt.)"
"DTP, DTaP, or DT",,States,Oklahoma,2021-22,91.1,54042,84.3,‡,NULL,Vol. response
"DTP, DTaP, or DT",,States,South Carolina,2021-22,91,58276,27.2,†,NULL,1-stage cluster sample
"DTP, DTaP, or DT",,States,Iowa,2021-22,90.6,40111,100,>=. *,NULL,Census
"DTP, DTaP, or DT",,States,Arizona,2021-22,90.5,83463,97,NULL,NULL,Census
"DTP, DTaP, or DT",,States,Kansas,2021-22,90,36526,29.5,†. ‡. §,NULL,Stratified 1-stage cluster sample
"DTP, DTaP, or DT",,States,Utah,2021-22,89.6,48995,100,*,NULL,Census
"DTP, DTaP, or DT",,States,Colorado,2021-22,89.1,66900,97.5,NULL,NULL,Census
"DTP, DTaP, or DT",,States,Rhode Island,2018-19,97.4,10964,100,*.‡.§,NULL,Census
"DTP, DTaP, or DT",,States,Nebraska,2018-19,97.4,26925,98.6,‡.‡‡,NULL,Census
"DTP, DTaP, or DT",,States,North Dakota,2019-20,94.4,10587,99.5,NULL,NULL,Census
"DTP, DTaP, or DT",,States,Wisconsin,2019-20,94.5,67391,2.6,†.‡.§,NULL,Stratified 2-stage cluster sample
"DTP, DTaP, or DT",,States,Missouri,2019-20,94.5,72324,100,*,NULL,Census
"DTP, DTaP, or DT",,States,Michigan,2019-20,94.7,120565,100,*,NULL,Census
"DTP, DTaP, or DT",,States,Wyoming,2019-20,94.4,7913,100,*,NULL,Census
"DTP, DTaP, or DT",,States,Vermont,2019-20,94.1,6293,100,*,NULL,Census
"DTP, DTaP, or DT",,States,Maine,2019-20,94.1,13450,99.6,NULL,NULL,Census
"DTP, DTaP, or DT",,States,Nevada,2019-20,94,37724,99.9,NULL,NULL,Census
"DTP, DTaP, or DT",,States,Oklahoma,2019-20,93.9,55348,85.6,§,NULL,Voluntary response
"DTP, DTaP, or DT",,States,Florida,2019-20,93.5,228298,100,≥.*.§,NULL,Census
"DTP, DTaP, or DT",,States,Kentucky,2019-20,93.3,59233,92.9,‡.§,NULL,Census
"DTP, DTaP, or DT",,States,Iowa,2019-20,93.2,40812,100,≥.*,NULL,Census
"DTP, DTaP, or DT",,States,Arkansas,2019-20,93.2,39510,96.2,‡,NULL,Census (public). voluntary response (private)
"DTP, DTaP, or DT",,States,Montana,2019-20,93.2,12501,100,*,NULL,Census
"DTP, DTaP, or DT",,States,Georgia,2019-20,93.1,130102,100,≥.*,NULL,Census
"DTP, DTaP, or DT",,States,Washington,2019-20,92.8,87757,91.9,§,NULL,Census
"DTP, DTaP, or DT",,States,Colorado,2019-20,92.8,69088,98.2,NULL,NULL,Census
"DTP, DTaP, or DT",,States,Oregon,2019-20,92.6,45959,100,*.‡,NULL,Census
"DTP, DTaP, or DT",,States,Arizona,2019-20,92.6,83976,98.7,NULL,NULL,Census (public). voluntary response (private)
"DTP, DTaP, or DT",,States,Ohio,2019-20,92.3,139103,98.8,NULL,NULL,Census
"DTP, DTaP, or DT",,States,Minnesota,2019-20,92.3,71223,98.7,§,NULL,Census
"DTP, DTaP, or DT",,States,Utah,2019-20,92.2,49208,100,*,NULL,Census
"DTP, DTaP, or DT",,States,New Hampshire,2019-20,91.5,12447,100,≥.*,NULL,Census
"DTP, DTaP, or DT",,States,Hawaii,2019-20,91.1,15695,8.9,NULL,NULL,Stratified 2-stage cluster sample
"DTP, DTaP, or DT",,States,Kansas,2019-20,89.7,37865,34.3,†.‡.§,NULL,Stratified 2-stage cluster sample
"DTP, DTaP, or DT",,States,Idaho,2019-20,89,23301,98.5,NULL,NULL,Census
"DTP, DTaP, or DT",,States,South Carolina,2019-20,95.2,65938,27.5,†,NULL,Stratified 1-stage cluster sample
"DTP, DTaP, or DT",,States,North Carolina,2019-20,95.5,124548,97.8,‡.§,NULL,Census
"DTP, DTaP, or DT",,States,Alaska,2019-20,NR,10381,82.7,§,NULL,Voluntary response
"DTP, DTaP, or DT",,States,Indiana,2019-20,84,88253,65.7,NULL,NULL,Voluntary response
"DTP, DTaP, or DT",,States,Alabama,2019-20,86.6,59477,94.9,≥,NULL,Census
"DTP, DTaP, or DT",,States,Michigan,2020-21,95.4,106657,100,*,NULL,Census
"DTP, DTaP, or DT",,States,Michigan,2022-23,93.1,113678,100,*,NULL,Census
"DTP, DTaP, or DT",,States,Louisiana,2022-23,93.1,54314,100,*,NULL,Census
"DTP, DTaP, or DT",,States,Vermont,2022-23,92.8,5816,100,*,NULL,Census
"DTP, DTaP, or DT",,States,South Dakota,2022-23,92.2,12081,100,*,NULL,Census
"DTP, DTaP, or DT",,States,Nevada,2022-23,92.2,34333,89.1,NULL,NULL,"Vol. response (pub.), census (pvt.)"
"DTP, DTaP, or DT",,States,South Carolina,2022-23,92.1,58878,28.1,†,NULL,Stratified 1-stage cluster sample
"DTP, DTaP, or DT",,States,Pennsylvania,2022-23,94.3,137259,97.2,NULL,NULL,"Census (pub.), vol. response (pvt.)"
"DTP, DTaP, or DT",,States,New Jersey,2022-23,94.3,104468,100,>=. §. *,NULL,Census
"DTP, DTaP, or DT",,States,New Jersey,2020-21,94.3,100144,100,>=.*,NULL,Census
"DTP, DTaP, or DT",,States,Maine,2020-21,94,13477,85,NULL,NULL,Voluntary response (public). census (private)
"DTP, DTaP, or DT",,States,South Dakota,2020-21,93.7,11512,99.9,NULL,NULL,Census
"DTP, DTaP, or DT",,States,Vermont,2020-21,93.6,5535,100,*,NULL,Census
"DTP, DTaP, or DT",,States,Iowa,2020-21,93.4,39141,100,>=.*,NULL,Census
"DTP, DTaP, or DT",,States,West Virginia,2020-21,NR,NULL,NULL,NULL,NULL,Not Conducted
"DTP, DTaP, or DT",,States,District of Columbia,2020-21,78.5,8262,100,*,NULL,Census
"DTP, DTaP, or DT",,States,TX-City of Houston,2020-21,83.9,39627,94.9,‡.§,NULL,Census (public). voluntary response (private)
"DTP, DTaP, or DT",,States,Indiana,2020-21,83.9,78694,71.4,§,NULL,Voluntary response
"DTP, DTaP, or DT",,States,Idaho,2020-21,86.4,22677,98.3,NULL,NULL,Census
"DTP, DTaP, or DT",,States,Wisconsin,2020-21,87.2,63486,84.5,>=.†.‡.§,NULL,Voluntary response
"DTP, DTaP, or DT",,States,Georgia,2020-21,88.5,83191,100,>=.*,NULL,Census
"DTP, DTaP, or DT",,States,Ohio,2020-21,89,128535,91.1,NULL,NULL,Census (public). voluntary response (private)
"DTP, DTaP, or DT",,States,Minnesota,2020-21,89.3,66007,95.2,NULL,NULL,Census
"DTP, DTaP, or DT",,States,Kentucky,2020-21,89.4,59233,86.4,‡.§,NULL,Census (public). voluntary response (private)
"DTP, DTaP, or DT",,States,Illinois,2020-21,NR,NULL,NULL,NULL,NULL,Not Conducted
"DTP, DTaP, or DT",,States,Mississippi,2020-21,98.9,34028,100,>=.*,NULL,Census
"DTP, DTaP, or DT",,States,New York,2020-21,97.8,216804,91.5,NULL,NULL,Census (public). voluntary response (private)
"DTP, DTaP, or DT",,States,Virginia,2020-21,97.7,88273,2,†,NULL,Stratified 2-stage cluster sample
"DTP, DTaP, or DT",,States,Louisiana,2020-21,96.9,61912,100,*,NULL,Census
"DTP, DTaP, or DT",,States,Florida,2020-21,93.3,207026,100,>=.*,NULL,Census
"DTP, DTaP, or DT",,States,Washington,2020-21,93.2,74931,100,§,NULL,Census
"DTP, DTaP, or DT",,States,North Dakota,2020-21,93.1,10116,99.1,NULL,NULL,Census
"DTP, DTaP, or DT",,States,Missouri,2020-21,92.6,63093,100,*,NULL,Census
"DTP, DTaP, or DT",,States,Arkansas,2020-21,92.3,37540,95.6,‡,NULL,Census (public). voluntary response (private)
"DTP, DTaP, or DT",,States,Arizona,2020-21,92,76382,92.4,NULL,NULL,Census (public). voluntary response (private)
"DTP, DTaP, or DT",,States,Massachusetts,2018-19,97.1,65279,100,*.‡,NULL,Census
"DTP, DTaP, or DT",,States,Idaho,2018-19,88.8,22995,99,NULL,NULL,Census
"DTP, DTaP, or DT",,States,Colorado,2018-19,90.3,64191,100,*,NULL,Census
"DTP, DTaP, or DT",,States,Alabama,2018-19,90.6,77739,100,≥.*,NULL,Census
"DTP, DTaP, or DT",,States,Washington,2018-19,90.8,87510,96.9,§,NULL,Census
"DTP, DTaP, or DT",,States,Missouri,2021-22,91.5,71034,100,*,NULL,Census
"DTP, DTaP, or DT",,States,North Dakota,2021-22,91.4,10755,96.6,NULL,NULL,Census
"DTP, DTaP, or DT",,States,Washington,2021-22,91.4,87256,97.3,§,NULL,"Census (pub.), vol. response (pvt.)"
"DTP, DTaP, or DT",,States,NY-City of New York,2023-24,95.3,85360,99.3,NULL,NULL,Census
"DTP, DTaP, or DT",,States,California,2023-24,95.4,569680,100,*. ‡,NULL,Census
"DTP, DTaP, or DT",,States,Massachusetts,2023-24,96,65424,100,*. ‡,NULL,Census
"DTP, DTaP, or DT",,States,Virginia,2023-24,96.2,92633,1.9,†,NULL,Stratified 2-stage cluster sample
"DTP, DTaP, or DT",,States,New York,2023-24,96.8,200894,98.8,NULL,NULL,Census
"DTP, DTaP, or DT",,States,Maryland,2023-24,96.8,63224,100,>=. *. ‡,NULL,Census
"DTP, DTaP, or DT",,States,Rhode Island,2023-24,96.9,10539,97.8,‡. §,NULL,Census
"DTP, DTaP, or DT",,States,Minnesota,2021-22,89,69403,98.7,NULL,NULL,Census
"DTP, DTaP, or DT",,States,New Hampshire,2021-22,88.7,12157,100,>=. §. *,NULL,Census
"DTP, DTaP, or DT",,States,Indiana,2021-22,84,83198,75.1,§,NULL,Vol. response
"DTP, DTaP, or DT",,States,Kentucky,2021-22,87.1,59233,91.5,>=. ‡. §,NULL,Census
"DTP, DTaP, or DT",,States,TX-City of Houston,2021-22,88.3,40123,99.3,‡. §,NULL,Census
"DTP, DTaP, or DT",,States,Ohio,2021-22,88.5,139077,91.9,NULL,NULL,"Census (pub.), vol. response (pvt.)"
"DTP, DTaP, or DT",,States,Maryland,2021-22,88.6,53866,98.4,‡,NULL,Census
"DTP, DTaP, or DT",,States,South Dakota,2021-22,93.2,12251,100,*,NULL,Census
"DTP, DTaP, or DT",,States,Texas,2021-22,93.7,389037,99.3,‡. §,NULL,Census
"DTP, DTaP, or DT",,States,New Mexico,2021-22,94,20736,100,*,NULL,Census
"DTP, DTaP, or DT",,States,Michigan,2021-22,94.1,114251,100,*,NULL,Census
"DTP, DTaP, or DT",,States,Mississippi,2021-22,98.6,36524,100,>=. *,NULL,Census
"DTP, DTaP, or DT",,States,Virginia,2021-22,98.3,95996,2.8,†,NULL,Stratified 2-stage cluster sample
"DTP, DTaP, or DT",,States,New York,2021-22,97.3,195377,99.3,NULL,NULL,Census
"DTP, DTaP, or DT",,States,Rhode Island,2021-22,97,11002,96.9,‡. §,NULL,Census
"DTP, DTaP, or DT",,States,Nebraska,2021-22,96.6,25018,99.5,‡,NULL,Census
"DTP, DTaP, or DT",,States,West Virginia,2021-22,96.5,18070,85.5,‡. §,NULL,Vol. response
"DTP, DTaP, or DT",,States,NY-City of New York,2021-22,96.5,82938,99.8,NULL,NULL,Census
"DTP, DTaP, or DT",,States,Delaware,2021-22,96.4,11181,9.5,‡,NULL,Stratified 2-stage cluster sample
"DTP, DTaP, or DT",,States,Illinois,2019-20,96.5,145891,100,*,NULL,Census
"DTP, DTaP, or DT",,States,Texas,2019-20,96.6,398680,99.6,‡.§,NULL,Census
"DTP, DTaP, or DT",,States,New Mexico,2019-20,96.7,23087,100,*,NULL,Census
"DTP, DTaP, or DT",,States,Pennsylvania,2019-20,96.8,140197,98.8,NULL,NULL,Census
"DTP, DTaP, or DT",,States,Nebraska,2019-20,96.9,26893,96.7,‡.‡‡,NULL,Census
"DTP, DTaP, or DT",,States,Louisiana,2019-20,97.2,59685,100,*,NULL,Census
"DTP, DTaP, or DT",,States,Massachusetts,2019-20,97.2,66756,100,*.‡,NULL,Census
"DTP, DTaP, or DT",,States,Rhode Island,2019-20,97.4,11219,98.5,*.‡.§,NULL,Census
"DTP, DTaP, or DT",,States,Virginia,2019-20,97.6,99399,1.2,†,NULL,Stratified 2-stage cluster sample
"DTP, DTaP, or DT",,States,New York,2019-20,97.8,234165,99.9,NULL,NULL,Census
"DTP, DTaP, or DT",,States,Maryland,2019-20,98.2,72443,98.3,‡,NULL,Census (public). voluntary response (private)
"DTP, DTaP, or DT",,States,West Virginia,2019-20,98.8,17114,49.6,¶,NULL,Voluntary response
"DTP, DTaP, or DT",,States,Mississippi,2019-20,99.1,37870,100,≥.*,NULL,Census
"DTP, DTaP, or DT",,States,District of Columbia,2019-20,NA,NULL,NULL,NULL,NULL,Not Conducted
"DTP, DTaP, or DT",,States,Delaware,2019-20,NA,NULL,NULL,NULL,NULL,Not Conducted
"DTP, DTaP, or DT",,States,North Carolina,2022-23,93.7,125679,83.1,§. ‡,NULL,Vol. response
"DTP, DTaP, or DT",,States,North Dakota,2022-23,91.8,10554,99.4,NULL,NULL,Census
"DTP, DTaP, or DT",,States,Illinois,2022-23,91.5,135332,100,*,NULL,Census
"DTP, DTaP, or DT",,States,Missouri,2022-23,91.1,69126,100,*,NULL,Census
"DTP, DTaP, or DT",,States,Oregon,2022-23,90.9,40963,100,*. ‡,NULL,Census
"DTP, DTaP, or DT",,States,TX-City of Houston,2022-23,90.7,37664,98.8,‡. §,NULL,"Census (pub.), vol. response (pvt.)"
"DTP, DTaP, or DT",,States,Arkansas,2022-23,90.6,38358,95.8,NULL,NULL,"Census (pub.), vol. response (pvt.)"
"DTP, DTaP, or DT",,States,Kentucky,2022-23,90.6,54742,96.9,>=. ‡. §,NULL,Census
"DTP, DTaP, or DT",,States,New Mexico,2022-23,94.7,21068,100,*,NULL,Census
"DTP, DTaP, or DT",,States,Tennessee,2022-23,94.8,79692,100,§. *,NULL,Census
"DTP, DTaP, or DT",,States,California,2022-23,95.6,541132,100,‡,NULL,Census
"DTP, DTaP, or DT",,States,West Virginia,2022-23,95.6,19175,86.1,>=. ‡. §,NULL,"Vol. response (pub.), census (pvt.)"
"DTP, DTaP, or DT",,States,Nebraska,2022-23,95.7,23176,100,*. ‡,NULL,Census
"DTP, DTaP, or DT",,States,Massachusetts,2022-23,96.2,66041,100,*. ‡,NULL,Census
"DTP, DTaP, or DT",,States,NY-City of New York,2022-23,96.3,85379,97.6,NULL,NULL,"Census (pub.), vol. response (pvt.)"
"DTP, DTaP, or DT",,States,Maine,2022-23,96.6,12403,93.9,NULL,NULL,Census
"DTP, DTaP, or DT",,States,Maryland,2022-23,96.9,59684,100,*. ‡,NULL,Census
"DTP, DTaP, or DT",,States,Rhode Island,2022-23,96.9,10532,96.5,‡. §,NULL,Census
"DTP, DTaP, or DT",,States,Montana,2020-21,91.9,11279,100,*,NULL,Census
"DTP, DTaP, or DT",,States,Oregon,2020-21,91.6,39568,100,*.‡,NULL,Census
"DTP, DTaP, or DT",,States,Hawaii,2020-21,91.3,13074,9.3,NULL,NULL,Stratified 2-stage cluster sample
"DTP, DTaP, or DT",,States,Utah,2020-21,91.1,46247,100,*,NULL,Census
"DTP, DTaP, or DT",,States,New Hampshire,2020-21,90.8,10242,57,>=. §,NULL,Voluntary response
"DTP, DTaP, or DT",,States,Kansas,2020-21,90.8,34687,32.7,†.‡.§,NULL,Stratified 2-stage cluster sample
"DTP, DTaP, or DT",,States,Oklahoma,2020-21,90.3,52656,90,‡.§,NULL,Census (public). voluntary response (private)
"DTP, DTaP, or DT",,States,Wyoming,2020-21,90.2,6923,100,>=.*,NULL,Census
"DTP, DTaP, or DT",,States,Colorado,2020-21,90.1,63619,97.3,NULL,NULL,Census
"DTP, DTaP, or DT",,States,Maryland,2020-21,89.7,65764,75.6,‡,NULL,Voluntary response
"DTP, DTaP, or DT",,States,Rhode Island,2020-21,96.8,10402,93,‡.§,NULL,Census
"DTP, DTaP, or DT",,States,NY-City of New York,2020-21,96.6,91920,94.2,NULL,NULL,Census (public). voluntary response (private)
"DTP, DTaP, or DT",,States,Tennessee,2020-21,96.4,73819,100,*.§,NULL,Census
"DTP, DTaP, or DT",,States,Nebraska,2020-21,96.1,25681,94.8,‡,NULL,Census (public). voluntary response (private)
"DTP, DTaP, or DT",,States,Pennsylvania,2020-21,95.9,129307,95,NULL,NULL,Census (public). voluntary response (private)
"DTP, DTaP, or DT",,States,Massachusetts,2020-21,95.7,60724,100,*.‡,NULL,Census
"DTP, DTaP, or DT",,States,New Mexico,2020-21,95.7,20589,100,*,NULL,Census
"DTP, DTaP, or DT",,States,Hawaii,2021-22,92.5,13368,6.7,NULL,NULL,Stratified 2-stage cluster sample
"DTP, DTaP, or DT",,States,Wyoming,2021-22,92.5,7382,100,*,NULL,Census
"DTP, DTaP, or DT",,States,Oregon,2021-22,92,41538,100,*. ‡,NULL,Census
"DTP, DTaP, or DT",,States,Illinois,2021-22,91.9,137699,100,*,NULL,Census
"DTP, DTaP, or DT",,States,Florida,2021-22,91.7,229432,97.8,>=. §,NULL,Census
"DTP, DTaP, or DT",,States,Nevada,2021-22,91.5,36855,99.2,NULL,NULL,"Census (pub.), vol. response (pvt.)"
"DTP, DTaP, or DT",,States,New Mexico,2023-24,94.8,20699,100,*,NULL,Census
"DTP, DTaP, or DT",,States,Nebraska,2023-24,95.2,23118,100,*. ‡,NULL,Census
"DTP, DTaP, or DT",,States,Tennessee,2023-24,94.6,79323,95.8,§,NULL,Census
"DTP, DTaP, or DT",,States,Kansas,2023-24,90.1,34178,37.1,†. ‡. §,NULL,Stratified 2-stage cluster sample
"DTP, DTaP, or DT",,States,Arizona,2023-24,89.4,74834,99.6,NULL,NULL,Census
"DTP, DTaP, or DT",,States,Hawaii,2023-24,89.4,13995,8.2,NULL,NULL,Stratified 2-stage cluster sample
"DTP, DTaP, or DT",,States,Ohio,2023-24,89.3,133716,94,NULL,NULL,"Census (pub.), vol. response (prv.)"
"DTP, DTaP, or DT",,States,Arizona,2024-25,88.7,75024,97.4,NULL,NULL,Census
"DTP, DTaP, or DT",,States,Arkansas,2024-25,88.5,37570,96.4,NULL,NULL,"Census (pub.), vol. response (prv.)"
"DTP, DTaP, or DT",,States,Maine,2021-22,96.3,12881,91.6,NULL,NULL,Census
"DTP, DTaP, or DT",,States,Louisiana,2021-22,96.2,66518,100,*,NULL,Census
"DTP, DTaP, or DT",,States,Massachusetts,2021-22,96.1,65582,100,*. ‡,NULL,Census
"DTP, DTaP, or DT",,States,North Carolina,2021-22,96,118191,78.5,§. ‡,NULL,Vol. response
"DTP, DTaP, or DT",,States,Connecticut,2021-22,96,35451,100,*,NULL,Census
"DTP, DTaP, or DT",,States,California,2021-22,95.7,512144,98.4,‡,NULL,Census
"DTP, DTaP, or DT",,States,Pennsylvania,2021-22,95.4,139558,94.9,NULL,NULL,"Census (pub.), vol. response (pvt.)"
"DTP, DTaP, or DT",,States,Tennessee,2021-22,95.2,79120,100,§. *,NULL,Census
"DTP, DTaP, or DT",,States,Alabama,2021-22,94.9,60332,100,>=. *,NULL,Census
"DTP, DTaP, or DT",,States,New Jersey,2021-22,94.1,104240,100,>=. §. *,NULL,Census
"DTP, DTaP, or DT",,States,Idaho,2021-22,83.5,23854,99.6,NULL,NULL,Census
"DTP, DTaP, or DT",,States,Georgia,2021-22,83.2,118742,100,>=. *,NULL,Census
"DTP, DTaP, or DT",,States,Wisconsin,2021-22,82.6,64275,96.8,>=. ‡,NULL,"Census (pub.), vol. response (pvt.)"
"DTP, DTaP, or DT",,States,District of Columbia,2021-22,82.2,8959,100,*,NULL,Census
"DTP, DTaP, or DT",,States,Alaska,2021-22,78,9790,76.2,¶,NULL,"Vol. response (pub.), not conducted (pvt.)"
"DTP, DTaP, or DT",,States,Vermont,2021-22,92.9,6126,100,*,NULL,Census
"DTP, DTaP, or DT",,States,New Hampshire,2022-23,89.4,11332,100,>=. §. *,NULL,Census
"DTP, DTaP, or DT",,States,Ohio,2022-23,89.4,134893,93.7,NULL,NULL,"Census (pub.), vol. response (pvt.)"
"DTP, DTaP, or DT",,States,Wyoming,2022-23,89.4,7060,100,*,NULL,Census
"DTP, DTaP, or DT",,States,Minnesota,2022-23,88.3,68152,97.9,NULL,NULL,Census
"DTP, DTaP, or DT",,States,Georgia,2022-23,88.1,123771,100,>=. *,NULL,Census
"DTP, DTaP, or DT",,States,Colorado,2022-23,87.2,65576,97.2,NULL,NULL,Census
"DTP, DTaP, or DT",,States,Hawaii,2022-23,87,13195,8.1,NULL,NULL,Stratified 2-stage cluster sample
"DTP, DTaP, or DT",,States,Wisconsin,2022-23,87,63593,93.9,‡,NULL,"Census (pub.), vol. response (pvt.)"
"DTP, DTaP, or DT",,States,District of Columbia,2022-23,85,8064,100,*,NULL,Census
"DTP, DTaP, or DT",,States,Alaska,2022-23,83.8,9650,88.8,¶,NULL,"Vol. response (pub.), not conducted (pvt.)"
"DTP, DTaP, or DT",,States,Indiana,2022-23,83,81307,87.5,§,NULL,"Vol. response (pub.), census (pvt.)"
"DTP, DTaP, or DT",,States,Idaho,2022-23,81,23721,99.3,NULL,NULL,Census
"DTP, DTaP, or DT",,States,Mississippi,2022-23,98.4,36048,100,>=. *,NULL,Census
"DTP, DTaP, or DT",,States,Virginia,2022-23,97.8,93271,1.6,†,NULL,Stratified 2-stage cluster sample
"DTP, DTaP, or DT",,States,Connecticut,2022-23,97.3,35580,100,*,NULL,Census
"DTP, DTaP, or DT",,States,New York,2022-23,97.2,205906,96.6,NULL,NULL,"Census (pub.), vol. response (pvt.)"
"DTP, DTaP, or DT",,States,Alabama,2022-23,93.9,59113,100,>=. *,NULL,Census
"DTP, DTaP, or DT",,States,Texas,2022-23,93.8,381680,98,‡. §,NULL,Census
"DTP, DTaP, or DT",,States,Delaware,2022-23,93.8,10674,9.7,‡,NULL,Stratified 2-stage cluster sample
"DTP, DTaP, or DT",,States,New York,2024-25,97.2,234054,85.1,NULL,NULL,Vol. response
"DTP, DTaP, or DT",,States,Illinois,2024-25,91.2,132769,99.5,NULL,NULL,Census
"DTP, DTaP, or DT",,States,Massachusetts,2025-26,96.4,65331,100,�,NULL,Census
"DTP, DTaP, or DT",,States,NY-City of New York,2025-26,95.8,82534,98.1,NULL,NULL,Census
"DTP, DTaP, or DT",,States,Delaware,2025-26,95.2,10729,12.9,NULL,NULL,"2-stage cluster sample (pub.), nonrandom 2-stage cluster sample (prv.)"
"DTP, DTaP, or DT",,States,California,2025-26,94.7,614405,100,*. �,NULL,Census
"DTP, DTaP, or DT",,States,Idaho,2025-26,74.8,21728,100,*,NULL,Census
"DTP, DTaP, or DT",,States,Florida,2022-23,90.6,230309,97.7,>=,NULL,Census
"DTP, DTaP, or DT",,States,Kansas,2022-23,90.5,35543,30.8,†. ‡. §,NULL,Stratified 1-stage cluster sample
"DTP, DTaP, or DT",,States,Washington,2022-23,90.1,86284,97.9,§,NULL,Census
"DTP, DTaP, or DT",,States,Oklahoma,2022-23,90,52548,89.5,‡,NULL,"Census (pub.), vol. response (pvt.)"
"DTP, DTaP, or DT",,States,Iowa,2022-23,89.9,39178,100,>=. *,NULL,Census
"DTP, DTaP, or DT",,States,Utah,2022-23,89.7,46635,100,*,NULL,Census
"DTP, DTaP, or DT",,States,Arizona,2022-23,89.6,80814,97.7,NULL,NULL,Census
"DTP, DTaP, or DT",,States,New Hampshire,2023-24,89.2,11871,100,>=. §. *,NULL,Census
"DTP, DTaP, or DT",,States,Iowa,2023-24,89.1,38611,100,>=. *,NULL,Census
"DTP, DTaP, or DT",,States,Oklahoma,2023-24,89,49979,93.8,‡,NULL,"Census (pub.), vol. response (prv.)"
"DTP, DTaP, or DT",,States,Utah,2023-24,88.5,46228,100,*,NULL,Census
"DTP, DTaP, or DT",,States,Georgia,2023-24,88.4,136943,100,>=. *,NULL,Census
"DTP, DTaP, or DT",,States,Florida,2023-24,88.1,228213,100,>=. *,NULL,Census
"DTP, DTaP, or DT",,States,Colorado,2023-24,87.9,61662,100,*,NULL,Census
"DTP, DTaP, or DT",,States,Minnesota,2023-24,87.4,66032,99.1,NULL,NULL,Census
"DTP, DTaP, or DT",,States,Wisconsin,2023-24,85.7,62028,98.2,‡. §,NULL,Census
"DTP, DTaP, or DT",,States,Alaska,2023-24,83.8,8644,88.9,¶,NULL,"Census (pub.), not conducted (prv.)"
"DTP, DTaP, or DT",,States,Indiana,2023-24,81.8,80639,88.5,§,NULL,"Census (pub.), vol. response (prv.)"
"DTP, DTaP, or DT",,States,Idaho,2023-24,79.5,22376,100,*,NULL,Census
"DTP, DTaP, or DT",,States,West Virginia,2023-24,98.4,18261,82.8,‡. §,NULL,Vol. response
"DTP, DTaP, or DT",,States,Connecticut,2023-24,97.6,36184,100,*,NULL,Census
"DTP, DTaP, or DT",,States,Mississippi,2023-24,97.5,36105,100,>=. *,NULL,Census
"DTP, DTaP, or DT",,States,Maine,2023-24,96.9,12087,93,NULL,NULL,Census
"DTP, DTaP, or DT",,States,Pennsylvania,2023-24,93.8,137593,96.5,NULL,NULL,Census
"DTP, DTaP, or DT",,States,Delaware,2023-24,93.8,11043,12.1,>=. ‡,NULL,Stratified 2-stage cluster sample
"DTP, DTaP, or DT",,States,North Carolina,2023-24,93.5,125964,90.8,§,NULL,"Census (pub.), vol. response (prv.)"
"DTP, DTaP, or DT",,States,TX-City of Houston,2023-24,93.4,37882,67.7,‡. §,NULL,Vol. response
"DTP, DTaP, or DT",,States,New Jersey,2023-24,93.2,105408,100,>=. §. *,NULL,Census
"DTP, DTaP, or DT",,States,Vermont,2023-24,92.7,5630,100,*,NULL,Census
"DTP, DTaP, or DT",,States,South Carolina,2023-24,92.3,58069,26.7,†,NULL,Stratified 1-stage cluster sample
"DTP, DTaP, or DT",,States,Wyoming,2023-24,92.2,6754,100,*,NULL,Census
"DTP, DTaP, or DT",,States,Michigan,2023-24,92.1,110156,100,*,NULL,Census
"DTP, DTaP, or DT",,States,District of Columbia,2023-24,92,7874,100,*,NULL,Census
"DTP, DTaP, or DT",,States,Alabama,2023-24,93.8,54565,100,>=. *,NULL,Census
"DTP, DTaP, or DT",,States,Texas,2023-24,94,381421,92.4,‡. §,NULL,"Census (pub.), vol. response (prv.)"
"DTP, DTaP, or DT",,States,Missouri,2023-24,90.5,69014,100,*,NULL,Census
"DTP, DTaP, or DT",,States,Oregon,2023-24,90.5,39568,100,*. ‡,NULL,Census
"DTP, DTaP, or DT",,States,North Dakota,2023-24,90.5,9708,97.5,NULL,NULL,Census
"DTP, DTaP, or DT",,States,Washington,2023-24,90.2,84053,97.2,§,NULL,Census
Varicella,1 Dose (or disease history),States,Maine,2009-10,95.9,14162,75.3,NULL,NULL,Voluntary response
Varicella,1 Dose (or disease history),States,Oregon,2009-10,95.2,44676,100,*,NULL,Census
Varicella,1 Dose (or disease history),States,Alabama,2009-10,94,75358,100,≥. *. **,NULL,Census
"DTP, DTaP, or DT",,States,TX-City of Houston,2024-25,88.3,36981,98.8,‡. §,NULL,"Census (pub.), vol. response (prv.)"
"DTP, DTaP, or DT",,States,Utah,2024-25,88.1,45818,100,*,NULL,Census
"DTP, DTaP, or DT",,States,Colorado,2024-25,87.4,60055,100,*. §,NULL,Census
"DTP, DTaP, or DT",,States,Minnesota,2024-25,87,64898,99.7,NULL,NULL,Census
"DTP, DTaP, or DT",,States,Georgia,2024-25,86.8,114568,100,>=. *,NULL,Census
"DTP, DTaP, or DT",,States,Kentucky,2024-25,86.2,51319,100,*. §,NULL,Census
"DTP, DTaP, or DT",,States,Wisconsin,2024-25,85.7,61120,95.7,‡. §,NULL,"Census (pub.), vol. response (prv.)"
"DTP, DTaP, or DT",,States,Alaska,2024-25,82.2,7338,99.8,¶,NULL,"Census (pub.), not conducted (prv.)"
"DTP, DTaP, or DT",,States,Indiana,2024-25,81.7,73744,92.7,§,NULL,"Census (pub.), vol. response (prv.)"
"DTP, DTaP, or DT",,States,Idaho,2024-25,78.3,22242,99.5,NULL,NULL,Census
"DTP, DTaP, or DT",,States,Virginia,2024-25,98.2,91453,1.7,†,NULL,Stratified 2-stage cluster sample
"DTP, DTaP, or DT",,States,Connecticut,2024-25,98.2,30112,100,*,NULL,Census
"DTP, DTaP, or DT",,States,Mississippi,2024-25,97.6,35293,100,>=. *,NULL,Census
"DTP, DTaP, or DT",,States,Maine,2024-25,97.3,11761,95.4,NULL,NULL,Census
"DTP, DTaP, or DT",,States,North Carolina,2024-25,94,124028,91,§,NULL,"Census (pub.), vol. response (prv.)"
"DTP, DTaP, or DT",,States,Tennessee,2024-25,94,78299,96.7,§,NULL,Census
"DTP, DTaP, or DT",,States,Vermont,2024-25,93.3,5432,100,*,NULL,Census
"DTP, DTaP, or DT",,States,Texas,2024-25,92.9,378860,97.3,‡. §,NULL,"Census (pub.), vol. response (prv.)"
"DTP, DTaP, or DT",,States,New Jersey,2024-25,92.8,104339,100,>=. *,NULL,Census
"DTP, DTaP, or DT",,States,Pennsylvania,2024-25,92.7,140160,95.3,NULL,NULL,"Census (pub.), vol. response (prv.)"
"DTP, DTaP, or DT",,States,Wyoming,2024-25,92.5,6564,100,*,NULL,Census
"DTP, DTaP, or DT",,States,Hawaii,2024-25,92,13804,10.5,NULL,NULL,Stratified 2-stage cluster sample
"DTP, DTaP, or DT",,States,South Carolina,2024-25,91.8,57718,34.3,†,NULL,Stratified 1-stage cluster sample
"DTP, DTaP, or DT",,States,Michigan,2024-25,91.6,107636,100,*. ‡,NULL,Census
"DTP, DTaP, or DT",,States,New Mexico,2024-25,94.5,20180,100,*,NULL,Census
"DTP, DTaP, or DT",,States,Delaware,2024-25,94.8,10393,14.2,‡,NULL,"2-stage cluster sample (pub.), nonrandom 2-stage cluster sample (prv.)"
"DTP, DTaP, or DT",,States,Alabama,2024-25,95,53589,99.9,NULL,NULL,Census
"DTP, DTaP, or DT",,States,California,2024-25,95.1,590849,100,*. ‡,NULL,Census
"DTP, DTaP, or DT",,States,Nebraska,2024-25,95.1,24102,100,*. ‡,NULL,Census
"DTP, DTaP, or DT",,States,Louisiana,2024-25,95.3,49229,100,*,NULL,Census
"DTP, DTaP, or DT",,States,NY-City of New York,2024-25,95.9,85986,96.9,NULL,NULL,"Census (pub.), vol. response (prv.)"
"DTP, DTaP, or DT",,States,Massachusetts,2024-25,96.3,65581,100,*. ‡,NULL,Census
"DTP, DTaP, or DT",,States,Maryland,2024-25,96.6,66135,95.6,‡,NULL,"Census (pub.), vol. response (prv.)"
"DTP, DTaP, or DT",,States,Rhode Island,2024-25,96.7,10088,96.7,‡. §,NULL,Census
"DTP, DTaP, or DT",,States,West Virginia,2025-26,99.1,15445,93.3,�. �,NULL,Census
"DTP, DTaP, or DT",,States,Connecticut,2025-26,98.4,33118,100,*,NULL,Census
"DTP, DTaP, or DT",,States,New York,2025-26,97.4,203514,95.8,NULL,NULL,"Census (pub.), vol. response (prv.)"
"DTP, DTaP, or DT",,States,Maine,2025-26,97.4,11634,94.4,NULL,NULL,Census
"DTP, DTaP, or DT",,States,Mississippi,2025-26,97,34969,100,>=. *,NULL,Census
"DTP, DTaP, or DT",,States,Maryland,2025-26,96.7,66945,97.8,�,NULL,"Census (pub.), vol. response (prv.)"
"DTP, DTaP, or DT",,States,Rhode Island,2025-26,96.4,10123,97.1,�,NULL,Census
MMR,,States,Maine,2009-10,95.5,14162,75.3,NULL,NULL,Voluntary response
"DTP, DTaP, or DT",,States,Minnesota,2025-26,86.1,63451,99.9,NULL,NULL,Census
"DTP, DTaP, or DT",,States,Wisconsin,2025-26,86.4,59360,96.6,�. �,NULL,"Census (pub.), vol. response (prv.)"
"DTP, DTaP, or DT",,States,Utah,2025-26,86.6,44001,100,*,NULL,Census
"DTP, DTaP, or DT",,States,Colorado,2025-26,86.9,60049,100,*. �,NULL,Census
"DTP, DTaP, or DT",,States,Arizona,2025-26,87.4,73907,92.5,NULL,NULL,"Census (pub.), vol. response (prv.)"
"DTP, DTaP, or DT",,States,Oklahoma,2025-26,87.8,47844,90.7,NULL,NULL,"Census (pub.), vol. response (prv.)"
"DTP, DTaP, or DT",,States,North Dakota,2025-26,88.2,9344,98.6,NULL,NULL,Census
"DTP, DTaP, or DT",,States,New Hampshire,2025-26,88.2,11544,100,>=. *. �,NULL,Census
"DTP, DTaP, or DT",,States,Indiana,2025-26,88.4,70886,87.1,�,NULL,Vol. response
"DTP, DTaP, or DT",,States,Ohio,2025-26,88.5,129087,95.9,NULL,NULL,"Census (pub.), vol. response (prv.)"
"DTP, DTaP, or DT",,States,Oregon,2025-26,88.6,37309,100,*. �,NULL,Census
"DTP, DTaP, or DT",,States,South Dakota,2025-26,88.6,11009,100,*. �,NULL,Census
"DTP, DTaP, or DT",,States,Hawaii,2025-26,88.8,13791,11.7,NULL,NULL,Stratified 2-stage cluster sample
"DTP, DTaP, or DT",,States,Missouri,2025-26,88.8,66610,100,*,NULL,Census
"DTP, DTaP, or DT",,States,Florida,2025-26,88.9,213535,100,>=. *,NULL,Census
"DTP, DTaP, or DT",,States,Iowa,2025-26,88.9,37490,100,>=. *,NULL,Census
"DTP, DTaP, or DT",,States,Georgia,2025-26,89.1,118864,100,>=. *,NULL,Census
"DTP, DTaP, or DT",,States,Washington,2025-26,89.1,75631,99.1,�,NULL,Census
"DTP, DTaP, or DT",,States,Louisiana,2025-26,89.4,50223,100,*,NULL,Census
"DTP, DTaP, or DT",,States,Alaska,2025-26,89.7,8253,60.9,�,NULL,"Vol. response (public), not conducted (private)"
"DTP, DTaP, or DT",,States,Arkansas,2025-26,90,35543,96.7,NULL,NULL,"Census (pub.), vol. response (prv.)"
"DTP, DTaP, or DT",,States,Nevada,2025-26,90,32815,93.6,NULL,NULL,"Census (pub.), vol. response (prv.)"
"DTP, DTaP, or DT",,States,Kentucky,2025-26,90.3,49937,100,*. �,NULL,Census
"DTP, DTaP, or DT",,States,Michigan,2025-26,90.8,104614,100,*. �,NULL,Census
"DTP, DTaP, or DT",,States,Wyoming,2025-26,91.5,6146,100,*,NULL,Census
"DTP, DTaP, or DT",,States,TX-City of Houston,2025-26,91.6,36071,94.6,�. �,NULL,"Census (pub.), vol. response (prv.)"
"DTP, DTaP, or DT",,States,Illinois,2025-26,92,128598,99.8,NULL,NULL,Census
"DTP, DTaP, or DT",,States,New Jersey,2025-26,92.5,101602,92.3,>=. �,NULL,Census
"DTP, DTaP, or DT",,States,Arkansas,2023-24,91.4,37535,95.4,NULL,NULL,"Census (pub.), vol. response (prv.)"
"DTP, DTaP, or DT",,States,Illinois,2023-24,91.2,133578,100,*,NULL,Census
"DTP, DTaP, or DT",,States,Nevada,2023-24,91.1,31261,91.3,NULL,NULL,Census
"DTP, DTaP, or DT",,States,Kentucky,2023-24,91,52609,100,>=. *. ‡. §,NULL,Census
"DTP, DTaP, or DT",,States,South Dakota,2023-24,90.6,11744,99.8,§,NULL,Census
"DTP, DTaP, or DT",,States,Louisiana,2023-24,90.5,51839,100,*,NULL,Census
Varicella,1 Dose (or disease history),States,Arkansas,2009-10,98.3,34733,100,*,NULL,Census
Varicella,1 Dose (or disease history),States,Connecticut,2009-10,98.4,46158,100,*,NULL,Census
Varicella,1 Dose (or disease history),States,New York,2009-10,98.4,229273,100,*,NULL,Census
Varicella,1 Dose (or disease history),States,Massachusetts,2009-10,98.6,74476,100,*,NULL,Census
Varicella,1 Dose (or disease history),States,Missouri,2009-10,98.8,75958,3,NULL,NULL,Random sample
Varicella,1 Dose (or disease history),States,Utah,2009-10,99.3,49957,100,*,NULL,Census
Varicella,1 Dose (or disease history),States,Maryland,2009-10,99.5,75061,75,NULL,NULL,Voluntary response
Varicella,1 Dose (or disease history),States,Ohio,2009-10,91.2,131137,100,*,NULL,Census
Varicella,1 Dose (or disease history),States,South Carolina,2009-10,91,53725,10.2,NULL,NULL,Random sample
Varicella,1 Dose (or disease history),States,Nevada,2009-10,76.5,35209,5.6,NULL,NULL,Random sample
Varicella,1 Dose (or disease history),States,Texas,2009-10,NA,381425,98.3,NULL,NULL,Census
Varicella,1 Dose (or disease history),States,West Virginia,2009-10,NA,22730,86.7,NULL,NULL,Voluntary response
Varicella,1 Dose (or disease history),States,South Dakota,2009-10,NA,11499,100,*,NULL,Census
Varicella,1 Dose (or disease history),States,Wisconsin,2009-10,NA,61095,2.3,¶,NULL,Random sample
Varicella,1 Dose (or disease history),States,Vermont,2009-10,NA,6713,100,*,NULL,Census
Exemption,Non-Medical Exemption,States,Iowa,2017-18,1.8,39632,NULL,†,694,Census
Exemption,Non-Medical Exemption,States,Oklahoma,2017-18,1.8,53898,NULL,NULL,991,Census (public). voluntary response (private)
Exemption,Non-Medical Exemption,States,North Carolina,2017-18,1.8,127197,NULL,†,2323,Census
Exemption,Non-Medical Exemption,States,Texas,2017-18,1.8,387981,NULL,||,7044,Census
Exemption,Non-Medical Exemption,States,South Carolina,2017-18,1.8,58458,NULL,†,1028,Stratified 1-stage cluster sample
Exemption,Non-Medical Exemption,States,Arkansas,2017-18,1.6,39630,NULL,NULL,641,Census
Exemption,Non-Medical Exemption,States,New Mexico,2017-18,1.5,26896,NULL,†,394,Stratified 2-stage cluster sample
Exemption,Non-Medical Exemption,States,Nebraska,2017-18,1.5,26313,NULL,†.§§,394,Census
Exemption,Non-Medical Exemption,States,Tennessee,2017-18,1.4,78743,NULL,†,1085,Census
Exemption,Non-Medical Exemption,States,Kansas,2017-18,1.4,38484,NULL,†,544,Stratified 2-stage cluster sample
Exemption,Non-Medical Exemption,States,Illinois,2017-18,1.4,144858,NULL,§,2028,Census
Exemption,Non-Medical Exemption,States,Delaware,2017-18,1.3,10988,NULL,†,148,Stratified 2-stage cluster sample
Exemption,Non-Medical Exemption,States,Virginia,2017-18,1.1,100581,NULL,†,1125,Stratified 2-stage cluster sample
"DTP, DTaP, or DT",,States,Kansas,2024-25,90.8,33892,29.2,†. ‡. §,NULL,Stratified 2-stage cluster sample
"DTP, DTaP, or DT",,States,Nevada,2024-25,90.3,33272,92.6,NULL,NULL,"Census (pub.), vol. response (prv.)"
"DTP, DTaP, or DT",,States,District of Columbia,2024-25,90.3,7997,100,*,NULL,Census
"DTP, DTaP, or DT",,States,Missouri,2024-25,90,68163,100,*,NULL,Census
"DTP, DTaP, or DT",,States,North Dakota,2024-25,89.7,9659,98.8,NULL,NULL,Census
"DTP, DTaP, or DT",,States,Washington,2024-25,89.7,76756,97.9,NULL,NULL,Census
"DTP, DTaP, or DT",,States,Oregon,2024-25,89.6,38247,100,*. ‡,NULL,Census
"DTP, DTaP, or DT",,States,South Dakota,2024-25,89.6,11367,99.3,§,NULL,Census
"DTP, DTaP, or DT",,States,Oklahoma,2024-25,89.5,47544,86.7,‡,NULL,Vol. response
"DTP, DTaP, or DT",,States,New Hampshire,2024-25,89.2,11713,100,>=. *. §,NULL,Census
"DTP, DTaP, or DT",,States,Ohio,2024-25,88.8,131589,93.2,NULL,NULL,"Census (pub.), vol. response (prv.)"
"DTP, DTaP, or DT",,States,Iowa,2024-25,88.8,38268,100,>=. *,NULL,Census
"DTP, DTaP, or DT",,States,Florida,2024-25,88.8,221053,100,>=. *,NULL,Census
MMR,,States,Iowa,2009-10,84.5,42698,100,≥,NULL,Census
MMR,,States,Pennsylvania,2009-10,86.9,149656,100,*,NULL,Census
MMR,,States,Idaho,2009-10,87,22624,100,*,NULL,Census
MMR,,States,South Carolina,2009-10,87.2,53725,10.2,NULL,NULL,Random sample
MMR,,States,Ohio,2009-10,88.6,131137,100,*,NULL,Census
MMR,,States,Delaware,2009-10,89.7,11327,9.2,NULL,NULL,Random sample
MMR,,States,Kansas,2009-10,90.9,39073,39.1,†,NULL,Stratified 1-stage sample  (Public);  Census (Private)
MMR,,States,West Virginia,2009-10,91.2,22730,86.7,NULL,NULL,Voluntary response
MMR,,States,Florida,2009-10,91.3,218630,100,≥. * .§,NULL,Census
MMR,,States,South Dakota,2009-10,96.8,11499,100,*,NULL,Census
MMR,,States,Louisiana,2009-10,96.9,53846,100,*,NULL,Census
MMR,,States,Missouri,2009-10,97.3,75958,3,NULL,NULL,Random sample
MMR,,States,Oklahoma,2009-10,97.3,51128,88.9,NULL,NULL,Voluntary response
MMR,,States,Tennessee,2009-10,97.4,90811,88.1,≥,NULL,Voluntary response
MMR,,States,Nebraska,2009-10,97.5,29607,96.4,NULL,NULL,Census
MMR,,States,New Mexico,2009-10,97.6,26318,2.2,NULL,NULL,Random sample
MMR,,States,New York,2009-10,97.6,229273,100,*,NULL,Census
MMR,,States,Illinois,2009-10,94.5,165845,100,NULL,NULL,Census
MMR,,States,Nevada,2009-10,94.5,35209,5.6,NULL,NULL,Random sample
MMR,,States,Arizona,2009-10,95,89287,93.9,NULL,NULL,Census
MMR,,States,Minnesota,2009-10,95.1,70653,100,*,NULL,Census
"DTP, DTaP, or DT",,States,Texas,2025-26,92.8,358586,98.3,�. �,NULL,"Census (pub.), vol. response (prv.)"
"DTP, DTaP, or DT",,States,Pennsylvania,2025-26,92.9,134313,95.7,NULL,NULL,"Census (pub.), vol. response (prv.)"
"DTP, DTaP, or DT",,States,Vermont,2025-26,93.3,5298,100,*,NULL,Census
"DTP, DTaP, or DT",,States,North Carolina,2025-26,93.4,120045,90.1,�,NULL,"Census (pub.), vol. response (prv.)"
"DTP, DTaP, or DT",,States,South Carolina,2025-26,93.5,57542,26.2,�,NULL,Stratified 1-stage cluster sample
"DTP, DTaP, or DT",,States,Virginia,2025-26,93.6,88950,95.7,NULL,NULL,Census
"DTP, DTaP, or DT",,States,District of Columbia,2025-26,93.6,7871,100,*,NULL,Census
"DTP, DTaP, or DT",,States,Alabama,2025-26,94,53378,100,*,NULL,Census
"DTP, DTaP, or DT",,States,Tennessee,2025-26,94.1,73415,97.4,�,NULL,Census
"DTP, DTaP, or DT",,States,Nebraska,2025-26,94.4,23807,100,*. �,NULL,Census
"DTP, DTaP, or DT",,States,New Mexico,2025-26,94.7,19843,100,*. �,NULL,Census
"DTP, DTaP, or DT",,States,Kansas,2025-26,NA,NULL,NULL,NULL,NULL,Stratified 2-stage cluster sample
Varicella,1 Dose (or disease history),States,Indiana,2009-10,96,84390,94.7,NULL,NULL,Census
Varicella,1 Dose (or disease history),States,Illinois,2009-10,96.5,165845,100,NULL,NULL,Census
Varicella,1 Dose (or disease history),States,California,2009-10,96.6,507191,100,*,NULL,Census
Varicella,1 Dose (or disease history),States,Nebraska,2009-10,97.2,29607,96.4,NULL,NULL,Census
Varicella,1 Dose (or disease history),States,Michigan,2009-10,97.3,129810,100,*,NULL,Census
Varicella,1 Dose (or disease history),States,Tennessee,2009-10,97.4,90811,88.1,≥,NULL,Voluntary response
Varicella,1 Dose (or disease history),States,Arizona,2009-10,97.5,89287,93.9,NULL,NULL,Census
Varicella,1 Dose (or disease history),States,Virginia,2009-10,98.3,100891,4.4,NULL,NULL,Random sample
MMR,,States,Iowa,2010-11,NA,NULL,NULL,NULL,NULL,NA
MMR,,States,Indiana,2010-11,NA,NULL,NULL,NULL,NULL,NA
MMR,,States,Illinois,2010-11,NA,NULL,NULL,NULL,NULL,NA
MMR,,States,Idaho,2010-11,NA,NULL,NULL,NULL,NULL,NA
MMR,,States,Hawaii,2010-11,NA,NULL,NULL,NULL,NULL,NA
MMR,,States,Georgia,2010-11,NA,NULL,NULL,NULL,NULL,NA
MMR,,States,Florida,2010-11,NA,NULL,NULL,NULL,NULL,NA
MMR,,States,District of Columbia,2010-11,NA,NULL,NULL,NULL,NULL,NA
MMR,,States,Delaware,2010-11,NA,NULL,NULL,NULL,NULL,NA
MMR,,States,Connecticut,2010-11,NA,NULL,NULL,NULL,NULL,NA
MMR,,States,Colorado,2010-11,NA,NULL,NULL,NULL,NULL,NA
Varicella,1 Dose (or disease history),States,Oklahoma,2009-10,99.7,51128,88.9,NULL,NULL,Voluntary response
MMR,,States,Nebraska,2010-11,NA,NULL,NULL,NULL,NULL,NA
MMR,,States,Nevada,2010-11,NA,NULL,NULL,NULL,NULL,NA
MMR,,States,New Hampshire,2010-11,NA,NULL,NULL,NULL,NULL,NA
MMR,,States,New Jersey,2010-11,NA,NULL,NULL,NULL,NULL,NA
MMR,,States,New Mexico,2010-11,NA,NULL,NULL,NULL,NULL,NA
MMR,,States,New York,2010-11,NA,NULL,NULL,NULL,NULL,NA
MMR,,States,North Carolina,2010-11,NA,NULL,NULL,NULL,NULL,NA
MMR,,States,North Dakota,2010-11,NA,NULL,NULL,NULL,NULL,NA
MMR,,States,Ohio,2010-11,NA,NULL,NULL,NULL,NULL,NA
MMR,,States,Oklahoma,2010-11,NA,NULL,NULL,NULL,NULL,NA
MMR,,States,Oregon,2010-11,NA,NULL,NULL,NULL,NULL,NA
MMR,,States,Pennsylvania,2010-11,NA,NULL,NULL,NULL,NULL,NA
MMR,,States,Rhode Island,2010-11,NA,NULL,NULL,NULL,NULL,NA
MMR,,States,South Carolina,2010-11,NA,NULL,NULL,NULL,NULL,NA
MMR,,States,South Dakota,2010-11,NA,NULL,NULL,NULL,NULL,NA
MMR,,States,Tennessee,2010-11,NA,NULL,NULL,NULL,NULL,NA
MMR,,States,Texas,2010-11,NA,NULL,NULL,NULL,NULL,NA
MMR,,States,Utah,2010-11,NA,NULL,NULL,NULL,NULL,NA
MMR,,States,Vermont,2010-11,NA,NULL,NULL,NULL,NULL,NA
MMR,,States,Utah,2009-10,97.7,49957,100,*,NULL,Census
MMR,,States,Texas,2009-10,98.1,381425,98.3,NULL,NULL,Census
MMR,,States,Arkansas,2009-10,98.3,34733,100,*,NULL,Census
MMR,,States,Connecticut,2009-10,98.5,46158,100,*,NULL,Census
MMR,,States,Maryland,2009-10,98.9,75061,75,NULL,NULL,Voluntary response
MMR,,States,Georgia,2009-10,99.6,141949,1.2,NULL,NULL,Random sample
MMR,,States,Mississippi,2009-10,99.7,46922,100,≥. *,NULL,Census
MMR,,States,Hawaii,2009-10,NA,18427,6.4,NULL,NULL,Random sample
MMR,,States,District of Columbia,2009-10,NA,6092,100,*,NULL,Census
MMR,,States,North Carolina,2009-10,NA,116087,96,NULL,NULL,Census
MMR,,States,Colorado,2009-10,NA,NULL,NULL,NULL,NULL,Not conducted
MMR,,States,Alaska,2009-10,NA,9641,76.4,NULL,NULL,Voluntary response
MMR,,States,Wyoming,2009-10,NA,NULL,NULL,NULL,NULL,Not conducted
MMR,,States,New Jersey,2009-10,NA,118347,95.1,NULL,NULL,Census
MMR,,States,New Hampshire,2009-10,NA,NULL,NULL,NULL,NULL,Not conducted
MMR,,States,Texas,2011-12,99.3,388178,100,*,NULL,Census
MMR,,States,New Hampshire,2011-12,NA,13022,100,*,NULL,Census
MMR,,States,New Jersey,2011-12,NA,118669,96.6,NULL,NULL,Census
MMR,,States,North Carolina,2011-12,NA,128854,95.4,NULL,NULL,Census
MMR,,States,Hawaii,2011-12,NA,19443,7.7,NULL,NULL,2-stage Cluster Sample
MMR,,States,District of Columbia,2011-12,NA,6854,100,*,NULL,Census
MMR,,States,Alaska,2011-12,NA,10286,7.3,NULL,NULL,Non-random Cluster Sample
MMR,,States,Wyoming,2011-12,NA,NULL,NULL,NULL,NULL,Not conducted
MMR,,States,Colorado,2011-12,86.8,70142,0.5,NULL,NULL,Simple Random Sample
MMR,,States,Washington,2009-10,91.7,81511,93.3,NULL,NULL,Census
MMR,,States,Michigan,2009-10,95.3,129810,100,*,NULL,Census
MMR,,States,Montana,2009-10,95.5,12335,98.8,NULL,NULL,Census
MMR,,States,Washington,2011-12,91.8,85134,89.1,NULL,NULL,Voluntary Response
MMR,,States,West Virginia,2011-12,92,22449,94.9,NULL,NULL,Convenient
MMR,,States,Kentucky,2011-12,92,58185,91.8,NULL,NULL,Census
MMR,,States,Florida,2011-12,92.6,225532,100,≥. * .§,NULL,Census
MMR,,States,Vermont,2011-12,92.9,6548,100,*,NULL,Census
MMR,,States,Maine,2011-12,93,13829,97,NULL,NULL,Census
MMR,,States,Virginia,2011-12,93,101121,4.3,NULL,NULL,2-stage Cluster Sample
MMR,,States,Wisconsin,2011-12,93.1,70672,2.3,NULL,NULL,2-stage Cluster Sample
MMR,,States,California,2011-12,93.2,542544,97.6,NULL,NULL,Census
MMR,,States,Indiana,2011-12,93.3,83416,67.5,NULL,NULL,Voluntary Response
MMR,,States,Alabama,2011-12,93.6,73190,100,≥. * .**,NULL,Census
MMR,,States,Oregon,2011-12,94,45855,100,*,NULL,Census
MMR,,States,Vermont,2009-10,91.8,6713,100,*,NULL,Census
MMR,,States,Rhode Island,2009-10,92.1,11818,11.6,NULL,NULL,Random sample
MMR,,States,Virginia,2009-10,92.1,100891,4.4,NULL,NULL,Random sample
MMR,,States,North Dakota,2009-10,92.2,8323,6,¶,NULL,Random sample
MMR,,States,Kentucky,2009-10,92.2,56526,92.9,NULL,NULL,Census
MMR,,States,Indiana,2009-10,92.8,84390,94.7,NULL,NULL,Census
MMR,,States,Massachusetts,2009-10,93,74476,100,*,NULL,Census
MMR,,States,California,2009-10,93.6,507191,100,*,NULL,Census
MMR,,States,Alabama,2009-10,94,75358,100,≥. *. **,NULL,Census
MMR,,States,Wisconsin,2009-10,94.2,61095,2.3,¶,NULL,Random sample
MMR,,States,Oregon,2009-10,94.4,44676,100,*,NULL,Census
MMR,,States,Minnesota,2010-11,NA,NULL,NULL,NULL,NULL,NA
MMR,,States,Michigan,2010-11,NA,NULL,NULL,NULL,NULL,NA
MMR,,States,Massachusetts,2010-11,NA,NULL,NULL,NULL,NULL,NA
MMR,,States,Maryland,2010-11,NA,NULL,NULL,NULL,NULL,NA
MMR,,States,Maine,2010-11,NA,NULL,NULL,NULL,NULL,NA
MMR,,States,Louisiana,2010-11,NA,NULL,NULL,NULL,NULL,NA
MMR,,States,Kentucky,2010-11,NA,NULL,NULL,NULL,NULL,NA
MMR,,States,Kansas,2010-11,NA,NULL,NULL,NULL,NULL,NA
MMR,,States,Iowa,2012-13,90.5,41701,99.9,≥,NULL,Census
MMR,,States,South Carolina,2012-13,90.9,61799,17.9,≥,NULL,1-Stage Cluster Sample
MMR,,States,Maine,2012-13,91.3,14313,94.6,‡,NULL,Census
MMR,,States,Washington,2012-13,91.7,87773,94.7,NULL,NULL,Census
MMR,,States,Florida,2012-13,92.1,234628,100,≥. *. §,NULL,Census
MMR,,States,Kentucky,2012-13,92.4,58466,97.2,‡,NULL,Census
MMR,,States,California,2012-13,92.7,535523,99,‡,NULL,Census
MMR,,States,Alabama,2012-13,92.8,72929,100,≥. * . ‡. **,NULL,Census
MMR,,States,California,2010-11,NA,NULL,NULL,NULL,NULL,NA
MMR,,States,Arkansas,2010-11,NA,NULL,NULL,NULL,NULL,NA
MMR,,States,Arizona,2010-11,NA,NULL,NULL,NULL,NULL,NA
MMR,,States,Alaska,2010-11,NA,NULL,NULL,NULL,NULL,NA
MMR,,States,Alabama,2010-11,NA,NULL,NULL,NULL,NULL,NA
MMR,,States,Rhode Island,2012-13,94.2,12552,75.2,‡,NULL,Voluntary Response
MMR,,States,Virginia,2010-11,NA,NULL,NULL,NULL,NULL,NA
MMR,,States,Washington,2010-11,NA,NULL,NULL,NULL,NULL,NA
MMR,,States,West Virginia,2010-11,NA,NULL,NULL,NULL,NULL,NA
MMR,,States,Wisconsin,2010-11,NA,NULL,NULL,NULL,NULL,NA
MMR,,States,Wyoming,2010-11,NA,NULL,NULL,NULL,NULL,NA
MMR,,States,Montana,2010-11,NA,NULL,NULL,NULL,NULL,NA
MMR,,States,Missouri,2010-11,NA,NULL,NULL,NULL,NULL,NA
MMR,,States,Mississippi,2010-11,NA,NULL,NULL,NULL,NULL,NA
MMR,,States,Arkansas,2011-12,94.9,38754,92.2,NULL,NULL,Census
MMR,,States,Oklahoma,2011-12,95,52987,90.9,¶,NULL,Census
MMR,,States,Montana,2011-12,95,12128,100,*,NULL,Census
MMR,,States,Michigan,2011-12,95,124962,100,*,NULL,Census
MMR,,States,Nevada,2011-12,95.3,36557,5.2,NULL,NULL,2-stage Cluster Sample
MMR,,States,Minnesota,2011-12,95.7,71213,99.2,NULL,NULL,Census
MMR,,States,New Mexico,2011-12,95.7,29159,2,NULL,NULL,2-stage Cluster Sample
MMR,,States,Ohio,2011-12,96.1,146144,94.5,NULL,NULL,Convenient
MMR,,States,Georgia,2011-12,96.6,143065,1.9,NULL,NULL,2-stage Cluster Sample
MMR,,States,Missouri,2011-12,96.8,75240,4.7,NULL,NULL,2-stage Cluster Sample
MMR,,States,Delaware,2011-12,96.9,11327,7.4,≥,NULL,2-stage Cluster Sample
MMR,,States,New York,2011-12,96.9,236016,100,*,NULL,Census
MMR,,States,Illinois,2011-12,97.3,163311,100,*,NULL,Census
MMR,,States,Tennessee,2011-12,97.3,83950,99.9,≥,NULL,Census
MMR,,States,Connecticut,2011-12,97.4,45695,100,*,NULL,Census
MMR,,States,South Dakota,2011-12,97.4,12127,100,*,NULL,Census
MMR,,States,Utah,2011-12,98,53800,100,*,NULL,Census
MMR,,States,Louisiana,2011-12,98.1,69013,100,*,NULL,Census
MMR,,States,Maryland,2011-12,98.7,72957,67.2,NULL,NULL,Voluntary Response
MMR,,States,Nebraska,2011-12,99,26715,96.6,NULL,NULL,Census
MMR,,States,Mississippi,2011-12,99.2,44912,100,≥. *,NULL,Census
MMR,,States,Montana,2013-14,93.7,12855,95.4,NULL,NULL,Census
MMR,,States,Arizona,2013-14,93.9,89606,95.8,NULL,NULL,Census
MMR,,States,Georgia,2013-14,94,143988,100,≥. *,NULL,Census
MMR,,States,Alaska,2013-14,94.4,10222,9.3,†,NULL,Stratified  2-stage cluster sample
MMR,,States,New Hampshire,2013-14,94.7,13240,100,≥. *,NULL,Census
MMR,,States,Massachusetts,2011-12,94.2,79551,97.5,NULL,NULL,Census
MMR,,States,Pennsylvania,2011-12,86.9,148042,99,NULL,NULL,Census
MMR,,States,Kansas,2011-12,88.2,38402,52.7,†,NULL,Stratified 1-stage sample  (Public);  Census (Private)
MMR,,States,Idaho,2011-12,89.2,22762,100,*,NULL,Census
MMR,,States,North Dakota,2011-12,90.6,8412,5.8,¶,NULL,Convenient
MMR,,States,Iowa,2011-12,91.1,40978,100,≥. *,NULL,Census
MMR,,States,Rhode Island,2011-12,91.7,12552,13.9,NULL,NULL,2-stage Cluster Sample
MMR,,States,Indiana,2012-13,95.4,86983,83.4,NULL,NULL,Voluntary Response
MMR,,States,Illinois,2012-13,95.5,166884,100,*,NULL,Census
MMR,,States,Delaware,2012-13,95.7,11997,7.8,≥,NULL,2-stage Cluster Sample
MMR,,States,Nebraska,2012-13,96,24999,96.6,‡,NULL,Census
MMR,,States,Ohio,2012-13,96.3,163687,86.9,NULL,NULL,Census
MMR,,States,Minnesota,2012-13,96.3,73310,100,*. ‡,NULL,Census
MMR,,States,West Virginia,2012-13,96.3,22588,86.5,NULL,NULL,Voluntary Response
MMR,,States,Utah,2012-13,96.3,54605,100,*,NULL,Census
MMR,,States,New York,2012-13,96.6,239484,100,*. ‡,NULL,Census
MMR,,States,Louisiana,2012-13,96.6,68874,100,*,NULL,Census
MMR,,States,Missouri,2012-13,96.7,78416,5.9,NULL,NULL,2-stage Cluster Sample
MMR,,States,New Jersey,2012-13,97,122516,96.7,≥. ‡,NULL,Census
MMR,,States,Connecticut,2012-13,97.1,41604,100,*,NULL,Census
MMR,,States,Texas,2012-13,97.5,414688,96.6,‡,NULL,Census
MMR,,States,Wyoming,2012-13,97.5,8133,100,* .¶,NULL,Census
MMR,,States,South Dakota,2012-13,97.9,12468,100,*,NULL,Census
MMR,,States,Maryland,2012-13,98.2,75007,84.3,‡,NULL,Voluntary Response
MMR,,States,Mississippi,2012-13,99.9,46595,100,≥. *,NULL,Census
MMR,,States,New Hampshire,2012-13,NA,12943,99.2,NULL,NULL,Census
MMR,,States,Hawaii,2012-13,NA,20104,6.7,NULL,NULL,2-stage Cluster Sample
MMR,,States,Alaska,2012-13,NA,10319,97.8,NULL,NULL,Census
MMR,,States,District of Columbia,2012-13,NA,7842,100,*,NULL,Census
MMR,,States,North Carolina,2012-13,NA,130612,97.3,NULL,NULL,Census
MMR,,States,Colorado,2012-13,85.7,70657,0.5,NULL,NULL,Simple Random Sample
MMR,,States,Arkansas,2012-13,85.9,43212,96.3,‡,NULL,Census
MMR,,States,Pennsylvania,2012-13,87,151364,97.5,NULL,NULL,Census
MMR,,States,Idaho,2012-13,88.4,23888,100,*,NULL,Census
MMR,,States,North Dakota,2012-13,89.9,9503,4.9,NULL,NULL,2-stage Cluster Sample
MMR,,States,Kansas,2012-13,90,40738,31.8,†. ‡,NULL,Stratified 1-stage sample  (Public);  Census (Private)
MMR,,States,Oklahoma,2012-13,90.5,56943,95.5,NULL,NULL,Census
MMR,,States,Tennessee,2013-14,94.9,80212,99.8,≥,NULL,Census
MMR,,States,Rhode Island,2013-14,95.1,11521,99.1,‡,NULL,Census
MMR,,States,Massachusetts,2013-14,95.1,79894,97.9,‡,NULL,Census
MMR,,States,Missouri,2013-14,95.5,78140,100,*,NULL,Census
MMR,,States,Nevada,2013-14,95.6,35782,3.1,NULL,NULL,Stratified  2-stage cluster sample
MMR,,States,New Mexico,2013-14,95.9,30725,2.7,‡,NULL,Stratified  2-stage cluster sample
MMR,,States,Wisconsin,2012-13,92.8,72416,1.8,‡,NULL,2-stage Cluster Sample
MMR,,States,Vermont,2012-13,92.8,6792,100,*,NULL,Census
MMR,,States,Virginia,2012-13,93.1,104826,4.2,NULL,NULL,2-stage Cluster Sample
MMR,,States,Oregon,2012-13,93.5,47102,100,*. ‡,NULL,Census
MMR,,States,Nevada,2012-13,93.6,36070,4.3,NULL,NULL,2-stage Cluster Sample
MMR,,States,New Mexico,2012-13,93.9,29279,3.3,‡,NULL,2-stage Cluster Sample
MMR,,States,Louisiana,2013-14,96.8,63976,100,*,NULL,Census
MMR,,States,Connecticut,2013-14,96.9,40978,100,*,NULL,Census
MMR,,States,Texas,2013-14,97.5,409255,97.1,‡,NULL,Census
MMR,,States,Michigan,2013-14,97.5,120297,100,*,NULL,Census
MMR,,States,Maryland,2013-14,97.6,75659,96.9,‡,NULL,Census
MMR,,States,Utah,2013-14,98.5,54779,100,*,NULL,Census
MMR,,States,Mississippi,2013-14,99.7,45719,100,≥. *,NULL,Census
MMR,,States,Wyoming,2013-14,NA,NULL,NULL,NULL,NULL,Not conducted
MMR,,States,North Carolina,2013-14,NA,126084,97.7,NULL,NULL,Census
MMR,,States,District of Columbia,2013-14,NA,7856,100,*,NULL,Census
MMR,,States,Hawaii,2013-14,NA,20056,5.4,NULL,NULL,Stratified  2-stage cluster sample
MMR,,States,Colorado,2013-14,81.7,69904,0.5,NULL,NULL,Random Sample
MMR,,States,Pennsylvania,2013-14,85.3,151253,100,*. ‡,NULL,Census
MMR,,States,Arkansas,2013-14,86.5,42649,96.3,NULL,NULL,Census
MMR,,States,Kansas,2013-14,86.9,41107,29,†. ‡,NULL,Stratified 1-stage sample  (Public);  Census (Private)
MMR,,States,Idaho,2013-14,88.2,23934,100,*,NULL,Census
MMR,,States,Washington,2013-14,89.7,89165,88.5,NULL,NULL,Voluntary response
MMR,,States,Maine,2013-14,89.9,15441,82.4,‡,NULL,Voluntary response
MMR,,States,North Dakota,2013-14,90,9780,96.1,NULL,NULL,Census (Public); Stratified  2-stage cluster sample(Private)
MMR,,States,Iowa,2013-14,91,43728,94.6,≥,NULL,Census
MMR,,States,Vermont,2013-14,91.2,6771,100,*,NULL,Census
MMR,,States,Alabama,2013-14,92,76927,100,≥. *. **,NULL,Census
MMR,,States,California,2013-14,92.3,548606,97.3,‡,NULL,Census
MMR,,States,Wisconsin,2013-14,92.6,71363,2.8,‡,NULL,Stratified  2-stage cluster sample
MMR,,States,Kentucky,2013-14,92.6,57857,100,*,NULL,Census
MMR,,States,Indiana,2013-14,92.9,87193,70.3,NULL,NULL,Voluntary response
MMR,,States,Virginia,2013-14,93.1,105692,4.1,NULL,NULL,2-stage cluster  sample
MMR,,States,Florida,2013-14,93.2,233797,100,≥. *. §,NULL,Census
MMR,,States,Oregon,2013-14,93.2,47649,100,*. ‡,NULL,Census
MMR,,States,Minnesota,2013-14,93.4,72087,98.5,‡,NULL,Census
MMR,,States,North Carolina,2014-15,96.5,129792,95,NULL,NULL,Census (public). Voluntary response (private)
MMR,,States,South Carolina,2014-15,96.5,62864,12.2,NULL,NULL,Stratified 1-stage cluster sample
MMR,,States,Louisiana,2014-15,96.8,60377,100,*,NULL,Census
MMR,,States,Wyoming,2014-15,96.8,7983,97.9,¶,NULL,Census
MMR,,States,Connecticut,2014-15,97,39948,100,*,NULL,Census
MMR,,States,South Dakota,2014-15,97.1,12008,100,*,NULL,Census
MMR,,States,Texas,2014-15,97.4,406099,98.3,‡,NULL,Census (public); Voluntary response (private)
MMR,,States,West Virginia,2014-15,97.6,22016,81.3,NULL,NULL,Voluntary response
MMR,,States,New Mexico,2014-15,97.7,29918,3.3,†,NULL,Stratified 2-stage cluster sample
MMR,,States,South Carolina,2011-12,94.5,59307,10.7,NULL,NULL,1-stage Cluster Sample
MMR,,States,Arizona,2011-12,94.7,88293,96.9,NULL,NULL,Census
MMR,,States,Arizona,2012-13,94.5,90054,97.6,NULL,NULL,Census
MMR,,States,Tennessee,2012-13,94.5,85801,97,≥,NULL,Census
MMR,,States,Massachusetts,2012-13,94.8,79661,97.6,‡,NULL,Census
MMR,,States,Montana,2012-13,94.8,12516,95.8,NULL,NULL,Census
MMR,,States,Georgia,2012-13,95.1,142732,2.4,≥,NULL,2-stage Cluster Sample
MMR,,States,Idaho,2014-15,89.5,22968,100,*,NULL,Census
MMR,,States,North Dakota,2014-15,89.8,10017,99.9,NULL,NULL,Census
MMR,,States,District of Columbia,2014-15,89.9,7840,100,*,NULL,Census
MMR,,States,Oklahoma,2014-15,90.3,56967,95.9,‡,NULL,Census
MMR,,States,New Hampshire,2014-15,91.4,12422,98.9,≥,NULL,Census (public); Voluntary response (private)
MMR,,States,Wisconsin,2014-15,91.6,69335,2.5,‡,NULL,Stratified 2-stage cluster sample
MMR,,States,Pennsylvania,2014-15,91.7,146378,98.3,‡,NULL,Census
MMR,,States,Iowa,2014-15,91.9,43239,96.3,≥,NULL,Census
MMR,,States,Ohio,2014-15,91.9,149080,91,NULL,NULL,Census (public); Voluntary response (private)
MMR,,States,Maine,2014-15,92.1,13704,88.9,‡,NULL,Voluntary response (public); Census (private)
MMR,,States,New Jersey,2014-15,92.3,120471,93.9,≥. ‡,NULL,Census (public); Voluntary response (private)
MMR,,States,California,2014-15,92.6,552583,96.9,‡,NULL,Census
MMR,,States,Kentucky,2014-15,92.7,57884,97.2,‡,NULL,Census
MMR,,States,Vermont,2014-15,92.7,6277,100,*,NULL,Census
MMR,,States,Alaska,2014-15,92.7,10129,7.8,†,NULL,Stratified 2-stage cluster sample
MMR,,States,Florida,2014-15,93.3,228982,100,≥. *. §,NULL,Census
MMR,,States,Virginia,2014-15,93.4,103821,4.1,NULL,NULL,Stratified 2-stage cluster sample
MMR,,States,Minnesota,2014-15,93.5,70896,97.8,NULL,NULL,Census
MMR,,States,Alabama,2014-15,93.5,59660,100,≥. *,NULL,Census
MMR,,States,Georgia,2014-15,94,139471,100,≥. *,NULL,Census
MMR,,States,Nevada,2014-15,94,36755,2.8,NULL,NULL,Stratified 2-stage cluster sample
MMR,,States,Utah,2014-15,94,50916,100,*,NULL,Census
MMR,,States,Illinois,2015-16,94.9,151309,100,*,NULL,Census
MMR,,States,Montana,2015-16,94.9,11484,100,*,NULL,Census
MMR,,States,Michigan,2012-13,94.4,124662,100,*,NULL,Census
MMR,,States,Illinois,2013-14,94.7,163316,100,*,NULL,Census
MMR,,States,Texas,2015-16,97.6,394801,98.7,‡.§,NULL,Census (public); Voluntary response (private)
MMR,,States,Delaware,2015-16,97.6,11589,9.5,NULL,NULL,Stratified 2-stage cluster sample
MMR,,States,Maryland,2015-16,99.4,72012,94.3,‡,NULL,Census (public); Voluntary response (private)
MMR,,States,Mississippi,2015-16,99.4,41042,100,≥.*,NULL,Census
MMR,,States,Colorado,2015-16,87.1,69137,0.5,NULL,NULL,Simple random sample
MMR,,States,District of Columbia,2015-16,88.5,8080,100,*,NULL,Census
MMR,,States,Indiana,2015-16,89.2,83525,69.5,NULL,NULL,Voluntary response
MMR,,States,Kansas,2015-16,89.4,39555,21,†.‡.§,NULL,Stratified 2-stage cluster sample
MMR,,States,Idaho,2015-16,90.2,22686,100,*,NULL,Census
MMR,,States,North Dakota,2015-16,90.7,9875,97.1,NULL,NULL,Census
MMR,,States,West Virginia,2013-14,96.1,22814,84.7,NULL,NULL,Voluntary response
MMR,,States,Ohio,2013-14,96.2,150000,92.5,NULL,NULL,Census
MMR,,States,Delaware,2013-14,96.4,11997,12.2,≥,NULL,Stratified  2-stage cluster sample
MMR,,States,Oklahoma,2013-14,96.4,57377,71.3,NULL,NULL,Voluntary response
MMR,,States,Nebraska,2013-14,96.6,27000,97.3,‡,NULL,Census
MMR,,States,South Dakota,2013-14,96.6,12566,100,*,NULL,Census
MMR,,States,New Jersey,2013-14,96.8,123085,95.4,≥. ‡,NULL,Census
MMR,,States,New York,2013-14,96.8,240318,100,*. ‡,NULL,Census
MMR,,States,South Carolina,2013-14,96.8,61661,11,NULL,NULL,1-stage stratified sample
MMR,,States,Tennessee,2015-16,93.5,79233,100,*.§,NULL,Census
MMR,,States,Vermont,2015-16,93.6,6366,100,*,NULL,Census
MMR,,States,Florida,2015-16,93.7,224430,100,≥.*.§,NULL,Census
MMR,,States,Oregon,2015-16,93.9,45531,100,*.‡,NULL,Census
MMR,,States,Arizona,2015-16,94.2,83088,100,*,NULL,Census
MMR,,States,Utah,2015-16,94.2,50114,100,*,NULL,Census
MMR,,States,Oklahoma,2015-16,94.4,54335,96.1,‡,NULL,Census
MMR,,States,California,2015-16,94.5,593788,92.8,‡,NULL,Census
MMR,,States,Georgia,2015-16,94.6,131403,100,≥.*,NULL,Census
MMR,,States,Nevada,2015-16,94.7,37118,3.3,NULL,NULL,Stratified 2-stage cluster sample
MMR,,States,Virginia,2016-17,94.1,102357,4,†,NULL,Stratified 2-stage cluster sample
MMR,,States,Florida,2016-17,94.1,224463,100,≥.*.§,NULL,Census
MMR,,States,Illinois,2016-17,94.9,151309,97.7,NULL,NULL,Census
MMR,,States,Oregon,2014-15,94.1,46229,100,*.‡,NULL,Census
MMR,,States,Arizona,2014-15,94.2,86153,98.3,NULL,NULL,Census
MMR,,States,Michigan,2014-15,94.3,117963,100,*,NULL,Census
MMR,,States,Montana,2014-15,94.6,12501,95.7,NULL,NULL,Census (public); Voluntary response (private)
MMR,,States,Illinois,2014-15,94.7,156942,100,*,NULL,Census
MMR,,States,Massachusetts,2014-15,94.7,74869,100,*. ‡,NULL,Census
MMR,,States,Tennessee,2014-15,95.1,78276,100,≥. *,NULL,Census
MMR,,States,Rhode Island,2014-15,95.7,11163,98.9,‡,NULL,Census
MMR,,States,Missouri,2014-15,95.8,75900,100,*,NULL,Census
MMR,,States,Nebraska,2014-15,96,26665,100,*. ‡,NULL,Census
MMR,,States,Idaho,2016-17,89.9,22589,100,*,NULL,Census
MMR,,States,Washington,2016-17,90.5,87142,98.2,§,NULL,Census
MMR,,States,Kentucky,2016-17,90.8,51487,92.9,‡.§,NULL,Census
MMR,,States,Nevada,2016-17,90.9,36885,3.7,NULL,NULL,Stratified 2-stage cluster sample
MMR,,States,New Hampshire,2016-17,91.5,12145,100,≥.*,NULL,Census
MMR,,States,Arkansas,2016-17,91.9,39666,75.9,‡,NULL,Voluntary response
MMR,,States,Iowa,2016-17,92.6,39587,100,≥.*,NULL,Census
MMR,,States,Ohio,2016-17,92.6,137542,95.5,NULL,NULL,Census
MMR,,States,Minnesota,2016-17,92.8,69140,96.7,§,NULL,Census
MMR,,States,Delaware,2014-15,97.8,11476,7.9,NULL,NULL,Stratified 2-stage cluster sample
MMR,,States,New York,2014-15,98.2,237045,100,*.‡,NULL,Census
MMR,,States,Maryland,2014-15,99.1,75391,90.2,‡,NULL,Census (public); Voluntary response (private)
MMR,,States,Mississippi,2014-15,99.2,44129,100,≥. *,NULL,Census
MMR,,States,Hawaii,2014-15,NA,20085,5.6,NULL,NULL,Stratified 2-stage cluster sample
MMR,,States,Colorado,2014-15,86.9,70597,0.5,NULL,NULL,Simple random sample
MMR,,States,Arkansas,2014-15,88.4,41252,95.9,‡,NULL,Census (public); Voluntary response (private)
MMR,,States,Kansas,2014-15,89.2,39685,24.5,†.‡,NULL,Stratified 2-stage cluster sample
MMR,,States,Indiana,2014-15,89.3,85477,70.1,NULL,NULL,Voluntary response
MMR,,States,Washington,2014-15,89.4,88809,96.7,NULL,NULL,Census (public); Voluntary response (private)
MMR,,States,Maine,2017-18,94.3,13255,95.9,NULL,NULL,Census
MMR,,States,North Dakota,2017-18,94.2,10365,99.4,NULL,NULL,Census
MMR,,States,Vermont,2017-18,94.1,6255,100,*,NULL,Census
MMR,,States,Florida,2017-18,93.7,222397,100,≥.*.§,NULL,Census
MMR,,States,Arizona,2017-18,93.4,81710,100,*,NULL,Census
MMR,,States,Maine,2015-16,95.1,13526,90.5,NULL,NULL,Census
MMR,,States,West Virginia,2015-16,95.2,21333,87.6,NULL,NULL,Voluntary response
MMR,,States,Pennsylvania,2015-16,95.5,143298,93.2,NULL,NULL,Census (public); Voluntary response (private)
MMR,,States,Nebraska,2015-16,95.6,30409,100,*.‡,NULL,Census
MMR,,States,New York,2015-16,95.6,232521,100,*,NULL,Census
MMR,,States,Virginia,2015-16,95.7,100074,4.3,†.§,NULL,Stratified 2-stage cluster sample
MMR,,States,Michigan,2015-16,95.7,116299,100,*,NULL,Census
MMR,,States,Missouri,2015-16,95.7,74413,100,*.§,NULL,Census
MMR,,States,New Mexico,2015-16,96.2,29049,2.7,†,NULL,Stratified 2-stage cluster sample
MMR,,States,New Jersey,2015-16,96.3,110116,100,≥.*,NULL,Census
MMR,,States,Massachusetts,2015-16,96.4,72897,100,*.‡,NULL,Census
MMR,,States,Rhode Island,2015-16,96.4,11165,100,*.‡.§,NULL,Census
MMR,,States,South Dakota,2015-16,96.5,12181,100,*,NULL,Census
MMR,,States,South Carolina,2015-16,96.5,59240,8.9,NULL,NULL,Stratified 1-stage cluster sample
MMR,,States,Louisiana,2015-16,96.8,59159,100,*,NULL,Census
MMR,,States,Wyoming,2015-16,96.9,7825,74,§.¶,NULL,Voluntary response
MMR,,States,Connecticut,2015-16,97,39533,100,*,NULL,Census
MMR,,States,North Carolina,2015-16,97.3,128290,92,‡.§,NULL,Census (public). Voluntary response (private)
Polio,,States,Louisiana,2012-13,99,68874,100,*,NULL,Census
Polio,,States,New York,2012-13,98.4,239484,100,*. ‡,NULL,Census
Polio,,States,Wisconsin,2012-13,98.2,72416,1.8,‡,NULL,2-stage Cluster Sample
Polio,,States,Utah,2012-13,98.1,54605,100,*,NULL,Census
Polio,,States,Wyoming,2012-13,97.6,8133,100,* .¶,NULL,Census
Polio,,States,South Dakota,2012-13,97.6,12468,100,*,NULL,Census
Polio,,States,Nebraska,2012-13,97.5,24999,96.6,‡,NULL,Census
MMR,,States,Arkansas,2015-16,90.8,40258,95.6,‡,NULL,Census (public); Voluntary response (private)
MMR,,States,Washington,2015-16,91,86492,97.3,§,NULL,Census
MMR,,States,Hawaii,2015-16,91.6,16325,6.7,NULL,NULL,Stratified 2-stage cluster sample
MMR,,States,Iowa,2015-16,91.8,41215,100,≥.*,NULL,Census
MMR,,States,New Hampshire,2015-16,91.9,11852,99.8,≥,NULL,Census
MMR,,States,Ohio,2015-16,92.1,144604,93.7,NULL,NULL,Census (public); Voluntary response (private)
MMR,,States,Kentucky,2015-16,92.2,54353,99.5,‡.§,NULL,Census
MMR,,States,Minnesota,2015-16,92.8,69710,97.8,§,NULL,Census
MMR,,States,Alabama,2015-16,93.1,60392,100,≥.*,NULL,Census
MMR,,States,Wisconsin,2015-16,93.2,70220,2,‡.§,NULL,Stratified 2-stage cluster sample
MMR,,States,Alaska,2015-16,93.5,9937,7.8,†.§,NULL,Stratified 2-stage cluster sample
MMR,,States,New Mexico,2016-17,95.5,27119,4.5,NULL,NULL,Stratified 2-stage cluster sample
MMR,,States,Michigan,2016-17,95.6,118777,100,*,NULL,Census
MMR,,States,West Virginia,2016-17,95.9,28666,66.5,§,NULL,Census (public). voluntary response (private)
MMR,,States,South Carolina,2016-17,96,59177,8.9,NULL,NULL,Stratified 1-stage cluster sample
MMR,,States,Massachusetts,2016-17,96.1,70109,100,*.‡,NULL,Census
MMR,,States,North Carolina,2016-17,96.2,126454,88.2,‡.§,NULL,Voluntary response
MMR,,States,New Jersey,2016-17,96.5,109577,100,≥.*,NULL,Census
MMR,,States,Connecticut,2016-17,96.7,39002,100,*,NULL,Census
MMR,,States,South Dakota,2016-17,96.7,12106,99.8,NULL,NULL,Census
MMR,,States,Nebraska,2016-17,96.7,27117,100,*.‡.‡‡,NULL,Census
MMR,,States,Tennessee,2016-17,96.9,78169,100,*.§,NULL,Census
MMR,,States,Louisiana,2016-17,97.1,55257,100,*,NULL,Census
MMR,,States,Texas,2016-17,97.3,389999,99,‡.§,NULL,Census
MMR,,States,California,2016-17,97.3,575305,97.8,‡,NULL,Census
MMR,,States,New York,2016-17,97.3,227050,100,*,NULL,Census
MMR,,States,Maryland,2016-17,97.9,71467,98.1,‡,NULL,Census
MMR,,States,Delaware,2016-17,98.5,11490,9.3,NULL,NULL,Stratified 2-stage cluster sample
MMR,,States,Mississippi,2016-17,99.4,40509,100,≥.*,NULL,Census
MMR,,States,Wyoming,2016-17,NA,NULL,NULL,NULL,NULL,Not conducted
MMR,,States,Oklahoma,2016-17,NA,52184,0,‡.¶,NULL,Census
MMR,,States,Colorado,2016-17,87.3,64440,100,*,NULL,Census
MMR,,States,Indiana,2016-17,88.9,83263,80.3,NULL,NULL,Voluntary response
MMR,,States,Alaska,2016-17,89,9815,7.6,†.§,NULL,Stratified 2-stage cluster sample
MMR,,States,Kansas,2016-17,89.5,38298,22.9,†.‡.§,NULL,Stratified 2-stage cluster sample
Polio,,States,Alaska,2014-15,94.8,10129,7.8,†,NULL,Stratified 2-stage cluster sample
Polio,,States,Massachusetts,2014-15,95,74869,100,*. ‡,NULL,Census
Polio,,States,Tennessee,2014-15,95.1,78276,100,≥. *,NULL,Census
Polio,,States,Montana,2014-15,95.2,12501,95.7,NULL,NULL,Census (public); Voluntary response (private)
Polio,,States,Maine,2014-15,95.6,13704,88.9,‡,NULL,Voluntary response (public); Census (private)
MMR,,States,Georgia,2016-17,93.3,136165,100,≥.*,NULL,Census
MMR,,States,Hawaii,2016-17,93.5,16325,6.7,NULL,NULL,Stratified 2-stage cluster sample
MMR,,States,Pennsylvania,2016-17,93.6,143888,84.4,NULL,NULL,Voluntary response
MMR,,States,Vermont,2016-17,93.6,6344,100,*,NULL,Census
MMR,,States,Alabama,2016-17,93.8,58394,100,≥.*,NULL,Census
MMR,,States,Montana,2016-17,93.8,11956,100,*,NULL,Census
MMR,,States,North Dakota,2016-17,93.8,9799,98.7,NULL,NULL,Census
MMR,,States,Oregon,2016-17,93.8,45705,100,*.‡,NULL,Census
MMR,,States,Utah,2016-17,93.8,49073,100,*,NULL,Census
MMR,,States,Arizona,2016-17,94,83627,100,*,NULL,Census
MMR,,States,Wisconsin,2016-17,94,67607,2.2,†.‡.§,NULL,Stratified 2-stage cluster sample
MMR,,States,New Mexico,2017-18,94.8,26896,99.6,NULL,NULL,Stratified 2-stage cluster sample
MMR,,States,Alaska,2017-18,91.6,9692,84.4,†.§,NULL,Stratified 2-stage cluster sample
MMR,,States,Washington,2017-18,90.6,85118,96.9,§,NULL,Census
MMR,,States,Indiana,2017-18,90.4,84296,96.4,NULL,NULL,Voluntary Response
MMR,,States,Idaho,2017-18,89.5,22553,99,NULL,NULL,Census
MMR,,States,Kansas,2017-18,89.1,38484,23.1,†.‡.§,NULL,Stratified 2-stage cluster sample
MMR,,States,Colorado,2017-18,88.7,65718,100,*,NULL,Census
MMR,,States,Wyoming,2017-18,NA,NULL,NULL,NULL,NULL,Not conducted
MMR,,States,Mississippi,2017-18,99.4,39284,100,≥.*,NULL,Census
MMR,,States,West Virginia,2017-18,98.4,19519,79.3,¶,NULL,Voluntary response
MMR,,States,Maryland,2017-18,97.4,68528,98.5,‡,NULL,Census
MMR,,States,New York,2017-18,97.2,226456,100,*,NULL,Census
MMR,,States,North Carolina,2017-18,97,127197,90.9,‡.§,NULL,Census
MMR,,States,California,2017-18,96.9,574702,100,‡,NULL,Census
MMR,,States,Texas,2017-18,96.9,387981,99.4,‡.§,NULL,Census
MMR,,States,Tennessee,2017-18,96.9,78743,100,*.§,NULL,Census
MMR,,States,Nebraska,2017-18,96.2,26313,98.6,‡.‡‡,NULL,Census
MMR,,States,South Carolina,2017-18,96.3,58458,27,NULL,NULL,Stratified 1-stage cluster sample
MMR,,States,Massachusetts,2017-18,96.3,63377,100,*.‡,NULL,Census
MMR,,States,Rhode Island,2017-18,96.4,11025,100,*.‡.§,NULL,Census
MMR,,States,Connecticut,2017-18,96.5,39174,100,*,NULL,Census
MMR,,States,South Dakota,2017-18,96.6,12125,99.9,NULL,NULL,Census
MMR,,States,Pennsylvania,2017-18,96.7,141571,93.3,NULL,NULL,Voluntary response
MMR,,States,Delaware,2017-18,96.7,10988,9.5,NULL,NULL,Stratified 2-stage cluster sample
Polio,,States,Mississippi,2012-13,99.9,46595,100,≥. *,NULL,Census
Polio,,States,Maryland,2012-13,99.6,75007,84.3,‡,NULL,Voluntary Response
Polio,,States,New Mexico,2013-14,97.4,30725,2.7,‡,NULL,Stratified  2-stage cluster sample
Polio,,States,Texas,2013-14,97.4,409255,97.1,‡,NULL,Census
Polio,,States,Alaska,2013-14,97.2,10222,9.3,†,NULL,Stratified  2-stage cluster sample
Polio,,States,Nebraska,2013-14,97.1,27000,97.3,‡,NULL,Census
Polio,,States,New Jersey,2013-14,96.8,123085,95.4,≥. ‡,NULL,Census
Polio,,States,Texas,2012-13,97.5,414688,96.6,‡,NULL,Census
Polio,,States,Nevada,2012-13,97.4,36070,4.3,NULL,NULL,2-stage Cluster Sample
Polio,,States,Connecticut,2012-13,97.2,41604,100,*,NULL,Census
Polio,,States,New Jersey,2012-13,97,122516,96.7,≥. ‡,NULL,Census
Polio,,States,Missouri,2012-13,96.9,78416,5.9,NULL,NULL,2-stage Cluster Sample
Polio,,States,New Mexico,2012-13,96.8,29279,3.3,‡,NULL,2-stage Cluster Sample
Polio,,States,Illinois,2013-14,94.9,163316,100,*,NULL,Census
Polio,,States,Maryland,2013-14,99.2,75659,96.9,‡,NULL,Census
Polio,,States,Louisiana,2013-14,99,63976,100,*,NULL,Census
MMR,,States,Maine,2016-17,94.9,13834,90.1,NULL,NULL,Voluntary response (public). census (private)
MMR,,States,Rhode Island,2016-17,95.1,11100,98.4,‡.§,NULL,Census
MMR,,States,Missouri,2016-17,95.4,73355,100,*,NULL,Census
Polio,,States,District of Columbia,2013-14,NA,7856,100,*,NULL,Census
Polio,,States,Hawaii,2013-14,NA,20056,5.4,NULL,NULL,Stratified  2-stage cluster sample
Polio,,States,Colorado,2013-14,78.3,69904,0.5,NULL,NULL,Random Sample
Polio,,States,Arkansas,2013-14,80.2,42649,96.3,NULL,NULL,Census
Polio,,States,Kansas,2013-14,86.7,41107,29,†. ‡,NULL,Stratified 1-stage sample  (Public);  Census (Private)
Polio,,States,Idaho,2013-14,88.4,23934,100,*,NULL,Census
Polio,,States,Washington,2013-14,89.1,89165,88.5,NULL,NULL,Voluntary response
Polio,,States,Indiana,2013-14,90,87193,70.3,NULL,NULL,Voluntary response
Polio,,States,North Dakota,2013-14,90.7,9780,96.1,NULL,NULL,Census (Public); Stratified  2-stage cluster sample(Private)
Polio,,States,Iowa,2013-14,91,43728,94.6,≥,NULL,Census
Polio,,States,Vermont,2013-14,91.8,6771,100,*,NULL,Census
Polio,,States,Alabama,2013-14,92,76927,100,≥. *. **,NULL,Census
Polio,,States,California,2013-14,92.6,548606,97.3,‡,NULL,Census
Polio,,States,Florida,2013-14,93.2,233797,100,≥. *. §,NULL,Census
Polio,,States,Pennsylvania,2013-14,93.2,151253,100,*. ‡,NULL,Census
Polio,,States,Virginia,2013-14,93.3,105692,4.1,NULL,NULL,2-stage cluster  sample
Polio,,States,Oregon,2013-14,93.3,47649,100,*. ‡,NULL,Census
Polio,,States,Maine,2013-14,93.4,15441,82.4,‡,NULL,Voluntary response
Polio,,States,Georgia,2013-14,94,143988,100,≥. *,NULL,Census
Polio,,States,Kentucky,2013-14,94.3,57857,100,*,NULL,Census
Polio,,States,Massachusetts,2013-14,94.4,79894,97.9,‡,NULL,Census
Polio,,States,Arizona,2013-14,94.7,89606,95.8,NULL,NULL,Census
Polio,,States,New Hampshire,2013-14,94.7,13240,100,≥. *,NULL,Census
Polio,,States,Nevada,2013-14,94.8,35782,3.1,NULL,NULL,Stratified  2-stage cluster sample
Polio,,States,North Carolina,2013-14,NA,126084,97.7,NULL,NULL,Census
Polio,,States,South Carolina,2014-15,97.7,62864,12.2,NULL,NULL,Stratified 1-stage cluster sample
Polio,,States,New Mexico,2014-15,97.9,29918,3.3,†,NULL,Stratified 2-stage cluster sample
Polio,,States,Delaware,2014-15,98.2,11476,7.9,NULL,NULL,Stratified 2-stage cluster sample
Polio,,States,West Virginia,2014-15,98.8,22016,81.3,NULL,NULL,Voluntary response
Polio,,States,Louisiana,2014-15,98.9,60377,100,*,NULL,Census
Polio,,States,Mississippi,2014-15,99.2,44129,100,≥. *,NULL,Census
MMR,,States,Georgia,2017-18,93.4,131459,100,≥.*,NULL,Census
MMR,,States,Utah,2017-18,93.4,48827,100,*,NULL,Census
MMR,,States,Montana,2017-18,93.2,12188,100,*,NULL,Census
MMR,,States,Oregon,2017-18,93.2,45818,100,*.‡,NULL,Census
MMR,,States,Iowa,2017-18,93,39632,100,≥.*,NULL,Census
MMR,,States,Nevada,2017-18,93,37178,4.8,NULL,NULL,Stratified 2-stage cluster sample
MMR,,States,Alabama,2017-18,92.7,57245,100,≥.*,NULL,Census
MMR,,States,Kentucky,2017-18,92.6,55152,99,‡.§,NULL,Census
MMR,,States,Oklahoma,2017-18,92.6,53898,92.1,§,NULL,Census (public). voluntary response (private)
MMR,,States,Minnesota,2017-18,92.5,69807,98.1,§,NULL,Census
MMR,,States,New Hampshire,2017-18,92.4,12165,100,≥,NULL,Census
MMR,,States,Ohio,2017-18,92.1,138753,94.9,NULL,NULL,Census
MMR,,States,Arkansas,2017-18,91.9,39630,95.4,‡,NULL,Census
MMR,,States,Wisconsin,2017-18,91.8,66178,2.3,†.‡.§,NULL,Stratified 2-stage cluster sample
Polio,,States,California,2014-15,93,552583,96.9,‡,NULL,Census
Polio,,States,Florida,2014-15,93.3,228982,100,≥. *. §,NULL,Census
Polio,,States,Alabama,2014-15,93.5,59660,100,≥. *,NULL,Census
Polio,,States,Vermont,2014-15,93.7,6277,100,*,NULL,Census
Polio,,States,Nevada,2014-15,93.7,36755,2.8,NULL,NULL,Stratified 2-stage cluster sample
Polio,,States,Georgia,2014-15,94,139471,100,≥. *,NULL,Census
Polio,,States,Oregon,2014-15,94,46229,100,*.‡,NULL,Census
Polio,,States,Utah,2014-15,94.2,50916,100,*,NULL,Census
Polio,,States,Minnesota,2014-15,94.3,70896,97.8,NULL,NULL,Census
Polio,,States,Kentucky,2014-15,94.7,57884,97.2,‡,NULL,Census
Polio,,States,Arizona,2014-15,94.7,86153,98.3,NULL,NULL,Census
Polio,,States,Illinois,2014-15,94.8,156942,100,*,NULL,Census
Polio,,States,Maryland,2015-16,99.8,72012,94.3,‡,NULL,Census (public); Voluntary response (private)
Polio,,States,Mississippi,2015-16,99.4,41042,100,≥.*,NULL,Census
Polio,,States,Delaware,2015-16,98.2,11589,9.5,NULL,NULL,Stratified 2-stage cluster sample
Polio,,States,Pennsylvania,2015-16,97.8,143298,93.2,NULL,NULL,Census (public); Voluntary response (private)
Polio,,States,Texas,2015-16,97.6,394801,98.7,‡.§,NULL,Census (public); Voluntary response (private)
Polio,,States,South Carolina,2015-16,97.5,59240,8.9,NULL,NULL,Stratified 1-stage cluster sample
Polio,,States,Connecticut,2013-14,98.7,40978,100,*,NULL,Census
Polio,,States,Utah,2013-14,98.4,54779,100,*,NULL,Census
Polio,,States,New York,2013-14,98.1,240318,100,*. ‡,NULL,Census
Polio,,States,South Carolina,2013-14,97.6,61661,11,NULL,NULL,1-stage stratified sample
Polio,,States,Georgia,2015-16,94.6,131403,100,≥.*,NULL,Census
Polio,,States,Arizona,2015-16,94.6,83088,100,*,NULL,Census
Polio,,States,Hawaii,2015-16,94.4,16325,6.7,NULL,NULL,Stratified 2-stage cluster sample
Polio,,States,Kentucky,2015-16,94.3,54353,99.5,‡.§,NULL,Census
Polio,,States,Utah,2015-16,94.1,50114,100,*,NULL,Census
Polio,,States,New York,2015-16,94,232521,100,*,NULL,Census
Polio,,States,Wisconsin,2013-14,96.7,71363,2.8,‡,NULL,Stratified  2-stage cluster sample
Polio,,States,Minnesota,2013-14,96.6,72087,98.5,‡,NULL,Census
Polio,,States,Oklahoma,2013-14,96.5,57377,71.3,NULL,NULL,Voluntary response
Polio,,States,Ohio,2013-14,96.4,150000,92.5,NULL,NULL,Census
Polio,,States,South Dakota,2013-14,96.4,12566,100,*,NULL,Census
Polio,,States,Delaware,2013-14,96.4,11997,12.2,≥,NULL,Stratified  2-stage cluster sample
Polio,,States,West Virginia,2013-14,96.1,22814,84.7,NULL,NULL,Voluntary response
Polio,,States,Rhode Island,2013-14,96,11521,99.1,‡,NULL,Census
Polio,,States,Missouri,2013-14,95.9,78140,100,*,NULL,Census
Polio,,States,Michigan,2013-14,95.4,120297,100,*,NULL,Census
Polio,,States,Montana,2013-14,95.3,12855,95.4,NULL,NULL,Census
Polio,,States,Tennessee,2013-14,94.9,80212,99.8,≥,NULL,Census
Polio,,States,Mississippi,2013-14,99.7,45719,100,≥. *,NULL,Census
Polio,,States,Wyoming,2013-14,NA,NULL,NULL,NULL,NULL,Not conducted
Polio,,States,Colorado,2015-16,82.3,69137,0.5,NULL,NULL,Simple random sample
Polio,,States,Ohio,2016-17,92.7,137542,95.5,NULL,NULL,Census
Polio,,States,Georgia,2016-17,93.3,136165,100,≥.*,NULL,Census
Polio,,States,Oregon,2016-17,93.5,45705,100,*.‡,NULL,Census
Polio,,States,Vermont,2016-17,93.5,6344,100,*,NULL,Census
Polio,,States,Virginia,2016-17,93.6,102357,4,†,NULL,Stratified 2-stage cluster sample
Polio,,States,South Dakota,2016-17,96.5,12106,99.8,NULL,NULL,Census
Polio,,States,Michigan,2016-17,96.2,118777,100,*,NULL,Census
Polio,,States,North Carolina,2016-17,96.2,126454,88.2,‡.§,NULL,Voluntary response
Polio,,States,West Virginia,2016-17,96.2,28666,66.5,§,NULL,Census (public). voluntary response (private)
Polio,,States,Michigan,2014-15,95.6,117963,100,*,NULL,Census
Polio,,States,Rhode Island,2014-15,96.2,11163,98.9,‡,NULL,Census
Polio,,States,Missouri,2014-15,96.3,75900,100,*,NULL,Census
Polio,,States,North Carolina,2014-15,96.7,129792,95,NULL,NULL,Census (public). Voluntary response (private)
Polio,,States,Wisconsin,2014-15,96.7,69335,2.5,‡,NULL,Stratified 2-stage cluster sample
Polio,,States,South Dakota,2014-15,96.8,12008,100,*,NULL,Census
Polio,,States,Wyoming,2014-15,96.9,7983,97.9,¶,NULL,Census
Polio,,States,Pennsylvania,2014-15,97,146378,98.3,‡,NULL,Census
Polio,,States,Connecticut,2014-15,97,39948,100,*,NULL,Census
Polio,,States,Texas,2014-15,97.3,406099,98.3,‡,NULL,Census (public); Voluntary response (private)
Polio,,States,New York,2014-15,97.5,237045,100,*.‡,NULL,Census
Polio,,States,Nebraska,2014-15,97.6,26665,100,*. ‡,NULL,Census
Exemption,Medical Exemption,States,Pennsylvania,2022-23,0.4,137259,97.2,NULL,504,"Census (pub.), vol. response (pvt.)"
Exemption,Medical Exemption,States,Oklahoma,2022-23,0.4,52548,89.5,NULL,204,"Census (pub.), vol. response (pvt.)"
Exemption,Medical Exemption,States,Nevada,2022-23,0.4,34333,89.1,†,136,"Vol. response (pub.), census (pvt.)"
Exemption,Medical Exemption,States,Colorado,2022-23,0.3,65576,97.2,>=. §. ||,197,Census
Exemption,Medical Exemption,States,Virginia,2022-23,0.3,93271,99.1,†,283,Census
Polio,,States,Maryland,2014-15,99.7,75391,90.2,‡,NULL,Census (public); Voluntary response (private)
Polio,,States,Hawaii,2014-15,NA,20085,5.6,NULL,NULL,Stratified 2-stage cluster sample
Polio,,States,Colorado,2014-15,81.4,70597,0.5,NULL,NULL,Simple random sample
Polio,,States,Arkansas,2014-15,84.5,41252,95.9,‡,NULL,Census (public); Voluntary response (private)
Polio,,States,Washington,2014-15,88.4,88809,96.7,NULL,NULL,Census (public); Voluntary response (private)
Polio,,States,Indiana,2014-15,89.7,85477,70.1,NULL,NULL,Voluntary response
Polio,,States,Kansas,2014-15,90,39685,24.5,†.‡,NULL,Stratified 2-stage cluster sample
Polio,,States,Idaho,2014-15,90.1,22968,100,*,NULL,Census
Polio,,States,Oklahoma,2014-15,90.4,56967,95.9,‡,NULL,Census
Polio,,States,North Dakota,2014-15,90.9,10017,99.9,NULL,NULL,Census
Polio,,States,New Hampshire,2014-15,91.4,12422,98.9,≥,NULL,Census (public); Voluntary response (private)
Polio,,States,Iowa,2014-15,91.9,43239,96.3,≥,NULL,Census
Polio,,States,Virginia,2014-15,91.9,103821,4.1,NULL,NULL,Stratified 2-stage cluster sample
Polio,,States,District of Columbia,2014-15,92.2,7840,100,*,NULL,Census
Polio,,States,New Jersey,2014-15,92.3,120471,93.9,≥. ‡,NULL,Census (public); Voluntary response (private)
Polio,,States,Ohio,2014-15,92.5,149080,91,NULL,NULL,Census (public); Voluntary response (private)
Exemption,Medical Exemption,States,California,2021-22,0.3,512144,98.4,†. ‡,1383,Census
Polio,,States,Nebraska,2015-16,97.1,30409,100,*.‡,NULL,Census
Polio,,States,North Carolina,2015-16,97.1,128290,92,‡.§,NULL,Census (public). Voluntary response (private)
Polio,,States,Rhode Island,2015-16,97,11165,100,*.‡.§,NULL,Census
Polio,,States,Connecticut,2015-16,97,39533,100,*,NULL,Census
Polio,,States,Louisiana,2015-16,96.9,59159,100,*,NULL,Census
Polio,,States,Wyoming,2015-16,96.9,7825,74,§.¶,NULL,Voluntary response
Polio,,States,Massachusetts,2015-16,96.7,72897,100,*.‡,NULL,Census
Polio,,States,New Jersey,2015-16,96.3,110116,100,≥.*,NULL,Census
Polio,,States,Michigan,2015-16,96.3,116299,100,*,NULL,Census
Polio,,States,South Dakota,2015-16,96.3,12181,100,*,NULL,Census
Polio,,States,Maine,2015-16,96,13526,90.5,NULL,NULL,Census
Polio,,States,Missouri,2015-16,96,74413,100,*.§,NULL,Census
Polio,,States,Oklahoma,2015-16,95.9,54335,96.1,‡,NULL,Census
Polio,,States,New Mexico,2015-16,95.6,29049,2.7,†,NULL,Stratified 2-stage cluster sample
Polio,,States,Nevada,2015-16,95.6,37118,3.3,NULL,NULL,Stratified 2-stage cluster sample
Polio,,States,West Virginia,2015-16,95.4,21333,87.6,NULL,NULL,Voluntary response
Polio,,States,Montana,2015-16,95.3,11484,100,*,NULL,Census
Polio,,States,Alaska,2015-16,95.2,9937,7.8,†.§,NULL,Stratified 2-stage cluster sample
Polio,,States,Illinois,2015-16,94.9,151309,100,*,NULL,Census
Polio,,States,California,2015-16,94.7,593788,92.8,‡,NULL,Census
Exemption,Medical Exemption,States,South Dakota,2022-23,0.1,12081,100,†,11,Census
Exemption,Medical Exemption,States,Rhode Island,2022-23,0.1,10532,96.5,†,11,Census
Exemption,Medical Exemption,States,Oregon,2022-23,0.1,40963,100,||,37,Census
Exemption,Medical Exemption,States,North Carolina,2022-23,0.1,125679,83.1,†,153,Vol. response
Polio,,States,Virginia,2015-16,93.9,100074,4.3,†.§,NULL,Stratified 2-stage cluster sample
Polio,,States,Vermont,2015-16,93.8,6366,100,*,NULL,Census
Polio,,States,Florida,2015-16,93.7,224430,100,≥.*.§,NULL,Census
Polio,,States,Oregon,2015-16,93.7,45531,100,*.‡,NULL,Census
Polio,,States,Minnesota,2015-16,93.7,69710,97.8,§,NULL,Census
Polio,,States,Tennessee,2015-16,93.6,79233,100,*.§,NULL,Census
Polio,,States,Wisconsin,2015-16,93.4,70220,2,‡.§,NULL,Stratified 2-stage cluster sample
Polio,,States,Alabama,2015-16,93.1,60392,100,≥.*,NULL,Census
Polio,,States,Ohio,2015-16,92.4,144604,93.7,NULL,NULL,Census (public); Voluntary response (private)
Polio,,States,New Hampshire,2015-16,91.9,11852,99.8,≥,NULL,Census
Polio,,States,Iowa,2015-16,91.8,41215,100,≥.*,NULL,Census
Polio,,States,North Dakota,2015-16,91.2,9875,97.1,NULL,NULL,Census
Polio,,States,District of Columbia,2015-16,90.7,8080,100,*,NULL,Census
Polio,,States,Idaho,2015-16,90.6,22686,100,*,NULL,Census
Polio,,States,Indiana,2015-16,89.7,83525,69.5,NULL,NULL,Voluntary response
Polio,,States,Washington,2015-16,88.7,86492,97.3,§,NULL,Census
Polio,,States,Kansas,2015-16,88.3,39555,21,†.‡.§,NULL,Stratified 2-stage cluster sample
Polio,,States,Arkansas,2015-16,88.1,40258,95.6,‡,NULL,Census (public); Voluntary response (private)
Exemption,Medical Exemption,States,Florida,2023-24,0.3,228213,100,†,729,Census
Exemption,Medical Exemption,States,New Hampshire,2023-24,0.3,11871,100,†,34,Census
Exemption,Medical Exemption,States,Alaska,2023-24,0.3,8644,88.9,†. ‡‡,27,"Census (pub.), not conducted (prv.)"
Exemption,Medical Exemption,States,Iowa,2023-24,0.2,38611,100,†,64,Census
Exemption,Medical Exemption,States,Kentucky,2023-24,0.2,52609,100,†,111,Census
Exemption,Medical Exemption,States,Wyoming,2023-24,0.2,6754,100,†,14,Census
Exemption,Medical Exemption,States,Maryland,2021-22,0.5,53866,98.4,†,258,Census
Exemption,Medical Exemption,States,Alaska,2021-22,0.5,9790,76.2,†. ‡‡,45,"Vol. response (pub.), not conducted (pvt.)"
Exemption,Medical Exemption,States,Idaho,2021-22,0.5,23854,99.6,||,128,Census
Exemption,Medical Exemption,States,Maine,2021-22,1.5,12881,91.6,NULL,199,Census
Exemption,Medical Exemption,States,Louisiana,2021-22,0,66518,100,NULL,29,Census
Exemption,Medical Exemption,States,Maine,2022-23,0.8,12403,93.9,NULL,98,Census
Exemption,Medical Exemption,States,Alaska,2022-23,0.7,9650,88.8,†. ‡‡,72,"Vol. response (pub.), not conducted (pvt.)"
Exemption,Medical Exemption,States,Hawaii,2022-23,0.6,13195,8.1,†,78,Stratified 2-stage cluster sample
Exemption,Medical Exemption,States,Wisconsin,2022-23,0.5,63593,93.9,NULL,340,"Census (pub.), vol. response (pvt.)"
Exemption,Medical Exemption,States,Idaho,2022-23,0.5,23721,99.3,||,126,Census
Exemption,Medical Exemption,States,Nebraska,2022-23,0.5,23176,100,†,123,Census
Exemption,Medical Exemption,States,Maryland,2022-23,0.5,59684,100,†,307,Census
Exemption,Medical Exemption,States,Florida,2022-23,0.4,230309,97.7,†,832,Census
Exemption,Medical Exemption,States,Washington,2022-23,0.4,86284,97.9,NULL,366,Census
Exemption,Medical Exemption,States,District of Columbia,2023-24,0.2,7874,100,†,15,Census
Exemption,Medical Exemption,States,Missouri,2023-24,0.2,69014,100,>=. †. §,151,Census
Exemption,Medical Exemption,States,Colorado,2023-24,0.2,61662,100,>=. §. ||,105,Census
Exemption,Medical Exemption,States,Mississippi,2023-24,0.1,36105,100,†,52,Census
Exemption,Medical Exemption,States,New Jersey,2023-24,0.1,105408,100,†,142,Census
Exemption,Medical Exemption,States,Kansas,2022-23,0.3,35543,85,†,116,Census
Exemption,Medical Exemption,States,District of Columbia,2022-23,0.3,8064,100,†,27,Census
Exemption,Medical Exemption,States,Connecticut,2022-23,0.3,35580,100,†,112,Census
Exemption,Medical Exemption,States,North Dakota,2022-23,0.2,10554,99.4,NULL,22,Census
Exemption,Medical Exemption,States,Ohio,2022-23,0.2,134893,93.7,||,275,"Census (pub.), vol. response (pvt.)"
Exemption,Medical Exemption,States,Utah,2021-22,0.3,48995,100,NULL,129,Census
Exemption,Medical Exemption,States,Wisconsin,2021-22,0.3,64275,96.8,NULL,198,"Census (pub.), vol. response (pvt.)"
Exemption,Medical Exemption,States,Pennsylvania,2021-22,0.3,139558,94.9,NULL,466,"Census (pub.), vol. response (pvt.)"
Exemption,Medical Exemption,States,North Dakota,2021-22,0.3,10755,96.6,NULL,27,Census
Exemption,Medical Exemption,States,Virginia,2021-22,0.3,95996,96.1,†,263,Census
Exemption,Medical Exemption,States,New Mexico,2021-22,0.3,20736,100,†,58,Census
Exemption,Medical Exemption,States,Nebraska,2021-22,0.3,25018,99.5,†,85,Census
Exemption,Medical Exemption,States,Nevada,2021-22,0.4,36855,99.2,†,164,"Census (pub.), vol. response (pvt.)"
Exemption,Medical Exemption,States,Arizona,2021-22,0.4,83463,97,‡,302,Census
Exemption,Medical Exemption,States,Florida,2021-22,0.4,229432,97.8,†,860,Census
Exemption,Medical Exemption,States,Washington,2021-22,0.5,87256,97.3,NULL,465,"Census (pub.), vol. response (pvt.)"
Exemption,Medical Exemption,States,Michigan,2021-22,0.2,114251,100,NULL,266,Census
Exemption,Medical Exemption,States,New Hampshire,2021-22,0.2,12157,100,†,29,Census
Exemption,Medical Exemption,States,Missouri,2021-22,0.2,71034,100,>=. †. §,140,Census
Exemption,Medical Exemption,States,Connecticut,2021-22,0.3,35451,100,†,102,Census
Exemption,Medical Exemption,States,Kentucky,2024-25,0.1,51319,100,†,73,Census
Exemption,Medical Exemption,States,TX-City of Houston,2022-23,0.2,37664,98.8,||,93,"Census (pub.), vol. response (pvt.)"
Exemption,Medical Exemption,States,Illinois,2022-23,0.2,135332,100,†. §,291,Census
Exemption,Medical Exemption,States,Indiana,2022-23,0.2,81307,87.5,†,175,"Vol. response (pub.), census (pvt.)"
Exemption,Medical Exemption,States,South Carolina,2022-23,0.2,58878,100,†,138,Census
Exemption,Medical Exemption,States,Iowa,2022-23,0.2,39178,100,†,68,Census
Exemption,Medical Exemption,States,Tennessee,2022-23,0.2,79692,100,†,122,Census
Exemption,Medical Exemption,States,Texas,2022-23,0.2,381680,98,||,850,Census
Exemption,Medical Exemption,States,California,2022-23,0.2,541132,100,†. ‡,1036,Census
Exemption,Medical Exemption,States,Vermont,2022-23,0.2,5816,100,†,14,Census
Exemption,Medical Exemption,States,Kentucky,2022-23,0.2,54742,96.9,†,95,Census
Exemption,Medical Exemption,States,Missouri,2022-23,0.2,69126,100,>=. †. §,133,Census
Exemption,Medical Exemption,States,Mississippi,2022-23,0.2,36048,100,†. ‡,71,Census
Exemption,Medical Exemption,States,Michigan,2022-23,0.2,113678,100,NULL,227,Census
Exemption,Medical Exemption,States,Massachusetts,2022-23,0.2,66041,100,†,112,Census
Exemption,Medical Exemption,States,Wyoming,2022-23,0.2,7060,100,†,16,Census
Exemption,Medical Exemption,States,Utah,2022-23,0.1,46635,100,NULL,57,Census
Exemption,Medical Exemption,States,Texas,2024-25,0.3,378860,97.3,||,1210,"Census (pub.), vol. response (prv.)"
Exemption,Medical Exemption,States,Connecticut,2024-25,0.4,30112,100,†,120,Census
Exemption,Medical Exemption,States,Washington,2024-25,0.4,76756,97.9,||||. ¶¶,273,Census
Exemption,Medical Exemption,States,Alaska,2024-25,0.4,7338,99.8,†. ‡‡,26,"Census (pub.), not conducted (prv.)"
Exemption,Medical Exemption,States,Delaware,2022-23,0.1,10674,9.7,†,15,Stratified 2-stage cluster sample
Exemption,Medical Exemption,States,Georgia,2022-23,0.1,123771,100,†,147,Census
Exemption,Medical Exemption,States,Arkansas,2022-23,0.1,38358,95.8,<,23,"Census (pub.), vol. response (pvt.)"
Exemption,Medical Exemption,States,Arizona,2022-23,0.1,80814,97.7,‡,64,Census
Exemption,Medical Exemption,States,NY-City of New York,2022-23,0.1,85379,97.6,†. ‡,63,"Census (pub.), vol. response (pvt.)"
Exemption,Medical Exemption,States,New York,2022-23,0.1,205906,96.6,†. ‡,247,"Census (pub.), vol. response (pvt.)"
Exemption,Medical Exemption,States,Alabama,2022-23,0.1,59113,100,†,79,Census
Exemption,Medical Exemption,States,New Mexico,2022-23,0.1,21068,100,†,28,Census
Exemption,Medical Exemption,States,New Jersey,2022-23,0.1,104468,100,†,133,Census
Exemption,Medical Exemption,States,New Hampshire,2022-23,0.1,11332,100,†,15,Census
Exemption,Medical Exemption,States,Minnesota,2022-23,0.1,68152,97.9,>=. §. ||,100,Census
Exemption,Medical Exemption,States,Louisiana,2022-23,0.1,54314,100,<,72,Census
Exemption,Medical Exemption,States,West Virginia,2022-23,0,19175,86.1,<. †. ‡,7,"Vol. response (pub.), census (pvt.)"
Exemption,Medical Exemption,States,Wisconsin,2023-24,0.4,62028,98.2,||||. ¶¶,239,Census
Exemption,Medical Exemption,States,Idaho,2023-24,0.4,22376,100,||,91,Census
Exemption,Medical Exemption,States,Washington,2023-24,0.4,84053,97.2,||||. ¶¶,342,Census
Exemption,Medical Exemption,States,Connecticut,2023-24,0.4,36184,100,†,128,Census
Exemption,Medical Exemption,States,Kansas,2023-24,0.3,34178,83.9,†,87,Census
Exemption,Medical Exemption,States,Illinois,2023-24,0.3,133578,100,>=. †. §,364,Census
Exemption,Medical Exemption,States,Virginia,2023-24,0.3,92633,100,†,273,Stratified 2-stage cluster sample
Exemption,Medical Exemption,States,Pennsylvania,2023-24,0.3,137593,96.5,NULL,438,Census
Exemption,Medical Exemption,States,Arizona,2023-24,0.4,74834,99.6,‡,305,Census
Exemption,Medical Exemption,States,Nebraska,2023-24,0.7,23118,100,>=. †. §,155,Census
Exemption,Medical Exemption,States,Maryland,2023-24,0.7,63224,100,†,451,Census
Exemption,Medical Exemption,States,Nevada,2023-24,0.9,31261,91.3,†,271,Census
Exemption,Medical Exemption,States,Maine,2023-24,0.9,12087,93,NULL,112,Census
Exemption,Medical Exemption,States,Delaware,2023-24,0.1,11043,12.1,†,8,Stratified 2-stage cluster sample
Exemption,Medical Exemption,States,California,2023-24,0.1,569680,100,†. ‡,648,Census
Exemption,Medical Exemption,States,Georgia,2023-24,0.1,136943,100,†,128,Census
Exemption,Medical Exemption,States,Hawaii,2023-24,0.1,13995,8.2,<. †,0,Stratified 2-stage cluster sample
Exemption,Medical Exemption,States,Alabama,2023-24,0.1,54565,100,†,44,Census
Exemption,Medical Exemption,States,South Carolina,2023-24,0.2,58069,100,†,108,Census
Exemption,Medical Exemption,States,Minnesota,2023-24,0.2,66032,99.1,>=. §. ||,110,Census
Exemption,Medical Exemption,States,Oklahoma,2023-24,0.2,49979,93.8,NULL,99,"Census (pub.), vol. response (prv.)"
Exemption,Medical Exemption,States,Ohio,2023-24,0.2,133716,94,||,266,"Census (pub.), vol. response (prv.)"
Exemption,Medical Exemption,States,North Dakota,2023-24,0.2,9708,97.5,NULL,20,Census
Exemption,Medical Exemption,States,Nebraska,2025-26,0.8,23807,100,�,187,Census
Exemption,Medical Exemption,States,West Virginia,2025-26,0.1,15445,93.3,<. �. �. ��,6,Census
Exemption,Medical Exemption,States,Oregon,2025-26,0.1,37309,100,||,35,Census
Exemption,Medical Exemption,States,New Mexico,2023-24,0.1,20699,100,†,29,Census
Exemption,Medical Exemption,States,New York,2023-24,0.1,200894,98.8,†. ‡,255,Census
Exemption,Medical Exemption,States,NY-City of New York,2023-24,0.1,85360,99.3,†. ‡,61,Census
Exemption,Medical Exemption,States,North Carolina,2023-24,0.1,125964,90.8,†,170,"Census (pub.), vol. response (prv.)"
Exemption,Medical Exemption,States,Oregon,2023-24,0.1,39568,100,||,46,Census
Exemption,Medical Exemption,States,Rhode Island,2023-24,0.1,10539,97.8,†,15,Census
Exemption,Medical Exemption,States,Tennessee,2023-24,0.1,79323,95.8,†,107,Census
Exemption,Medical Exemption,States,West Virginia,2023-24,0.1,18261,82.8,<. †. ‡,7,Vol. response
Exemption,Medical Exemption,States,Louisiana,2023-24,0.1,51839,100,NULL,56,Census
Exemption,Medical Exemption,States,Indiana,2023-24,0.1,80639,88.5,†,75,"Census (pub.), vol. response (prv.)"
Exemption,Medical Exemption,States,Arkansas,2023-24,0.1,37535,95.4,<,10,"Census (pub.), vol. response (prv.)"
Exemption,Medical Exemption,States,Mississippi,2024-25,0.1,35293,100,†,47,Census
Exemption,Medical Exemption,States,Arizona,2024-25,0.1,75024,97.4,‡,68,Census
Exemption,Medical Exemption,States,Arkansas,2024-25,0.1,37570,96.4,<,13,"Census (pub.), vol. response (prv.)"
Exemption,Medical Exemption,States,California,2024-25,0.1,590849,100,†. ‡,492,Census
Exemption,Medical Exemption,States,Indiana,2024-25,0.1,73744,92.7,†. ||||,86,"Census (pub.), vol. response (prv.)"
Exemption,Medical Exemption,States,Georgia,2024-25,0.1,114568,100,†,94,Census
Exemption,Medical Exemption,States,Delaware,2024-25,0.1,10393,14.2,<. †,1,"2-stage cluster sample (pub.), nonrandom 2-stage cluster sample (prv.)"
Exemption,Medical Exemption,States,NY-City of New York,2024-25,0.1,85986,96.9,†. ‡,62,"Census (pub.), vol. response (prv.)"
Exemption,Medical Exemption,States,North Carolina,2024-25,0.1,124028,91,†,145,"Census (pub.), vol. response (prv.)"
Exemption,Medical Exemption,States,Alabama,2024-25,0.1,53589,99.9,†,44,Census
Exemption,Medical Exemption,States,Oregon,2024-25,0.1,38247,100,||,31,Census
Exemption,Medical Exemption,States,Wyoming,2024-25,0.2,6564,100,†,15,Census
Exemption,Medical Exemption,States,Hawaii,2024-25,0.2,13804,10.5,†,21,Stratified 2-stage cluster sample
Exemption,Medical Exemption,States,New Hampshire,2024-25,0.2,11713,100,†,24,Census
Exemption,Medical Exemption,States,Missouri,2024-25,0.2,68163,100,>=. †. §,154,Census
Exemption,Medical Exemption,States,Minnesota,2024-25,0.2,64898,99.7,>=. §. ||,117,Census
Exemption,Medical Exemption,States,Michigan,2024-25,0.3,107636,100,NULL,277,Census
Exemption,Medical Exemption,States,Illinois,2024-25,0.3,132769,99.5,>=. †. §,399,Census
Exemption,Medical Exemption,States,Idaho,2024-25,0.3,22242,99.5,||,64,Census
Exemption,Medical Exemption,States,Florida,2024-25,0.3,221053,100,†,731,Census
Exemption,Medical Exemption,States,District of Columbia,2024-25,0.3,7997,100,†,20,Census
Exemption,Medical Exemption,States,Oklahoma,2024-25,0.3,47544,86.7,NULL,119,Vol. response
Exemption,Medical Exemption,States,Virginia,2024-25,0.3,91453,98,†,301,Census
Exemption,Medical Exemption,States,Pennsylvania,2024-25,0.3,140160,95.3,NULL,464,"Census (pub.), vol. response (prv.)"
Exemption,Medical Exemption,States,Utah,2024-25,0.3,45818,100,NULL,138,Census
Exemption,Medical Exemption,States,Kansas,2024-25,0.3,33892,81.6,†,104,Census
Exemption,Non-Medical Exemption,States,Oregon,2010-11,NA,NULL,NULL,NULL,NULL,NA
Exemption,Non-Medical Exemption,States,Oklahoma,2010-11,NA,NULL,NULL,NULL,NULL,NA
Exemption,Non-Medical Exemption,States,Ohio,2010-11,NA,NULL,NULL,NULL,NULL,NA
Exemption,Medical Exemption,States,Maryland,2024-25,0.5,66135,95.6,†,346,"Census (pub.), vol. response (prv.)"
Exemption,Medical Exemption,States,Wisconsin,2024-25,0.5,61120,95.7,||||. ¶¶,331,"Census (pub.), vol. response (prv.)"
Exemption,Medical Exemption,States,Nebraska,2024-25,0.5,24102,100,†,122,Census
Exemption,Medical Exemption,States,Nevada,2024-25,0.5,33272,92.6,†,153,"Census (pub.), vol. response (prv.)"
Exemption,Medical Exemption,States,Maine,2024-25,0.8,11761,95.4,†. ‡,97,Census
Exemption,Medical Exemption,States,South Dakota,2025-26,0.1,11009,100,�,11,Census
Exemption,Medical Exemption,States,Wyoming,2025-26,0.1,6146,100,�,4,Census
Exemption,Medical Exemption,States,North Carolina,2025-26,0.1,120045,90.1,�,123,"Census (pub.), vol. response (prv.)"
Exemption,Medical Exemption,States,NY-City of New York,2025-26,0.1,82534,98.1,�. �,85,Census
Exemption,Medical Exemption,States,New York,2025-26,0.1,203514,95.8,�. �,272,"Census (pub.), vol. response (prv.)"
Exemption,Medical Exemption,States,New Mexico,2025-26,0.1,19843,100,�,29,Census
Exemption,Medical Exemption,States,Alabama,2025-26,0.1,53378,100,�,63,Census
Exemption,Medical Exemption,States,New Jersey,2025-26,0.1,101602,92.3,�,146,Census
Exemption,Medical Exemption,States,Arizona,2025-26,0.1,73907,92.5,�,80,"Census (pub.), vol. response (prv.)"
Exemption,Medical Exemption,States,Arkansas,2025-26,0.1,35543,96.7,<,14,"Census (pub.), vol. response (prv.)"
Exemption,Medical Exemption,States,TX-City of Houston,2023-24,0.2,37882,67.7,||,81,Vol. response
Exemption,Medical Exemption,States,Massachusetts,2023-24,0.2,65424,100,†,126,Census
Exemption,Medical Exemption,States,Michigan,2023-24,0.2,110156,100,NULL,216,Census
Exemption,Medical Exemption,States,Vermont,2023-24,0.2,5630,100,†,11,Census
Exemption,Medical Exemption,States,Utah,2023-24,0.2,46228,100,NULL,93,Census
Exemption,Medical Exemption,States,Texas,2023-24,0.2,381421,92.4,||,817,"Census (pub.), vol. response (prv.)"
Exemption,Medical Exemption,States,South Dakota,2023-24,0.2,11744,99.8,†,27,Census
Exemption,Medical Exemption,States,New Hampshire,2025-26,0.2,11544,100,�,20,Census
Exemption,Medical Exemption,States,Florida,2025-26,0.3,213535,100,�,737,Census
Exemption,Medical Exemption,States,Pennsylvania,2025-26,0.3,134313,95.7,NULL,377,"Census (pub.), vol. response (prv.)"
Exemption,Medical Exemption,States,Virginia,2025-26,0.3,88950,95.7,�,250,Census
Exemption,Medical Exemption,States,Washington,2025-26,0.3,75631,99.1,||||. ��,235,Census
Exemption,Medical Exemption,States,Kansas,2025-26,0.4,33420,84.1,�,118,Census
Exemption,Medical Exemption,States,Indiana,2025-26,0.4,70886,87.1,�. ||||,314,Vol. response
Exemption,Medical Exemption,States,Maryland,2025-26,0.4,66945,97.8,�,254,"Census (pub.), vol. response (prv.)"
Exemption,Medical Exemption,States,Illinois,2025-26,0.4,128598,99.8,>=. �. �,571,Census
Exemption,Medical Exemption,States,Idaho,2025-26,0.4,21728,100,||,92,Census
Exemption,Medical Exemption,States,Nevada,2025-26,0.4,32815,93.6,�,127,"Census (pub.), vol. response (prv.)"
Exemption,Medical Exemption,States,Alaska,2025-26,0.4,8253,60.9,�. ��,37,"Vol. response (public), not conducted (private)"
Exemption,Medical Exemption,States,Utah,2025-26,0.4,44001,100,NULL,186,Census
Exemption,Medical Exemption,States,Wisconsin,2025-26,0.4,59360,96.6,||||. ��,209,"Census (pub.), vol. response (prv.)"
Exemption,Medical Exemption,States,Connecticut,2025-26,0.5,33118,100,�,169,Census
Exemption,Medical Exemption,States,Maine,2025-26,0.8,11634,94.4,�. �,92,Census
Exemption,Non-Medical Exemption,States,Louisiana,2009-10,0.5,53846,NULL,NULL,260,Census
Exemption,Non-Medical Exemption,States,South Carolina,2009-10,0.6,53725,NULL,†,303,Random sample
Exemption,Non-Medical Exemption,States,Delaware,2009-10,0.6,11327,NULL,†,65,Random sample
Exemption,Non-Medical Exemption,States,West Virginia,2009-10,NA,22730,NULL,‡. †,NULL,Voluntary response
Exemption,Non-Medical Exemption,States,New Hampshire,2009-10,NA,NULL,NULL,NULL,NULL,Not conducted
Exemption,Non-Medical Exemption,States,Wyoming,2009-10,NA,NULL,NULL,NULL,NULL,Not conducted
Exemption,Non-Medical Exemption,States,Missouri,2009-10,NA,75958,NULL,§,NULL,Random sample
Exemption,Non-Medical Exemption,States,Mississippi,2009-10,NA,46922,NULL,‡. †,NULL,Census
Exemption,Non-Medical Exemption,States,Minnesota,2009-10,NA,70653,NULL,NULL,NULL,Not conducted
Exemption,Non-Medical Exemption,States,Illinois,2009-10,NA,165845,NULL,§,NULL,Census
Exemption,Non-Medical Exemption,States,Colorado,2009-10,NA,NULL,NULL,NULL,NULL,Not conducted
Exemption,Medical Exemption,States,South Carolina,2024-25,0.1,57718,100,†,80,Census
Exemption,Medical Exemption,States,South Dakota,2024-25,0.1,11367,99.3,†,7,Census
Exemption,Medical Exemption,States,Tennessee,2024-25,0.1,78299,96.7,†,100,Census
Exemption,Medical Exemption,States,Louisiana,2024-25,0.1,49229,100,NULL,61,Census
Exemption,Medical Exemption,States,Massachusetts,2024-25,0.1,65581,100,†,98,Census
Exemption,Medical Exemption,States,New York,2024-25,0.1,234054,85.1,NULL,632,Vol. response
Exemption,Medical Exemption,States,New Mexico,2024-25,0.1,20180,100,†,19,Census
Exemption,Medical Exemption,States,New Jersey,2024-25,0.1,104339,100,†,140,Census
Exemption,Medical Exemption,States,Ohio,2024-25,0.2,131589,93.2,||,224,"Census (pub.), vol. response (prv.)"
Exemption,Medical Exemption,States,North Dakota,2024-25,0.2,9659,98.8,NULL,23,Census
Exemption,Medical Exemption,States,Iowa,2024-25,0.2,38268,100,†,62,Census
Exemption,Medical Exemption,States,Rhode Island,2024-25,0.2,10088,96.7,†,20,Census
Exemption,Medical Exemption,States,Colorado,2024-25,0.2,60055,100,>=. §. ||,92,Census
Exemption,Medical Exemption,States,TX-City of Houston,2024-25,0.2,36981,98.8,||,80,"Census (pub.), vol. response (prv.)"
Exemption,Medical Exemption,States,Vermont,2024-25,0.2,5432,100,†,11,Census
Exemption,Non-Medical Exemption,States,Kansas,2009-10,0.8,39073,NULL,†,304,Census
Exemption,Non-Medical Exemption,States,Texas,2009-10,0.8,381425,NULL,||. §,2904,Census
Exemption,Non-Medical Exemption,States,North Carolina,2009-10,0.7,116087,NULL,†,756,Census
Exemption,Non-Medical Exemption,States,Massachusetts,2009-10,0.7,74476,NULL,†,538,Census
Exemption,Non-Medical Exemption,States,South Dakota,2009-10,0.7,11499,NULL,†,83,Census
Exemption,Non-Medical Exemption,States,New Mexico,2009-10,0.7,26318,NULL,†,183,Random sample
Exemption,Non-Medical Exemption,States,Virginia,2009-10,0.7,100891,NULL,†,751,Random sample
Exemption,Non-Medical Exemption,States,New Jersey,2010-11,NA,NULL,NULL,NULL,NULL,NA
Exemption,Non-Medical Exemption,States,New Mexico,2010-11,NA,NULL,NULL,NULL,NULL,NA
Exemption,Non-Medical Exemption,States,New York,2010-11,NA,NULL,NULL,NULL,NULL,NA
Exemption,Non-Medical Exemption,States,North Carolina,2010-11,NA,NULL,NULL,NULL,NULL,NA
Exemption,Non-Medical Exemption,States,North Dakota,2010-11,NA,NULL,NULL,NULL,NULL,NA
Exemption,Non-Medical Exemption,States,Texas,2010-11,NA,NULL,NULL,NULL,NULL,NA
Exemption,Non-Medical Exemption,States,Tennessee,2010-11,NA,NULL,NULL,NULL,NULL,NA
Exemption,Non-Medical Exemption,States,South Dakota,2010-11,NA,NULL,NULL,NULL,NULL,NA
Exemption,Non-Medical Exemption,States,South Carolina,2010-11,NA,NULL,NULL,NULL,NULL,NA
Exemption,Non-Medical Exemption,States,Rhode Island,2010-11,NA,NULL,NULL,NULL,NULL,NA
Exemption,Non-Medical Exemption,States,Pennsylvania,2010-11,NA,NULL,NULL,NULL,NULL,NA
Exemption,Non-Medical Exemption,States,Kentucky,2010-11,NA,NULL,NULL,NULL,NULL,NA
Exemption,Non-Medical Exemption,States,Kansas,2010-11,NA,NULL,NULL,NULL,NULL,NA
Exemption,Non-Medical Exemption,States,Iowa,2010-11,NA,NULL,NULL,NULL,NULL,NA
Exemption,Non-Medical Exemption,States,Indiana,2010-11,NA,NULL,NULL,NULL,NULL,NA
Exemption,Non-Medical Exemption,States,Illinois,2010-11,NA,NULL,NULL,NULL,NULL,NA
Exemption,Non-Medical Exemption,States,Massachusetts,2011-12,1,79551,NULL,†,742,Census
Exemption,Medical Exemption,States,California,2025-26,0.1,614405,100,�. �,558,Census
Exemption,Medical Exemption,States,Delaware,2025-26,0.1,10729,12.9,<. �,4,"2-stage cluster sample (pub.), nonrandom 2-stage cluster sample (prv.)"
Exemption,Medical Exemption,States,Mississippi,2025-26,0.1,34969,100,�,34,Census
Exemption,Medical Exemption,States,Georgia,2025-26,0.1,118864,100,�,85,Census
Exemption,Medical Exemption,States,Hawaii,2025-26,0.1,13791,11.7,<. �,3,Stratified 2-stage cluster sample
Exemption,Medical Exemption,States,Iowa,2025-26,0.1,37490,100,�,46,Census
Exemption,Medical Exemption,States,TX-City of Houston,2025-26,0.2,36071,94.6,||,85,"Census (pub.), vol. response (prv.)"
Exemption,Medical Exemption,States,Texas,2025-26,0.2,358586,98.3,||,762,"Census (pub.), vol. response (prv.)"
Exemption,Medical Exemption,States,Tennessee,2025-26,0.2,73415,97.4,�,114,Census
Exemption,Medical Exemption,States,South Carolina,2025-26,0.2,57542,100,�,99,Census
Exemption,Medical Exemption,States,Rhode Island,2025-26,0.2,10123,97.1,�,20,Census
Exemption,Medical Exemption,States,Vermont,2025-26,0.2,5298,100,�,8,Census
Exemption,Medical Exemption,States,Oklahoma,2025-26,0.2,47844,90.7,NULL,108,"Census (pub.), vol. response (prv.)"
Exemption,Medical Exemption,States,Ohio,2025-26,0.2,129087,95.9,||,249,"Census (pub.), vol. response (prv.)"
Exemption,Medical Exemption,States,North Dakota,2025-26,0.2,9344,98.6,NULL,16,Census
Exemption,Medical Exemption,States,Colorado,2025-26,0.2,60049,100,>=. �. ||,98,Census
Exemption,Medical Exemption,States,District of Columbia,2025-26,0.2,7871,100,�,17,Census
Exemption,Medical Exemption,States,Kentucky,2025-26,0.2,49937,100,�,103,Census
Exemption,Medical Exemption,States,Louisiana,2025-26,0.2,50223,100,NULL,81,Census
Exemption,Medical Exemption,States,Massachusetts,2025-26,0.2,65331,100,�,102,Census
Exemption,Medical Exemption,States,Michigan,2025-26,0.2,104614,100,NULL,232,Census
Exemption,Medical Exemption,States,Minnesota,2025-26,0.2,63451,99.9,>=. �. ||,111,Census
Exemption,Medical Exemption,States,Missouri,2025-26,0.2,66610,100,>=. �. �,143,Census
Exemption,Non-Medical Exemption,States,North Dakota,2011-12,1,8412,NULL,NULL,5,Convenient
Exemption,Non-Medical Exemption,States,Oklahoma,2011-12,1,52987,NULL,NULL,474,Census
Exemption,Non-Medical Exemption,States,South Carolina,2011-12,1,59307,NULL,†,59,1-stage Cluster Sample
Exemption,Non-Medical Exemption,States,Iowa,2011-12,1,40978,NULL,†,412,Census
Exemption,Non-Medical Exemption,States,Rhode Island,2009-10,0.2,11818,NULL,†,26,Random sample
Exemption,Non-Medical Exemption,States,Kentucky,2009-10,0.3,56526,NULL,†,193,Census
Exemption,Non-Medical Exemption,States,District of Columbia,2009-10,0.3,6092,NULL,†,20,Census
Exemption,Non-Medical Exemption,States,Alabama,2009-10,0.4,75358,NULL,†. ¶,282,Census
Exemption,Non-Medical Exemption,States,Arkansas,2009-10,0.5,34733,NULL,NULL,165,Census
Exemption,Non-Medical Exemption,States,Tennessee,2009-10,0.5,90811,NULL,†,421,Voluntary response
Exemption,Non-Medical Exemption,States,New York,2009-10,0.5,229273,NULL,†,1117,Census
Exemption,Non-Medical Exemption,States,Maryland,2009-10,0.5,75061,NULL,†,393,Voluntary response
Exemption,Non-Medical Exemption,States,California,2012-13,2.8,535523,NULL,‡,14921,Census
Exemption,Non-Medical Exemption,States,New Hampshire,2012-13,2.3,12943,NULL,†,298,Census
Exemption,Non-Medical Exemption,States,Georgia,2012-13,2.2,142732,NULL,†,73,2-stage Cluster Sample
Exemption,Non-Medical Exemption,States,Washington,2009-10,5.7,81511,NULL,NULL,4684,Census
Exemption,Non-Medical Exemption,States,Vermont,2009-10,5.3,6713,NULL,NULL,354,Census
Exemption,Non-Medical Exemption,States,Oregon,2009-10,5.2,44676,NULL,†,2330,Census
Exemption,Non-Medical Exemption,States,Alaska,2009-10,3.8,9641,NULL,†,369,Voluntary response
Exemption,Non-Medical Exemption,States,Michigan,2009-10,3.8,129810,NULL,NULL,4872,Census
Exemption,Non-Medical Exemption,States,Utah,2009-10,3.6,49957,NULL,NULL,1815,Census
Exemption,Non-Medical Exemption,States,Hawaii,2009-10,3.5,18427,NULL,†,645,Random sample
Exemption,Non-Medical Exemption,States,Idaho,2009-10,3.5,22624,NULL,NULL,794,Census
Exemption,Non-Medical Exemption,States,Wisconsin,2009-10,3.1,61095,NULL,NULL,1868,Random sample
Exemption,Non-Medical Exemption,States,Maine,2009-10,3,14162,NULL,NULL,423,Voluntary response
Exemption,Non-Medical Exemption,States,Arizona,2009-10,2.8,89287,NULL,‡,2479,Census
Exemption,Non-Medical Exemption,States,Nebraska,2009-10,2.8,29607,NULL,†,802,Census
Exemption,Non-Medical Exemption,States,Montana,2009-10,2.2,12335,NULL,†,262,Census
Exemption,Non-Medical Exemption,States,California,2009-10,2,507191,NULL,‡,10280,Census
Exemption,Non-Medical Exemption,States,Pennsylvania,2009-10,2,149656,NULL,||,2924,Census
Exemption,Non-Medical Exemption,States,Ohio,2009-10,1.2,131137,NULL,||,1515,Census
Exemption,Non-Medical Exemption,States,Nevada,2009-10,1,35209,NULL,†,357,Random sample
Exemption,Non-Medical Exemption,States,Florida,2009-10,1,218630,NULL,†,2100,Census
Exemption,Non-Medical Exemption,States,Georgia,2009-10,1,141949,NULL,†,1478,Random sample
Exemption,Non-Medical Exemption,States,Oklahoma,2009-10,0.9,51128,NULL,NULL,456,Voluntary response
Exemption,Non-Medical Exemption,States,New Jersey,2009-10,0.8,118347,NULL,†,905,Census
Exemption,Non-Medical Exemption,States,Connecticut,2009-10,0.8,46158,NULL,†,387,Census
Exemption,Non-Medical Exemption,States,North Dakota,2009-10,0.8,8323,NULL,NULL,67,Random sample
Exemption,Non-Medical Exemption,States,Indiana,2009-10,0.8,84390,NULL,†,674,Census
Exemption,Non-Medical Exemption,States,Iowa,2009-10,0.8,42698,NULL,†,359,Census
Exemption,Non-Medical Exemption,States,Vermont,2010-11,NA,NULL,NULL,NULL,NULL,NA
Exemption,Non-Medical Exemption,States,Virginia,2010-11,NA,NULL,NULL,NULL,NULL,NA
Exemption,Non-Medical Exemption,States,Washington,2010-11,NA,NULL,NULL,NULL,NULL,NA
Exemption,Non-Medical Exemption,States,Delaware,2010-11,NA,NULL,NULL,NULL,NULL,NA
Exemption,Non-Medical Exemption,States,Connecticut,2010-11,NA,NULL,NULL,NULL,NULL,NA
Exemption,Non-Medical Exemption,States,New Hampshire,2010-11,NA,NULL,NULL,NULL,NULL,NA
Exemption,Non-Medical Exemption,States,Nevada,2010-11,NA,NULL,NULL,NULL,NULL,NA
Exemption,Non-Medical Exemption,States,Nebraska,2010-11,NA,NULL,NULL,NULL,NULL,NA
Exemption,Non-Medical Exemption,States,Montana,2010-11,NA,NULL,NULL,NULL,NULL,NA
Exemption,Non-Medical Exemption,States,Missouri,2010-11,NA,NULL,NULL,NULL,NULL,NA
Exemption,Non-Medical Exemption,States,Mississippi,2010-11,NA,NULL,NULL,NULL,NULL,NA
Exemption,Non-Medical Exemption,States,Minnesota,2010-11,NA,NULL,NULL,NULL,NULL,NA
Exemption,Non-Medical Exemption,States,Michigan,2010-11,NA,NULL,NULL,NULL,NULL,NA
Exemption,Non-Medical Exemption,States,Massachusetts,2010-11,NA,NULL,NULL,NULL,NULL,NA
Exemption,Non-Medical Exemption,States,Maryland,2010-11,NA,NULL,NULL,NULL,NULL,NA
Exemption,Non-Medical Exemption,States,Maine,2010-11,NA,NULL,NULL,NULL,NULL,NA
Exemption,Non-Medical Exemption,States,Louisiana,2010-11,NA,NULL,NULL,NULL,NULL,NA
Exemption,Non-Medical Exemption,States,Pennsylvania,2013-14,1.7,151253,NULL,NULL,2552,Census
Exemption,Non-Medical Exemption,States,Minnesota,2013-14,1.7,72087,NULL,§,1225,Census
Exemption,Non-Medical Exemption,States,Texas,2011-12,1,388178,NULL,||. §,3889,Census
Exemption,Non-Medical Exemption,States,New Jersey,2011-12,1.1,118669,NULL,†,1278,Census
Exemption,Non-Medical Exemption,States,Florida,2011-12,1.2,225532,NULL,†,2771,Census
Exemption,Non-Medical Exemption,States,Georgia,2011-12,1.2,143065,NULL,†,57,2-stage Cluster Sample
Exemption,Non-Medical Exemption,States,Ohio,2011-12,1.3,146144,NULL,||,1582,Convenient
Exemption,Non-Medical Exemption,States,Pennsylvania,2011-12,1.4,148042,NULL,||,2083,Census
Exemption,Non-Medical Exemption,States,Minnesota,2011-12,1.5,71213,NULL,§,1086,Census
Exemption,Non-Medical Exemption,States,Nevada,2011-12,1.5,36557,NULL,†,38,2-stage Cluster Sample
Exemption,Non-Medical Exemption,States,Missouri,2011-12,1.8,75240,NULL,§,71,2-stage Cluster Sample
Exemption,Non-Medical Exemption,States,New Hampshire,2011-12,1.9,13022,NULL,†,251,Census
Exemption,Non-Medical Exemption,States,New Mexico,2011-12,2,29159,NULL,†,12,2-stage Cluster Sample
Exemption,Non-Medical Exemption,States,California,2011-12,2.4,542544,NULL,‡,12665,Census
Exemption,Non-Medical Exemption,States,Montana,2011-12,2.6,12128,NULL,†,312,Census
Exemption,Non-Medical Exemption,States,Maine,2011-12,3.5,13829,NULL,NULL,470,Census
Exemption,Non-Medical Exemption,States,Arizona,2011-12,3.5,88293,NULL,‡,2948,Census
Exemption,Non-Medical Exemption,States,Utah,2011-12,3.6,53800,NULL,NULL,1953,Census
Exemption,Non-Medical Exemption,States,Hawaii,2011-12,3.8,19443,NULL,†,58,2-stage Cluster Sample
Exemption,Non-Medical Exemption,States,Wisconsin,2011-12,4.1,70672,NULL,NULL,69,2-stage Cluster Sample
Exemption,Non-Medical Exemption,States,Washington,2011-12,4.2,85134,NULL,NULL,3096,Voluntary Response
Exemption,Non-Medical Exemption,States,Illinois,2011-12,4.5,163311,NULL,§,7270,Census
Exemption,Non-Medical Exemption,States,Michigan,2011-12,4.9,124962,NULL,NULL,6165,Census
Exemption,Non-Medical Exemption,States,Idaho,2011-12,5.1,22762,NULL,NULL,1165,Census
Exemption,Non-Medical Exemption,States,Vermont,2011-12,5.4,6548,NULL,NULL,351,Census
Exemption,Non-Medical Exemption,States,Alaska,2011-12,5.7,10286,NULL,†,43,Non-random Cluster Sample
Exemption,Non-Medical Exemption,States,Oregon,2011-12,5.8,45855,NULL,†,2648,Census
Exemption,Non-Medical Exemption,States,Nebraska,2011-12,1,26715,NULL,†,251,Census
Exemption,Non-Medical Exemption,States,Nebraska,2012-13,1.1,24999,NULL,†,269,Census
Exemption,Non-Medical Exemption,States,Massachusetts,2012-13,1.1,79661,NULL,†,843,Census
Exemption,Non-Medical Exemption,States,Iowa,2012-13,1.2,41701,NULL,†,500,Census
Exemption,Non-Medical Exemption,States,New Jersey,2012-13,1.2,122516,NULL,†,1458,Census
Exemption,Non-Medical Exemption,States,Oklahoma,2012-13,1.2,56943,NULL,NULL,672,Census
Exemption,Non-Medical Exemption,States,Texas,2012-13,1.2,414688,NULL,||. §,4936,Census
Exemption,Non-Medical Exemption,States,Florida,2012-13,1.4,234628,NULL,†,3281,Census
Exemption,Non-Medical Exemption,States,Connecticut,2012-13,1.4,41604,NULL,†,601,Census
Exemption,Non-Medical Exemption,States,Utah,2012-13,3.7,54605,NULL,NULL,2016,Census
Exemption,Non-Medical Exemption,States,Washington,2012-13,3.5,87773,NULL,*,3048,Census
Exemption,Non-Medical Exemption,States,Montana,2012-13,3,12516,NULL,†,380,Census
Exemption,Non-Medical Exemption,States,Texas,2014-15,1.3,406099,NULL,||. §,5273,Census (public); Voluntary response (private)
Exemption,Non-Medical Exemption,States,New Mexico,2014-15,1.2,29918,NULL,†,347,Census
Exemption,Non-Medical Exemption,States,Arkansas,2014-15,1.2,41252,NULL,NULL,512,Census (public); Voluntary response (private)
Exemption,Non-Medical Exemption,States,Idaho,2012-13,5.5,23888,NULL,NULL,1309,Census
Exemption,Non-Medical Exemption,States,Vermont,2012-13,5.7,6792,NULL,NULL,385,Census
Exemption,Non-Medical Exemption,States,Hawaii,2012-13,2.2,20104,NULL,†. *,138,2-stage Cluster Sample
Exemption,Non-Medical Exemption,States,Wyoming,2012-13,1.9,8133,NULL,†.‡‡,155,Census
Exemption,Non-Medical Exemption,States,Nevada,2012-13,1.8,36070,NULL,†,224,2-stage Cluster Sample
Exemption,Non-Medical Exemption,States,North Dakota,2012-13,1.8,9503,NULL,NULL,130,2-stage Cluster Sample
Exemption,Non-Medical Exemption,States,Minnesota,2012-13,1.6,73310,NULL,§,1149,Census
Exemption,Non-Medical Exemption,States,Ohio,2012-13,1.6,163687,NULL,||,2665,Census
Exemption,Non-Medical Exemption,States,Missouri,2012-13,1.5,78416,NULL,§,1665,2-stage Cluster Sample
Exemption,Non-Medical Exemption,States,Pennsylvania,2012-13,1.5,151364,NULL,||,2339,Census
Exemption,Non-Medical Exemption,States,South Dakota,2012-13,1.5,12468,NULL,†,182,Census
Exemption,Non-Medical Exemption,States,Michigan,2012-13,5.3,124662,NULL,NULL,6626,Census
Exemption,Non-Medical Exemption,States,Illinois,2012-13,4.8,166884,NULL,§,8082,Census
Exemption,Non-Medical Exemption,States,Colorado,2012-13,4,70657,NULL,NULL,2678,Simple Random Sample
Exemption,Non-Medical Exemption,States,Alaska,2012-13,4,10319,NULL,†,415,Census
Exemption,Non-Medical Exemption,States,Wisconsin,2012-13,4,72416,NULL,NULL,3907,2-stage Cluster Sample
Exemption,Non-Medical Exemption,States,Maine,2012-13,3.9,14313,NULL,NULL,559,Census
Exemption,Non-Medical Exemption,States,Arizona,2012-13,3.9,90054,NULL,‡,3475,Census
Exemption,Non-Medical Exemption,States,Alaska,2010-11,NA,NULL,NULL,NULL,NULL,NA
Exemption,Non-Medical Exemption,States,Arizona,2010-11,NA,NULL,NULL,NULL,NULL,NA
Exemption,Non-Medical Exemption,States,Arkansas,2010-11,NA,NULL,NULL,NULL,NULL,NA
Exemption,Non-Medical Exemption,States,California,2010-11,NA,NULL,NULL,NULL,NULL,NA
Exemption,Non-Medical Exemption,States,Colorado,2010-11,NA,NULL,NULL,NULL,NULL,NA
Exemption,Non-Medical Exemption,States,Alabama,2010-11,NA,NULL,NULL,NULL,NULL,NA
Exemption,Non-Medical Exemption,States,Idaho,2010-11,NA,NULL,NULL,NULL,NULL,NA
Exemption,Non-Medical Exemption,States,Hawaii,2010-11,NA,NULL,NULL,NULL,NULL,NA
Exemption,Non-Medical Exemption,States,Georgia,2010-11,NA,NULL,NULL,NULL,NULL,NA
Exemption,Non-Medical Exemption,States,Florida,2010-11,NA,NULL,NULL,NULL,NULL,NA
Exemption,Non-Medical Exemption,States,Wyoming,2010-11,NA,NULL,NULL,NULL,NULL,NA
Exemption,Non-Medical Exemption,States,Wisconsin,2010-11,NA,NULL,NULL,NULL,NULL,NA
Exemption,Non-Medical Exemption,States,West Virginia,2010-11,NA,NULL,NULL,NULL,NULL,NA
Exemption,Non-Medical Exemption,States,Utah,2010-11,NA,NULL,NULL,NULL,NULL,NA
Exemption,Non-Medical Exemption,States,District of Columbia,2010-11,NA,NULL,NULL,NULL,NULL,NA
Exemption,Non-Medical Exemption,States,Hawaii,2013-14,3.2,20056,NULL,†,634,Stratified  2-stage cluster sample
Exemption,Non-Medical Exemption,States,California,2013-14,3.1,548606,NULL,‡,17253,Census
Exemption,Non-Medical Exemption,States,New Hampshire,2013-14,2.5,13240,NULL,†,328,Census
Exemption,Non-Medical Exemption,States,North Dakota,2013-14,2.3,9780,NULL,NULL,230,Census (Public); Stratified  2-stage cluster sample(Private)
Exemption,Non-Medical Exemption,States,Nevada,2013-14,2,35782,NULL,†,724,Stratified  2-stage cluster sample
Exemption,Non-Medical Exemption,States,Kansas,2013-14,1.9,41107,NULL,†,527,Census
Exemption,Non-Medical Exemption,States,Ohio,2013-14,1.8,150000,NULL,||,2681,Census
Exemption,Non-Medical Exemption,States,Florida,2013-14,1.7,233797,NULL,†,3991,Census
Exemption,Non-Medical Exemption,States,Georgia,2013-14,1.7,143988,NULL,†,2420,Census
Exemption,Non-Medical Exemption,States,Indiana,2013-14,0.8,87193,NULL,†,727,Voluntary response
Exemption,Non-Medical Exemption,States,Maryland,2013-14,0.7,75659,NULL,†,513,Census
Exemption,Non-Medical Exemption,States,Louisiana,2013-14,0.7,63976,NULL,NULL,422,Census
Exemption,Non-Medical Exemption,States,Rhode Island,2013-14,0.7,11521,NULL,†,81,Census
Exemption,Non-Medical Exemption,States,Delaware,2013-14,0.7,11997,NULL,†,83,Stratified  2-stage cluster sample
Exemption,Non-Medical Exemption,States,Missouri,2013-14,1.6,78140,NULL,§,1250,Census
Exemption,Non-Medical Exemption,States,South Dakota,2013-14,1.6,12566,NULL,†. *,199,Census
Exemption,Non-Medical Exemption,States,Connecticut,2013-14,1.6,40978,NULL,†,670,Census
Exemption,Non-Medical Exemption,States,New Jersey,2013-14,1.4,123085,NULL,†,1741,Census
Exemption,Non-Medical Exemption,States,Texas,2013-14,1.4,409255,NULL,||. §,5536,Census
Exemption,Non-Medical Exemption,States,Oklahoma,2013-14,1.4,57377,NULL,NULL,808,Voluntary response
Exemption,Non-Medical Exemption,States,South Carolina,2013-14,1.2,61661,NULL,†. *,772,1-stage stratified sample
Exemption,Non-Medical Exemption,States,Iowa,2013-14,1.2,43728,NULL,†,521,Census
Exemption,Non-Medical Exemption,States,South Dakota,2011-12,1,12127,NULL,†,120,Census
Exemption,Non-Medical Exemption,States,Connecticut,2011-12,1,45695,NULL,†,472,Census
Exemption,Non-Medical Exemption,States,Kansas,2011-12,0.9,38402,NULL,†,364,Census
Exemption,Non-Medical Exemption,States,Indiana,2011-12,0.9,83416,NULL,†,514,Voluntary Response
Exemption,Non-Medical Exemption,States,Virginia,2011-12,0.8,101121,NULL,†,61,2-stage Cluster Sample
Exemption,Non-Medical Exemption,States,Arkansas,2011-12,0.8,38754,NULL,NULL,371,Census
Exemption,Non-Medical Exemption,States,District of Columbia,2011-12,0.8,6854,NULL,NULL,53,Census
Exemption,Non-Medical Exemption,States,Rhode Island,2011-12,0.7,12552,NULL,†,12,2-stage Cluster Sample
Exemption,Non-Medical Exemption,States,North Carolina,2011-12,0.7,128854,NULL,†,817,Census
Exemption,Non-Medical Exemption,States,Louisiana,2011-12,0.6,69013,NULL,NULL,384,Census
Exemption,Non-Medical Exemption,States,Maryland,2011-12,0.6,72957,NULL,†,293,Voluntary Response
Exemption,Non-Medical Exemption,States,Alabama,2011-12,0.5,73190,NULL,†. ¶,356,Census
Exemption,Non-Medical Exemption,States,New York,2011-12,0.5,236016,NULL,†,1283,Census
Exemption,Non-Medical Exemption,States,Tennessee,2011-12,0.5,83950,NULL,†,417,Census
Exemption,Non-Medical Exemption,States,Delaware,2011-12,0.4,11327,NULL,†,6,2-stage Cluster Sample
Exemption,Non-Medical Exemption,States,Kentucky,2011-12,0.4,58185,NULL,†,214,Census
Exemption,Non-Medical Exemption,States,Wyoming,2011-12,NA,NULL,NULL,NULL,NULL,Not conducted
Exemption,Non-Medical Exemption,States,West Virginia,2011-12,NA,22449,NULL,‡. †,NULL,Convenient
Exemption,Non-Medical Exemption,States,Mississippi,2011-12,NA,44912,NULL,‡. †,NULL,Census
Exemption,Non-Medical Exemption,States,Colorado,2011-12,NA,70142,NULL,||,NULL,Simple Random Sample
Exemption,Non-Medical Exemption,States,Tennessee,2012-13,1.1,85801,NULL,†,905,Census
Exemption,Non-Medical Exemption,States,Missouri,2014-15,1.8,75900,NULL,§,1366,Census
Exemption,Non-Medical Exemption,States,New Jersey,2014-15,1.6,120471,NULL,†. *,1918,Census (public); Voluntary response (private)
Exemption,Non-Medical Exemption,States,Connecticut,2014-15,1.6,39948,NULL,†,628,Census
Exemption,Non-Medical Exemption,States,South Dakota,2014-15,1.5,12008,NULL,†. *,181,Census
Exemption,Non-Medical Exemption,States,Iowa,2014-15,1.4,43239,NULL,†,618,Census
Exemption,Non-Medical Exemption,States,Oklahoma,2014-15,1.4,56967,NULL,NULL,800,Census
Exemption,Non-Medical Exemption,States,West Virginia,2014-15,NA,22016,NULL,‡.†,NULL,Voluntary response
Exemption,Non-Medical Exemption,States,Mississippi,2014-15,NA,44129,NULL,‡. †. *,NULL,Census
Exemption,Non-Medical Exemption,States,Connecticut,2015-16,1.7,39533,NULL,†,689,Census
Exemption,Non-Medical Exemption,States,Missouri,2015-16,1.7,74413,NULL,§,1265,Census
Exemption,Non-Medical Exemption,States,Oregon,2012-13,6.4,47102,NULL,†,3010,Census
Exemption,Non-Medical Exemption,States,Mississippi,2012-13,NA,46595,NULL,‡. †,NULL,Census
Exemption,Non-Medical Exemption,States,West Virginia,2012-13,NA,22588,NULL,‡. †,NULL,Voluntary Response
Exemption,Non-Medical Exemption,States,South Carolina,2012-13,NA,61799,NULL,NULL,NULL,Not conducted
Exemption,Non-Medical Exemption,States,New Mexico,2012-13,0.2,29279,NULL,†,27,2-stage Cluster Sample
Exemption,Non-Medical Exemption,States,District of Columbia,2012-13,0.3,7842,NULL,NULL,27,Census
Exemption,Non-Medical Exemption,States,Virginia,2012-13,0.4,104826,NULL,†,427,2-stage Cluster Sample
Exemption,Non-Medical Exemption,States,Louisiana,2012-13,0.5,68874,NULL,NULL,349,Census
Exemption,Non-Medical Exemption,States,Kentucky,2012-13,0.5,58466,NULL,†,286,Census
Exemption,Non-Medical Exemption,States,Delaware,2012-13,0.5,11997,NULL,†,5,2-stage Cluster Sample
Exemption,Non-Medical Exemption,States,New York,2012-13,0.6,239484,NULL,†. *,1335,Census
Exemption,Non-Medical Exemption,States,Alabama,2012-13,0.6,72929,NULL,†. ¶,414,Census
Exemption,Non-Medical Exemption,States,North Carolina,2012-13,0.7,130612,NULL,†. *,871,Census
Exemption,Non-Medical Exemption,States,Maryland,2012-13,0.7,75007,NULL,†,494,Voluntary Response
Exemption,Non-Medical Exemption,States,Rhode Island,2012-13,0.8,12552,NULL,†,94,Voluntary Response
Exemption,Non-Medical Exemption,States,Kansas,2012-13,0.9,40738,NULL,†,363,Census
Exemption,Non-Medical Exemption,States,Indiana,2012-13,0.9,86983,NULL,†,804,Voluntary Response
Exemption,Non-Medical Exemption,States,Arkansas,2012-13,1,43212,NULL,NULL,441,Census
Exemption,Non-Medical Exemption,States,Oregon,2013-14,7,47649,NULL,†,3331,Census
Exemption,Non-Medical Exemption,States,Idaho,2013-14,6.1,23934,NULL,NULL,1451,Census
Exemption,Non-Medical Exemption,States,Vermont,2013-14,6.1,6771,NULL,NULL,412,Census
Exemption,Non-Medical Exemption,States,Michigan,2013-14,5.4,120297,NULL,NULL,6476,Census
Exemption,Non-Medical Exemption,States,Maine,2013-14,5.2,15441,NULL,NULL,796,Voluntary response
Exemption,Non-Medical Exemption,States,Wisconsin,2013-14,4.8,71363,NULL,NULL,3415,Stratified  2-stage cluster sample
Exemption,Non-Medical Exemption,States,Arizona,2013-14,4.7,89606,NULL,‡,4195,Census
Exemption,Non-Medical Exemption,States,Colorado,2013-14,4.6,69904,NULL,NULL,3292,Random Sample
Exemption,Non-Medical Exemption,States,Utah,2013-14,4.2,54779,NULL,NULL,2312,Census
Exemption,Non-Medical Exemption,States,Alaska,2013-14,4.1,10222,NULL,†,421,Census
Exemption,Non-Medical Exemption,States,Washington,2013-14,3.6,89165,NULL,*,3177,Voluntary response
Exemption,Non-Medical Exemption,States,Montana,2013-14,3.3,12855,NULL,†,426,Census
Exemption,Non-Medical Exemption,States,Massachusetts,2013-14,1.1,79894,NULL,†,860,Census
Exemption,Non-Medical Exemption,States,Arkansas,2013-14,1.1,42649,NULL,NULL,468,Census
Exemption,Non-Medical Exemption,States,Tennessee,2013-14,1,80212,NULL,†,773,Census
Exemption,Non-Medical Exemption,States,Illinois,2013-14,1,163316,NULL,§,1633,Census
Exemption,Non-Medical Exemption,States,North Carolina,2013-14,0.9,126084,NULL,†,1105,Census
Exemption,Non-Medical Exemption,States,New Mexico,2013-14,0.9,30725,NULL,†,277,Stratified  2-stage cluster sample
Exemption,Non-Medical Exemption,States,Alabama,2016-17,0.6,58394,NULL,†,367,Census
Exemption,Non-Medical Exemption,States,California,2016-17,0.6,575305,NULL,||,3217,Census
Exemption,Non-Medical Exemption,States,Louisiana,2016-17,0.7,55257,NULL,NULL,396,Census
Exemption,Non-Medical Exemption,States,Kentucky,2016-17,0.7,51487,NULL,†,366,Census
Exemption,Non-Medical Exemption,States,Alabama,2013-14,0.6,76927,NULL,†. ¶,447,Census
Exemption,Non-Medical Exemption,States,New York,2013-14,0.6,240318,NULL,†,1547,Census
Exemption,Non-Medical Exemption,States,Kentucky,2013-14,0.6,57857,NULL,†,357,Census
Exemption,Non-Medical Exemption,States,District of Columbia,2013-14,0.4,7856,NULL,NULL,33,Census
Exemption,Non-Medical Exemption,States,Virginia,2013-14,0.4,105692,NULL,†,446,2-stage cluster  sample
Exemption,Non-Medical Exemption,States,Mississippi,2013-14,NA,45719,NULL,‡. †,NULL,Census
Exemption,Non-Medical Exemption,States,West Virginia,2013-14,NA,22814,NULL,‡. †,NULL,Voluntary response
Exemption,Non-Medical Exemption,States,Wyoming,2013-14,NA,NULL,NULL,NULL,NULL,Not conducted
Exemption,Non-Medical Exemption,States,Idaho,2014-15,6.2,22968,NULL,NULL,1432,Census
Exemption,Non-Medical Exemption,States,Vermont,2014-15,5.9,6277,NULL,NULL,373,Census
Exemption,Non-Medical Exemption,States,Oregon,2014-15,5.8,46229,NULL,||,2693,Census
Exemption,Non-Medical Exemption,States,Colorado,2014-15,5.4,70597,NULL,NULL,3832,Simple random sample
Exemption,Non-Medical Exemption,States,Michigan,2014-15,5,117963,NULL,NULL,5885,Census
Exemption,Non-Medical Exemption,States,Wisconsin,2014-15,4.9,69335,NULL,NULL,3368,Stratified 2-stage cluster sample
Exemption,Non-Medical Exemption,States,Arizona,2014-15,4.6,86153,NULL,‡,3978,Census
Exemption,Non-Medical Exemption,States,Alaska,2014-15,4.5,10129,NULL,†,453,Census
Exemption,Non-Medical Exemption,States,Utah,2014-15,4.1,50916,NULL,*,2110,Census
Exemption,Non-Medical Exemption,States,Maine,2014-15,3.9,13704,NULL,NULL,536,Voluntary response (public); Census (private)
Exemption,Non-Medical Exemption,States,Montana,2014-15,3.6,12501,NULL,†,454,Census (public); Voluntary response (private)
Exemption,Non-Medical Exemption,States,Washington,2014-15,3.5,88809,NULL,*,3069,Census (public); Voluntary response (private)
Exemption,Non-Medical Exemption,States,Hawaii,2014-15,3.3,20085,NULL,†,754,Stratified 2-stage cluster sample
Exemption,Non-Medical Exemption,States,Minnesota,2014-15,2.8,70896,NULL,§,1985,Census
Exemption,Non-Medical Exemption,States,New Hampshire,2014-15,2.7,12422,NULL,†,331,Census (public); Voluntary response (private)
Exemption,Non-Medical Exemption,States,California,2014-15,2.5,552583,NULL,NULL,13993,Census
Exemption,Non-Medical Exemption,States,North Dakota,2014-15,2.4,10017,NULL,*,241,Census
Exemption,Non-Medical Exemption,States,Wyoming,2014-15,2.2,7983,NULL,§.‡‡,176,Census
Exemption,Non-Medical Exemption,States,Georgia,2014-15,2,139471,NULL,†,2729,Census
Exemption,Non-Medical Exemption,States,Florida,2014-15,1.8,228982,NULL,†,4113,Census
Exemption,Non-Medical Exemption,States,Ohio,2014-15,1.8,149080,NULL,||,2707,Census (public); Voluntary response (private)
Exemption,Non-Medical Exemption,States,Pennsylvania,2014-15,1.8,146378,NULL,NULL,2593,Census
Exemption,Non-Medical Exemption,States,Indiana,2014-15,0.8,85477,NULL,†,651,Voluntary response
Exemption,Non-Medical Exemption,States,Alabama,2014-15,0.7,59660,NULL,†. *,396,Census
Exemption,Non-Medical Exemption,States,Kentucky,2014-15,0.7,57884,NULL,†,378,Census
Exemption,Non-Medical Exemption,States,New York,2014-15,0.7,237045,NULL,†,1640,Census
Exemption,Non-Medical Exemption,States,Louisiana,2014-15,0.6,60377,NULL,NULL,339,Census
Exemption,Non-Medical Exemption,States,District of Columbia,2014-15,0.5,7840,NULL,NULL,43,Census
Exemption,Non-Medical Exemption,States,New Hampshire,2017-18,2.7,12165,NULL,†,334,Census
Exemption,Non-Medical Exemption,States,Georgia,2017-18,2.6,131459,NULL,†,3480,Census
Exemption,Non-Medical Exemption,States,Pennsylvania,2017-18,2.4,141571,NULL,NULL,3379,Voluntary response
Exemption,Non-Medical Exemption,States,Florida,2017-18,2.4,222397,NULL,†,5394,Census
Exemption,Non-Medical Exemption,States,Ohio,2017-18,2.3,138753,NULL,||,3207,Census
Exemption,Non-Medical Exemption,States,Pennsylvania,2015-16,1.8,143298,NULL,NULL,2620,Census (public); Voluntary response (private)
Exemption,Non-Medical Exemption,States,Georgia,2015-16,1.8,131403,NULL,†,2315,Census
Exemption,Non-Medical Exemption,States,Florida,2015-16,1.9,224430,NULL,†,4226,Census
Exemption,Non-Medical Exemption,States,Nevada,2015-16,1.9,37118,NULL,†,695,Stratified 2-stage cluster sample
Exemption,Non-Medical Exemption,States,Ohio,2015-16,2,144604,NULL,||,2896,Census (public); Voluntary response (private)
Exemption,Non-Medical Exemption,States,Wyoming,2015-16,2.2,7825,NULL,§.‡‡,172,Voluntary response
Exemption,Non-Medical Exemption,States,California,2015-16,2.4,593788,NULL,NULL,14008,Census
Exemption,Non-Medical Exemption,States,New Hampshire,2015-16,2.4,11852,NULL,†,288,Census
Exemption,Non-Medical Exemption,States,Hawaii,2015-16,2.5,16325,NULL,†,426,Stratified 2-stage cluster sample
Exemption,Non-Medical Exemption,States,Wisconsin,2015-16,2.9,70220,NULL,NULL,2051,Stratified 2-stage cluster sample
Exemption,Non-Medical Exemption,States,North Dakota,2015-16,3,9875,NULL,NULL,299,Census
Exemption,Non-Medical Exemption,States,Minnesota,2015-16,3.1,69710,NULL,§,2161,Census
Exemption,Non-Medical Exemption,States,Montana,2015-16,3.4,11484,NULL,†,390,Census
Exemption,Non-Medical Exemption,States,Michigan,2015-16,3.4,116299,NULL,NULL,3957,Census
Exemption,Non-Medical Exemption,States,Washington,2015-16,3.6,86492,NULL,NULL,3153,Census
Exemption,Non-Medical Exemption,States,Maine,2015-16,4,13526,NULL,NULL,542,Census
Exemption,Non-Medical Exemption,States,Colorado,2015-16,4.3,69137,NULL,NULL,2963,Simple random sample
Exemption,Non-Medical Exemption,States,Utah,2015-16,4.4,50114,NULL,NULL,2214,Census
Exemption,Non-Medical Exemption,States,Arizona,2015-16,4.5,83088,NULL,‡,3732,Census
Exemption,Non-Medical Exemption,States,Alaska,2015-16,4.7,9937,NULL,†,421,Census
Exemption,Non-Medical Exemption,States,Vermont,2015-16,5.5,6366,NULL,NULL,352,Census
Exemption,Non-Medical Exemption,States,Idaho,2015-16,5.8,22686,NULL,NULL,1320,Census
Exemption,Non-Medical Exemption,States,Oregon,2015-16,6.2,45531,NULL,||,2810,Census
Exemption,Non-Medical Exemption,States,Mississippi,2015-16,NA,41042,NULL,‡.†,NULL,Census
Exemption,Non-Medical Exemption,States,West Virginia,2015-16,NA,21333,NULL,‡.†,NULL,Voluntary response
Exemption,Non-Medical Exemption,States,District of Columbia,2015-16,0.4,8080,NULL,NULL,33,Census
Exemption,Non-Medical Exemption,States,Louisiana,2015-16,0.6,59159,NULL,NULL,370,Census
Exemption,Non-Medical Exemption,States,Kentucky,2015-16,0.7,54353,NULL,†,382,Census
Exemption,Non-Medical Exemption,States,New York,2015-16,0.7,232521,NULL,†,1729,Census
Exemption,Non-Medical Exemption,States,Nebraska,2013-14,1.1,27000,NULL,†,307,Census
Exemption,Non-Medical Exemption,States,Illinois,2016-17,NA,151309,NULL,§,1816,Census
Exemption,Non-Medical Exemption,States,West Virginia,2016-17,NA,28666,NULL,‡.†,NULL,Census (public). voluntary response (private)
Exemption,Non-Medical Exemption,States,Wyoming,2016-17,NA,NULL,NULL,NULL,NULL,Not conducted
Exemption,Non-Medical Exemption,States,Colorado,2016-17,NA,64440,NULL,§,2191,Census
Exemption,Non-Medical Exemption,States,District of Columbia,2016-17,0.5,8522,NULL,NULL,42,Census
MMR,,States,North Carolina,2018-19,93.2,124343,90.9,‡.§,NULL,Census (public). voluntary response (private)
MMR,,States,New Jersey,2017-18,96.1,107630,100,≥.*,NULL,Census
MMR,,States,Louisiana,2017-18,96.1,58277,100,*,NULL,Census
Exemption,Non-Medical Exemption,States,Indiana,2016-17,0.8,83263,NULL,†,697,Voluntary response
Exemption,Non-Medical Exemption,States,New York,2016-17,0.9,227050,NULL,†,1975,Census
Exemption,Non-Medical Exemption,States,Maryland,2016-17,0.9,71467,NULL,†,628,Census
Exemption,Non-Medical Exemption,States,Oregon,2016-17,6.5,45705,NULL,||,2992,Census
Exemption,Non-Medical Exemption,States,Idaho,2016-17,6.2,22589,NULL,NULL,1392,Census
Exemption,Non-Medical Exemption,States,Alaska,2016-17,5.2,9815,NULL,†,514,Census
Exemption,Non-Medical Exemption,States,Wisconsin,2016-17,5.2,67607,NULL,NULL,3509,Census
Exemption,Non-Medical Exemption,States,Arizona,2016-17,4.9,83627,NULL,‡,4106,Census
Exemption,Non-Medical Exemption,States,Utah,2016-17,4.9,49073,NULL,NULL,2395,Census
Exemption,Non-Medical Exemption,States,Maine,2016-17,4.8,13834,NULL,NULL,658,Voluntary response (public). census (private)
Exemption,Non-Medical Exemption,States,Nevada,2016-17,4.3,36885,NULL,†,1585,Stratified 2-stage cluster sample
Exemption,Non-Medical Exemption,States,Washington,2016-17,4,87142,NULL,NULL,3444,Census
Exemption,Non-Medical Exemption,States,Vermont,2016-17,3.7,6344,NULL,†,234,Census
Exemption,Non-Medical Exemption,States,Michigan,2016-17,3.5,118777,NULL,NULL,4134,Census
Exemption,Non-Medical Exemption,States,Montana,2016-17,3.3,11956,NULL,†,391,Census
Exemption,Non-Medical Exemption,States,North Dakota,2016-17,3.1,9799,NULL,NULL,307,Census
Exemption,Non-Medical Exemption,States,New Hampshire,2016-17,3,12145,NULL,†,365,Census
Exemption,Non-Medical Exemption,States,Hawaii,2016-17,2.7,16325,NULL,†,455,Stratified 2-stage cluster sample
Exemption,Non-Medical Exemption,States,Georgia,2016-17,2.7,136165,NULL,†,3613,Census
Exemption,Non-Medical Exemption,States,New Mexico,2016-17,2.2,27119,NULL,†,604,Stratified 2-stage cluster sample
Exemption,Non-Medical Exemption,States,Florida,2016-17,2.1,224463,NULL,†,4725,Census
Exemption,Non-Medical Exemption,States,Illinois,2014-15,1.1,156942,NULL,§,1726,Census
Exemption,Non-Medical Exemption,States,Kansas,2014-15,1.1,39685,NULL,†,454,Census
Exemption,Non-Medical Exemption,States,Massachusetts,2014-15,1.1,74869,NULL,†,803,Census
Exemption,Non-Medical Exemption,States,Nevada,2014-15,1.1,36755,NULL,†,401,Stratified 2-stage cluster sample
Exemption,Non-Medical Exemption,States,Nebraska,2014-15,1.1,26665,NULL,†,287,Census
Exemption,Non-Medical Exemption,States,South Carolina,2014-15,1,62864,NULL,†. *,648,Stratified 1-stage cluster sample
Exemption,Non-Medical Exemption,States,Tennessee,2014-15,0.9,78276,NULL,†,718,Census
Exemption,Non-Medical Exemption,States,Rhode Island,2014-15,0.9,11163,NULL,†,102,Census
Exemption,Non-Medical Exemption,States,North Carolina,2014-15,0.9,129792,NULL,†. *,1127,Census (public); Voluntary response (private)
Exemption,Non-Medical Exemption,States,Delaware,2014-15,0.9,11476,NULL,†,106,Stratified 2-stage cluster sample
Exemption,Non-Medical Exemption,States,Virginia,2014-15,0.8,103821,NULL,†. *,891,Stratified 2-stage cluster sample
Exemption,Non-Medical Exemption,States,Maryland,2014-15,0.8,75391,NULL,†,571,Census (public); Voluntary response (private)
Exemption,Non-Medical Exemption,States,North Dakota,2017-18,3.1,10365,NULL,NULL,318,Census
Exemption,Non-Medical Exemption,States,Hawaii,2017-18,3.1,16325,NULL,†,514,Stratified 2-stage cluster sample
Exemption,Non-Medical Exemption,States,Nevada,2017-18,3.1,37178,NULL,†,1170,Stratified 2-stage cluster sample
MMR,,States,New York,2019-20,98.6,234165,99.9,NULL,NULL,Census
MMR,,States,West Virginia,2019-20,98.2,17114,49.6,¶,NULL,Voluntary response
MMR,,States,Maryland,2019-20,97.9,72443,98.3,‡,NULL,Census (public). voluntary response (private)
Exemption,Non-Medical Exemption,States,Missouri,2017-18,2.1,73113,NULL,§,1535,Census
Exemption,Non-Medical Exemption,States,South Dakota,2017-18,2,12125,NULL,†,238,Census
Exemption,Non-Medical Exemption,States,New Jersey,2017-18,2,107630,NULL,†,2148,Census
Exemption,Non-Medical Exemption,States,Connecticut,2017-18,2,39174,NULL,†,764,Census
Varicella,UTD (or disease history),,,,,,,,,
Varicella,UTD (or disease history),,,,,,,,,
Varicella,UTD (or disease history),,,,,,,,,
Varicella,UTD (or disease history),,,,,,,,,
Varicella,UTD (or disease history),,,,,,,,,
Varicella,UTD (or disease history),,,,,,,,,
Exemption,Non-Medical Exemption,States,Alabama,2015-16,0.7,60392,NULL,†,438,Census
Exemption,Non-Medical Exemption,States,Maryland,2015-16,0.8,72012,NULL,†,601,Census (public); Voluntary response (private)
Exemption,Non-Medical Exemption,States,Virginia,2015-16,0.9,100074,NULL,†,901,Stratified 2-stage cluster sample
Exemption,Non-Medical Exemption,States,Tennessee,2015-16,0.9,79233,NULL,†,739,Census
Exemption,Non-Medical Exemption,States,Rhode Island,2015-16,0.9,11165,NULL,†,105,Census
Exemption,Non-Medical Exemption,States,Massachusetts,2015-16,1,72897,NULL,†,760,Census
Exemption,Non-Medical Exemption,States,North Carolina,2015-16,1,128290,NULL,†,1240,Census (public); Voluntary response (private)
Exemption,Non-Medical Exemption,States,Delaware,2015-16,1.1,11589,NULL,†,131,Stratified 2-stage cluster sample
Exemption,Non-Medical Exemption,States,Indiana,2015-16,1.1,83525,NULL,†,912,Voluntary response
Exemption,Non-Medical Exemption,States,Illinois,2015-16,1.1,151309,NULL,§,NULL,Census
Exemption,Non-Medical Exemption,States,New Mexico,2015-16,1.2,29049,NULL,†,346,Census
Exemption,Non-Medical Exemption,States,Arkansas,2015-16,1.2,40258,NULL,NULL,491,Census (public); Voluntary response (private)
Exemption,Non-Medical Exemption,States,Texas,2015-16,1.4,394801,NULL,||,5350,Census (public); Voluntary response (private)
Exemption,Non-Medical Exemption,States,South Dakota,2015-16,1.4,12181,NULL,†,175,Census
Exemption,Non-Medical Exemption,States,Nebraska,2015-16,1.4,30409,NULL,†,422,Census
Exemption,Non-Medical Exemption,States,Kansas,2015-16,1.4,39555,NULL,†,554,Census
Exemption,Non-Medical Exemption,States,Oklahoma,2015-16,1.5,54335,NULL,NULL,816,Census
Exemption,Non-Medical Exemption,States,Iowa,2015-16,1.5,41215,NULL,†,635,Census
Exemption,Non-Medical Exemption,States,South Carolina,2015-16,1.6,59240,NULL,†,937,Stratified 1-stage cluster sample
Exemption,Non-Medical Exemption,States,New Jersey,2015-16,1.6,110116,NULL,†,1727,Census
Exemption,Non-Medical Exemption,States,Minnesota,2016-17,NA,69140,NULL,§,2143,Census
Exemption,Non-Medical Exemption,States,Mississippi,2016-17,NA,40509,NULL,‡.†,NULL,Census
Exemption,Non-Medical Exemption,States,Missouri,2016-17,NA,73355,NULL,§,1467,Census
MMR,,States,Georgia,2018-19,93.6,131275,100,≥.*,NULL,Census
MMR,,States,Kentucky,2018-19,93.4,55587,99,‡.§,NULL,Census
MMR,,States,Montana,2018-19,93.3,12480,100,*,NULL,Census
MMR,,States,Iowa,2018-19,93.3,40624,100,≥.*,NULL,Census
MMR,,States,Iowa,2020-21,93.4,39141,100,>=.*,NULL,Census
MMR,,States,Florida,2020-21,93.3,207026,100,>=.*,NULL,Census
MMR,,States,North Dakota,2020-21,93.3,10116,99.1,NULL,NULL,Census
MMR,,States,Hawaii,2017-18,95.6,16325,6.6,NULL,NULL,Stratified 2-stage cluster sample
MMR,,States,Virginia,2017-18,95.5,100581,4.4,†,NULL,Stratified 2-stage cluster sample
MMR,,States,Missouri,2017-18,95.2,73113,100,*,NULL,Census
Exemption,Non-Medical Exemption,States,Ohio,2016-17,2.1,137542,NULL,||,2836,Census
Exemption,Non-Medical Exemption,States,Pennsylvania,2016-17,1.9,143888,NULL,NULL,2778,Voluntary response
Exemption,Non-Medical Exemption,States,South Carolina,2016-17,1.9,59177,NULL,†,1124,Stratified 1-stage cluster sample
Exemption,Non-Medical Exemption,States,South Dakota,2016-17,1.8,12106,NULL,†,219,Census
Exemption,Non-Medical Exemption,States,Connecticut,2016-17,1.8,39002,NULL,†,701,Census
Exemption,Non-Medical Exemption,States,New Jersey,2016-17,1.7,109577,NULL,†,1881,Census
Exemption,Non-Medical Exemption,States,Oklahoma,2016-17,1.7,52184,NULL,‡‡,910,Census
Exemption,Non-Medical Exemption,States,North Carolina,2016-17,1.6,126454,NULL,†,2073,Voluntary response
Exemption,Non-Medical Exemption,States,Iowa,2016-17,1.6,39587,NULL,†,622,Census
Exemption,Non-Medical Exemption,States,Texas,2016-17,1.6,389999,NULL,||,6078,Census
Exemption,Non-Medical Exemption,States,Kansas,2016-17,1.5,38298,NULL,†,569,Census
Exemption,Non-Medical Exemption,States,Nebraska,2016-17,1.4,27117,NULL,†.§§,367,Census
Exemption,Non-Medical Exemption,States,Arkansas,2016-17,1.3,39666,NULL,NULL,513,Voluntary response
Exemption,Non-Medical Exemption,States,Delaware,2016-17,1.2,11490,NULL,†,133,Stratified 2-stage cluster sample
Exemption,Non-Medical Exemption,States,Tennessee,2016-17,1.1,78169,NULL,†,882,Census
Exemption,Non-Medical Exemption,States,Massachusetts,2016-17,1,70109,NULL,†,702,Census
Exemption,Non-Medical Exemption,States,Virginia,2016-17,1,102357,NULL,†,1048,Census
Exemption,Non-Medical Exemption,States,Rhode Island,2016-17,1,11100,NULL,†,109,Census
Exemption,Non-Medical Exemption,States,Oregon,2017-18,7.5,45818,NULL,||,3427,Census
Exemption,Non-Medical Exemption,States,Idaho,2017-18,6.7,22553,NULL,||,1504,Census
Exemption,Non-Medical Exemption,States,Alaska,2017-18,5.7,9692,NULL,†,549,Stratified 2-stage cluster sample
Exemption,Non-Medical Exemption,States,Arizona,2017-18,5.3,81710,NULL,‡,4336,Census
Exemption,Non-Medical Exemption,States,Utah,2017-18,5.2,48827,NULL,NULL,2526,Census
Exemption,Non-Medical Exemption,States,Wisconsin,2017-18,5.2,66178,NULL,NULL,3413,Stratified 2-stage cluster sample
Exemption,Non-Medical Exemption,States,Maine,2017-18,5,13255,NULL,NULL,666,Census
Exemption,Non-Medical Exemption,States,Colorado,2017-18,4.5,65718,NULL,§,2957,Census
Exemption,Non-Medical Exemption,States,Michigan,2017-18,4,119028,NULL,NULL,4753,Census
Exemption,Non-Medical Exemption,States,Washington,2017-18,3.9,85118,NULL,NULL,3344,Census
Exemption,Non-Medical Exemption,States,Montana,2017-18,3.9,12188,NULL,†,478,Census
Exemption,Non-Medical Exemption,States,Vermont,2017-18,3.6,6255,NULL,†,227,Census
Exemption,Non-Medical Exemption,States,Minnesota,2017-18,3.4,69807,NULL,§,2373,Census
MMR,,States,Delaware,2019-20,NA,NULL,NULL,NULL,NULL,Not Conducted
MMR,,States,District of Columbia,2019-20,NA,NULL,NULL,NULL,NULL,Not Conducted
MMR,,States,Mississippi,2019-20,99.1,37870,100,≥.*,NULL,Census
MMR,,States,Illinois,2019-20,96.6,145891,100,*,NULL,Census
MMR,,States,California,2019-20,96.5,566155,97.9,‡,NULL,Census
MMR,,States,Nebraska,2019-20,96.3,26893,96.7,‡.‡‡,NULL,Census
MMR,,States,Connecticut,2019-20,96.2,38888,100,*,NULL,Census
MMR,,States,Florida,2019-20,93.5,228298,100,≥.*.§,NULL,Census
MMR,,States,Montana,2019-20,93.6,12501,100,*,NULL,Census
MMR,,States,Maine,2019-20,94.1,13450,99.6,NULL,NULL,Census
MMR,,States,Arkansas,2019-20,94.3,39510,96.2,‡,NULL,Census (public). voluntary response (private)
MMR,,States,Rhode Island,2019-20,97.7,11219,98.5,‡.§,NULL,Census
MMR,,States,Massachusetts,2019-20,97.3,66756,100,*.‡,NULL,Census
MMR,,States,New Mexico,2019-20,97,23087,100,*,NULL,Census
MMR,,States,Texas,2019-20,96.9,398680,99.6,‡.§,NULL,Census
MMR,,States,Tennessee,2019-20,96.8,80595,100,*.§,NULL,Census
MMR,,States,Vermont,2018-19,93,6126,100,*,NULL,Census
MMR,,States,Oregon,2018-19,93,45870,100,*.‡,NULL,Census
MMR,,States,Arizona,2018-19,92.9,79981,100,*,NULL,Census
MMR,,States,Utah,2018-19,92.8,50179,100,*,NULL,Census
MMR,,States,Minnesota,2018-19,92.6,70085,98.1,§,NULL,Census
MMR,,States,Wisconsin,2018-19,92.6,66344,2.3,†.‡.§,NULL,Stratified 2-stage cluster sample
MMR,,States,Oklahoma,2018-19,92.2,54806,92.1,§,NULL,Census (public). voluntary response (private)
MMR,,States,New Hampshire,2018-19,91.8,12421,100,≥,NULL,Census
MMR,,States,Ohio,2018-19,91.6,139679,94.9,NULL,NULL,Census (public). voluntary response (private)
MMR,,States,Hawaii,2018-19,91.5,16051,6.7,NULL,NULL,Stratified 2-stage cluster sample
MMR,,States,Indiana,2018-19,91.2,82324,96.4,NULL,NULL,Census
MMR,,States,Washington,2018-19,90.8,87510,96.9,§,NULL,Census
MMR,,States,Kansas,2018-19,90.8,37838,23.1,†.‡.§,NULL,Stratified 2-stage cluster sample
MMR,,States,Alabama,2018-19,90.6,77739,100,≥.*,NULL,Census
MMR,,States,Idaho,2018-19,89.5,22995,99,NULL,NULL,Census
MMR,,States,Colorado,2018-19,87.4,64191,100,*,NULL,Census
MMR,,States,Nebraska,2018-19,96.9,26925,98.6,‡.‡‡,NULL,Census
MMR,,States,Massachusetts,2018-19,96.9,65279,100,*.‡,NULL,Census
MMR,,States,Texas,2018-19,96.9,390034,99.4,‡.§,NULL,Census
MMR,,States,New York,2018-19,97.2,220495,100,*,NULL,Census
MMR,,States,Maryland,2018-19,97.4,71431,100,‡,NULL,Census
MMR,,States,Rhode Island,2018-19,97.4,10964,100,*.‡.§,NULL,Census
MMR,,States,Delaware,2018-19,97.8,10798,9.5,NULL,NULL,Stratified 2-stage cluster sample
MMR,,States,West Virginia,2018-19,98.8,19442,79.3,¶,NULL,Voluntary response
MMR,,States,Illinois,2017-18,95.2,144858,100,*,NULL,Census
MMR,,States,Michigan,2017-18,95,119028,100,*,NULL,Census
MMR,,States,Maine,2018-19,93.8,13419,95.9,NULL,NULL,Census
MMR,,States,Florida,2018-19,93.8,224641,100,≥.*.§,NULL,Census
MMR,,States,North Dakota,2018-19,93.6,10382,99.4,NULL,NULL,Census
MMR,,States,Vermont,2020-21,94,5535,100,*,NULL,Census
MMR,,States,Kentucky,2020-21,88.9,59233,86.4,‡.§,NULL,Census (public). voluntary response (private)
MMR,,States,Georgia,2020-21,88.5,83191,100,>=.*,NULL,Census
MMR,,States,Maryland,2020-21,87.6,65764,75.6,‡,NULL,Voluntary response
MMR,,States,Arkansas,2020-21,93.2,37540,95.6,‡,NULL,Census (public). voluntary response (private)
MMR,,States,Indiana,2020-21,93.1,78694,71.4,§,NULL,Voluntary response
MMR,,States,Montana,2020-21,92.9,11279,100,*,NULL,Census
MMR,,States,Oregon,2020-21,92.7,39568,100,*.‡,NULL,Census
MMR,,States,Mississippi,2018-19,99.2,37775,100,≥.*,NULL,Census
MMR,,States,South Carolina,2018-19,94.2,58442,27,NULL,NULL,Stratified 1-stage cluster sample
MMR,,States,Arkansas,2018-19,94.2,39257,95.4,‡,NULL,Census (public). voluntary response (private)
MMR,,States,Michigan,2018-19,94.6,118632,100,*,NULL,Census
MMR,,States,Illinois,2018-19,94.7,143876,100,*,NULL,Census
MMR,,States,Missouri,2018-19,94.8,72687,100,*,NULL,Census
MMR,,States,New Jersey,2018-19,95,109161,100,≥.*,NULL,Census
MMR,,States,Virginia,2018-19,95,100394,4.4,†,NULL,Stratified 2-stage cluster sample
MMR,,States,Wyoming,2018-19,95.1,7734,100,*,NULL,Census
MMR,,States,Nevada,2018-19,95.1,37971,4.8,NULL,NULL,Stratified 2-stage cluster sample
MMR,,States,Louisiana,2018-19,95.5,56203,100,*,NULL,Census
MMR,,States,Connecticut,2018-19,95.9,38230,100,*,NULL,Census
MMR,,States,New Mexico,2018-19,96.1,25269,99.6,NULL,NULL,Census
MMR,,States,South Dakota,2018-19,96.2,12062,99.9,NULL,NULL,Census
MMR,,States,Pennsylvania,2018-19,96.4,143560,93.3,NULL,NULL,Census (public). voluntary response (private)
MMR,,States,California,2018-19,96.5,568947,97.7,‡,NULL,Census
MMR,,States,Tennessee,2018-19,96.5,78630,100,*.§,NULL,Census
MMR,,States,Oregon,2019-20,93.4,45959,100,*.‡,NULL,Census
MMR,,States,Iowa,2019-20,93.2,40812,100,≥.*,NULL,Census
MMR,,States,Kentucky,2019-20,93.1,59233,92.9,‡.§,NULL,Census
MMR,,States,Georgia,2019-20,93.1,130102,100,≥.*,NULL,Census
MMR,,States,Oklahoma,2019-20,93,55348,85.6,§,NULL,Voluntary response
MMR,,States,Wisconsin,2019-20,92.8,67391,2.6,†.‡.§,NULL,Stratified 2-stage cluster sample
MMR,,States,Arizona,2019-20,92.8,83976,98.7,NULL,NULL,Census (public). voluntary response (private)
MMR,,States,Utah,2019-20,92.7,49208,100,*,NULL,Census
MMR,,States,Minnesota,2019-20,92.6,71223,98.7,§,NULL,Census
MMR,,States,Ohio,2019-20,92.4,139103,98.8,NULL,NULL,Census
MMR,,States,New Hampshire,2019-20,91.5,12447,100,≥.*,NULL,Census
MMR,,States,Colorado,2019-20,91.1,69088,98.2,NULL,NULL,Census
MMR,,States,Kansas,2019-20,90,37865,34.3,†.‡.§,NULL,Stratified 2-stage cluster sample
MMR,,States,Hawaii,2019-20,89.7,15695,8.9,NULL,NULL,Stratified 2-stage cluster sample
MMR,,States,Idaho,2019-20,89.1,23301,98.5,NULL,NULL,Census
MMR,,States,Alabama,2019-20,86.6,59477,94.9,≥,NULL,Census
MMR,,States,Alaska,2019-20,NR,10381,82.7,§,NULL,Voluntary response
MMR,,States,Alaska,2021-22,78,9790,76.2,¶,NULL,"Vol. response (pub.), not conducted (pvt.)"
MMR,,States,Pennsylvania,2019-20,96.6,140197,98.8,NULL,NULL,Census
MMR,,States,Connecticut,2022-23,97.3,35580,100,*,NULL,Census
MMR,,States,NY-City of New York,2022-23,97.3,85379,97.6,NULL,NULL,"Census (pub.), vol. response (pvt.)"
MMR,,States,South Dakota,2019-20,96,12367,99.8,NULL,NULL,Census
MMR,,States,New Jersey,2019-20,95.9,107900,100,≥.*,NULL,Census
MMR,,States,Louisiana,2019-20,95.6,59685,100,*,NULL,Census
MMR,,States,North Carolina,2019-20,95.5,124548,97.8,‡.§,NULL,Census
MMR,,States,Nevada,2019-20,95.4,37724,99.9,NULL,NULL,Census
MMR,,States,South Carolina,2019-20,95,65938,27.5,†,NULL,Stratified 1-stage cluster sample
MMR,,States,Michigan,2019-20,94.8,120565,100,*,NULL,Census
MMR,,States,North Dakota,2019-20,94.8,10587,99.5,NULL,NULL,Census
MMR,,States,Virginia,2019-20,94.6,99399,1.2,†,NULL,Stratified 2-stage cluster sample
MMR,,States,Missouri,2019-20,94.6,72324,100,*,NULL,Census
MMR,,States,Vermont,2019-20,94.5,6293,100,*,NULL,Census
MMR,,States,Wyoming,2019-20,94.5,7913,100,*,NULL,Census
MMR,,States,Washington,2019-20,94.4,87757,91.9,§,NULL,Census
MMR,,States,Indiana,2019-20,94.4,88253,65.7,NULL,NULL,Voluntary response
MMR,,States,Mississippi,2020-21,98.9,34028,100,>=.*,NULL,Census
MMR,,States,New York,2020-21,98.3,216804,91.5,NULL,NULL,Census (public). voluntary response (private)
MMR,,States,NY-City of New York,2020-21,97.4,91920,94.2,NULL,NULL,Census (public). voluntary response (private)
MMR,,States,Rhode Island,2020-21,97,10402,93,‡.§,NULL,Census
MMR,,States,Tennessee,2020-21,96.6,73819,100,*.§,NULL,Census
MMR,,States,Louisiana,2020-21,96.2,61912,100,*,NULL,Census
MMR,,States,Nevada,2020-21,96.1,34171,94.7,NULL,NULL,Census (public). voluntary response (private)
MMR,,States,Massachusetts,2020-21,95.9,60724,100,*.‡,NULL,Census
MMR,,States,Virginia,2020-21,95.8,88273,2,†,NULL,Stratified 2-stage cluster sample
MMR,,States,New Mexico,2020-21,95.7,20589,100,*,NULL,Census
MMR,,States,Delaware,2020-21,95.7,10587,9.2,NULL,NULL,Stratified 2-stage cluster sample
MMR,,States,Pennsylvania,2020-21,95.5,129307,95,NULL,NULL,Census (public). voluntary response (private)
MMR,,States,Nebraska,2020-21,95.5,25681,94.8,‡,NULL,Census (public). voluntary response (private)
MMR,,States,Texas,2020-21,95.3,377840,98.9,‡.§,NULL,Census
MMR,,States,Connecticut,2020-21,95.3,34396,100,*,NULL,Census
MMR,,States,North Carolina,2020-21,95.2,120995,89,‡.§,NULL,Census (public). voluntary response (private)
MMR,,States,California,2020-21,95.1,498214,97.5,‡,NULL,Census
MMR,,States,Alabama,2020-21,94.7,56974,100,>=.*,NULL,Census
MMR,,States,South Dakota,2020-21,94.6,11512,99.9,NULL,NULL,Census
MMR,,States,Michigan,2020-21,94.6,106657,100,*,NULL,Census
MMR,,States,South Carolina,2020-21,94.4,56330,26.5,†,NULL,Stratified 1-stage cluster sample
MMR,,States,Washington,2020-21,94.4,74931,100,§,NULL,Census
MMR,,States,Maine,2020-21,94.3,13477,85,NULL,NULL,Voluntary response (public). census (private)
MMR,,States,New Jersey,2020-21,94.3,100144,100,>=.*,NULL,Census
MMR,,States,Wyoming,2020-21,90.2,6923,100,>=.*,NULL,Census
MMR,,States,Minnesota,2020-21,89.8,66007,95.2,NULL,NULL,Census
MMR,,States,Ohio,2020-21,89.6,128535,91.1,NULL,NULL,Census (public). voluntary response (private)
MMR,,States,NY-City of New York,2023-24,96.7,85360,99.3,NULL,NULL,Census
MMR,,States,Wisconsin,2020-21,87.2,63486,84.5,>=.†.‡.§,NULL,Voluntary response
MMR,,States,Idaho,2020-21,86.5,22677,98.3,NULL,NULL,Census
MMR,,States,TX-City of Houston,2020-21,83.7,39627,94.9,‡.§,NULL,Census (public). voluntary response (private)
MMR,,States,District of Columbia,2020-21,78.9,8262,100,*,NULL,Census
MMR,,States,Illinois,2020-21,NR,NULL,NULL,NULL,NULL,Not Conducted
MMR,,States,West Virginia,2020-21,NR,NULL,NULL,NULL,NULL,Not Conducted
MMR,,States,Minnesota,2021-22,89,69403,98.7,NULL,NULL,Census
MMR,,States,Utah,2021-22,90,48995,100,*,NULL,Census
MMR,,States,Iowa,2021-22,90.6,40111,100,>=. *,NULL,Census
MMR,,States,Arizona,2021-22,90.6,83463,97,NULL,NULL,Census
MMR,,States,Oklahoma,2021-22,90.9,54042,84.3,‡,NULL,Vol. response
MMR,,States,Kansas,2021-22,91,36526,29.5,†. ‡. §,NULL,Stratified 1-stage cluster sample
MMR,,States,North Dakota,2021-22,91.5,10755,96.6,NULL,NULL,Census
MMR,,States,New Jersey,2021-22,94.1,104240,100,>=. §. *,NULL,Census
MMR,,States,Texas,2021-22,94,389037,99.3,‡. §,NULL,Census
MMR,,States,Maryland,2021-22,93.9,53866,98.4,‡,NULL,Census
MMR,,States,Louisiana,2021-22,93.7,66518,100,*,NULL,Census
MMR,,States,South Dakota,2021-22,93.7,12251,100,*,NULL,Census
MMR,,States,Michigan,2021-22,93.6,114251,100,*,NULL,Census
MMR,,States,Vermont,2021-22,93.4,6126,100,*,NULL,Census
MMR,,States,Oregon,2021-22,93,41538,100,*. ‡,NULL,Census
MMR,,States,Wyoming,2021-22,92.9,7382,100,*,NULL,Census
MMR,,States,Nevada,2021-22,92.7,36855,99.2,NULL,NULL,"Census (pub.), vol. response (pvt.)"
MMR,,States,South Carolina,2021-22,92.7,58276,27.2,†,NULL,1-stage cluster sample
MMR,,States,Arkansas,2021-22,92.5,39358,96.3,NULL,NULL,"Census (pub.), vol. response (pvt.)"
MMR,,States,Washington,2021-22,92.5,87256,97.3,§,NULL,"Census (pub.), vol. response (pvt.)"
MMR,,States,Indiana,2021-22,92.1,83198,75.1,§,NULL,Vol. response
MMR,,States,Illinois,2021-22,92.1,137699,100,*,NULL,Census
MMR,,States,Florida,2021-22,91.7,229432,97.8,>=. §,NULL,Census
MMR,,States,Missouri,2021-22,91.6,71034,100,*,NULL,Census
MMR,,States,Colorado,2021-22,88.4,66900,97.5,NULL,NULL,Census
MMR,,States,Ohio,2021-22,88.3,139077,91.9,NULL,NULL,"Census (pub.), vol. response (pvt.)"
MMR,,States,TX-City of Houston,2021-22,88.2,40123,99.3,‡. §,NULL,Census
MMR,,States,Kentucky,2021-22,86.5,59233,91.5,>=. ‡. §,NULL,Census
MMR,,States,Idaho,2021-22,83.9,23854,99.6,NULL,NULL,Census
MMR,,States,Georgia,2021-22,83.2,118742,100,>=. *,NULL,Census
MMR,,States,Wisconsin,2021-22,82.6,64275,96.8,>=. ‡,NULL,"Census (pub.), vol. response (pvt.)"
MMR,,States,District of Columbia,2021-22,82,8959,100,*,NULL,Census
MMR,,States,New Mexico,2021-22,94.3,20736,100,*,NULL,Census
MMR,,States,Hawaii,2021-22,94.3,13368,6.7,NULL,NULL,Stratified 2-stage cluster sample
MMR,,States,New Hampshire,2021-22,88.7,12157,100,>=. §. *,NULL,Census
MMR,,States,Mississippi,2022-23,98.4,36048,100,>=. *,NULL,Census
MMR,,States,Rhode Island,2022-23,96.9,10532,96.5,‡. §,NULL,Census
MMR,,States,Maine,2022-23,96.8,12403,93.9,NULL,NULL,Census
MMR,,States,Maryland,2022-23,96.7,59684,100,*. ‡,NULL,Census
MMR,,States,Massachusetts,2022-23,96.5,66041,100,*. ‡,NULL,Census
MMR,,States,California,2022-23,96.5,541132,100,‡,NULL,Census
MMR,,States,Virginia,2022-23,95.8,93271,1.6,†,NULL,Stratified 2-stage cluster sample
MMR,,States,West Virginia,2022-23,95.6,19175,86.1,>=. ‡. §,NULL,"Vol. response (pub.), census (pvt.)"
MMR,,States,Tennessee,2022-23,95.4,79692,100,§. *,NULL,Census
MMR,,States,Nebraska,2022-23,95.1,23176,100,*. ‡,NULL,Census
MMR,,States,Delaware,2022-23,95.1,10674,9.7,‡,NULL,Stratified 2-stage cluster sample
MMR,,States,New Mexico,2022-23,94.9,21068,100,*,NULL,Census
MMR,,States,New Jersey,2022-23,94.3,104468,100,>=. §. *,NULL,Census
MMR,,States,Texas,2022-23,94.2,381680,98,‡. §,NULL,Census
MMR,,States,North Carolina,2022-23,94,125679,83.1,§. ‡,NULL,Vol. response
MMR,,States,Pennsylvania,2022-23,94,137259,97.2,NULL,NULL,"Census (pub.), vol. response (pvt.)"
MMR,,States,Alabama,2022-23,93.9,59113,100,>=. *,NULL,Census
MMR,,States,South Carolina,2022-23,93.2,58878,28.1,†,NULL,Stratified 1-stage cluster sample
MMR,,States,Vermont,2022-23,93.1,5816,100,*,NULL,Census
MMR,,States,Michigan,2022-23,92.9,113678,100,*,NULL,Census
MMR,,States,Nevada,2022-23,92.8,34333,89.1,NULL,NULL,"Vol. response (pub.), census (pvt.)"
MMR,,States,South Dakota,2022-23,92.5,12081,100,*,NULL,Census
MMR,,States,Louisiana,2022-23,92.2,54314,100,*,NULL,Census
MMR,,States,North Dakota,2022-23,92,10554,99.4,NULL,NULL,Census
MMR,,States,Indiana,2022-23,92,81307,87.5,§,NULL,"Vol. response (pub.), census (pvt.)"
MMR,,States,Arkansas,2022-23,91.9,38358,95.8,NULL,NULL,"Census (pub.), vol. response (pvt.)"
MMR,,States,Oregon,2022-23,91.9,40963,100,*. ‡,NULL,Census
MMR,,States,Illinois,2022-23,91.7,135332,100,*,NULL,Census
MMR,,States,Kansas,2022-23,91.6,35543,30.8,†. ‡. §,NULL,Stratified 1-stage cluster sample
MMR,,States,Washington,2022-23,91.4,86284,97.9,§,NULL,Census
MMR,,States,Missouri,2022-23,91.3,69126,100,*,NULL,Census
MMR,,States,Kansas,2020-21,92.6,34687,32.7,†.‡.§,NULL,Stratified 2-stage cluster sample
MMR,,States,Missouri,2020-21,92.6,63093,100,*,NULL,Census
MMR,,States,Arizona,2020-21,91.9,76382,92.4,NULL,NULL,Census (public). voluntary response (private)
MMR,,States,Utah,2020-21,91.4,46247,100,*,NULL,Census
MMR,,States,New Hampshire,2020-21,90.8,10242,57,>=. §,NULL,Voluntary response
MMR,,States,Hawaii,2020-21,90.7,13074,9.3,NULL,NULL,Stratified 2-stage cluster sample
MMR,,States,Colorado,2020-21,90.5,63619,97.3,NULL,NULL,Census
MMR,,States,Oklahoma,2020-21,90.5,52656,90,‡.§,NULL,Census (public). voluntary response (private)
MMR,,States,New York,2023-24,97.7,200894,98.8,NULL,NULL,Census
MMR,,States,Connecticut,2023-24,97.7,36184,100,*,NULL,Census
MMR,,States,Mississippi,2023-24,97.5,36105,100,>=. *,NULL,Census
MMR,,States,Maryland,2023-24,96.6,63224,100,>=. *. ‡,NULL,Census
MMR,,States,Massachusetts,2023-24,96.3,65424,100,*. ‡,NULL,Census
MMR,,States,California,2023-24,96.2,569680,100,*. ‡,NULL,Census
MMR,,States,Georgia,2023-24,88.4,136943,100,>=. *,NULL,Census
MMR,,States,Utah,2023-24,88.8,46228,100,*,NULL,Census
MMR,,States,Iowa,2023-24,89.1,38611,100,>=. *,NULL,Census
MMR,,States,New Hampshire,2023-24,89.2,11871,100,>=. §. *,NULL,Census
MMR,,States,Ohio,2023-24,89.2,133716,94,NULL,NULL,"Census (pub.), vol. response (prv.)"
MMR,,States,Arizona,2023-24,89.3,74834,99.6,NULL,NULL,Census
MMR,,States,Hawaii,2023-24,89.8,13995,8.2,NULL,NULL,Stratified 2-stage cluster sample
MMR,,States,Kentucky,2023-24,90,52609,100,>=. *. ‡. §,NULL,Census
MMR,,States,Kansas,2023-24,90.4,34178,37.1,†. ‡. §,NULL,Stratified 2-stage cluster sample
MMR,,States,Missouri,2023-24,90.4,69014,100,*,NULL,Census
MMR,,States,Tennessee,2023-24,95.1,79323,95.8,§,NULL,Census
MMR,,States,New Mexico,2023-24,95,20699,100,*,NULL,Census
MMR,,States,Texas,2023-24,94.3,381421,92.4,‡. §,NULL,"Census (pub.), vol. response (prv.)"
MMR,,States,Virginia,2023-24,94.2,92633,1.9,†,NULL,Stratified 2-stage cluster sample
MMR,,States,Nebraska,2023-24,93.9,23118,100,*. ‡,NULL,Census
MMR,,States,Alabama,2023-24,93.8,54565,100,>=. *,NULL,Census
MMR,,States,Delaware,2023-24,93.8,11043,12.1,>=. ‡,NULL,Stratified 2-stage cluster sample
MMR,,States,North Carolina,2023-24,93.8,125964,90.8,§,NULL,"Census (pub.), vol. response (prv.)"
MMR,,States,TX-City of Houston,2023-24,93.6,37882,67.7,‡. §,NULL,Vol. response
MMR,,States,Wyoming,2023-24,93.5,6754,100,*,NULL,Census
MMR,,States,Mississippi,2021-22,98.6,36524,100,>=. *,NULL,Census
MMR,,States,New York,2021-22,98,195377,99.3,NULL,NULL,Census
MMR,,States,NY-City of New York,2021-22,97.3,82938,99.8,NULL,NULL,Census
MMR,,States,Rhode Island,2021-22,97.3,11002,96.9,‡. §,NULL,Census
MMR,,States,Maine,2021-22,96.7,12881,91.6,NULL,NULL,Census
MMR,,States,West Virginia,2021-22,96.5,18070,85.5,‡. §,NULL,Vol. response
MMR,,States,Delaware,2021-22,96.4,11181,9.5,‡,NULL,Stratified 2-stage cluster sample
MMR,,States,California,2021-22,96.3,512144,98.4,‡,NULL,Census
MMR,,States,Nebraska,2021-22,96.2,25018,99.5,‡,NULL,Census
MMR,,States,Massachusetts,2021-22,96.2,65582,100,*. ‡,NULL,Census
MMR,,States,North Carolina,2021-22,96.1,118191,78.5,§. ‡,NULL,Vol. response
MMR,,States,Tennessee,2021-22,95.8,79120,100,§. *,NULL,Census
MMR,,States,Connecticut,2021-22,95.7,35451,100,*,NULL,Census
MMR,,States,Virginia,2021-22,95.5,95996,2.8,†,NULL,Stratified 2-stage cluster sample
MMR,,States,Pennsylvania,2021-22,95,139558,94.9,NULL,NULL,"Census (pub.), vol. response (pvt.)"
MMR,,States,Alabama,2021-22,94.9,60332,100,>=. *,NULL,Census
MMR,,States,Texas,2024-25,93.2,378860,97.3,‡. §,NULL,"Census (pub.), vol. response (prv.)"
MMR,,States,New Jersey,2024-25,92.8,104339,100,>=. *,NULL,Census
MMR,,States,New York,2022-23,97.9,205906,96.6,NULL,NULL,"Census (pub.), vol. response (pvt.)"
MMR,,States,Pennsylvania,2024-25,92.4,140160,95.3,NULL,NULL,"Census (pub.), vol. response (prv.)"
MMR,,States,Illinois,2024-25,91.8,132769,99.5,NULL,NULL,Census
MMR,,States,Michigan,2024-25,91.6,107636,100,*. ‡,NULL,Census
MMR,,States,Nevada,2024-25,91.3,33272,92.6,NULL,NULL,"Census (pub.), vol. response (prv.)"
MMR,,States,South Carolina,2024-25,91.2,57718,34.3,†,NULL,Stratified 1-stage cluster sample
MMR,,States,Kansas,2024-25,91,33892,29.2,†. ‡. §,NULL,Stratified 2-stage cluster sample
MMR,,States,Washington,2024-25,90.9,76756,97.9,NULL,NULL,Census
MMR,,States,Indiana,2024-25,90.8,73744,92.7,§,NULL,"Census (pub.), vol. response (prv.)"
MMR,,States,Oregon,2024-25,90.5,38247,100,*. ‡,NULL,Census
MMR,,States,Hawaii,2024-25,90.1,13804,10.5,NULL,NULL,Stratified 2-stage cluster sample
MMR,,States,South Dakota,2024-25,90,11367,99.3,§,NULL,Census
MMR,,States,North Dakota,2024-25,90,9659,98.8,NULL,NULL,Census
MMR,,States,Missouri,2024-25,90,68163,100,*,NULL,Census
MMR,,States,TX-City of Houston,2022-23,91.3,37664,98.8,‡. §,NULL,"Census (pub.), vol. response (pvt.)"
MMR,,States,Wyoming,2022-23,90.8,7060,100,*,NULL,Census
MMR,,States,Florida,2022-23,90.6,230309,97.7,>=,NULL,Census
MMR,,States,Kentucky,2022-23,90.1,54742,96.9,>=. ‡. §,NULL,Census
MMR,,States,Utah,2022-23,90,46635,100,*,NULL,Census
MMR,,States,Arizona,2022-23,89.9,80814,97.7,NULL,NULL,Census
MMR,,States,Iowa,2022-23,89.9,39178,100,>=. *,NULL,Census
MMR,,States,Oklahoma,2022-23,89.6,52548,89.5,‡,NULL,"Census (pub.), vol. response (pvt.)"
MMR,,States,New Hampshire,2022-23,89.4,11332,100,>=. §. *,NULL,Census
MMR,,States,Ohio,2022-23,89.3,134893,93.7,NULL,NULL,"Census (pub.), vol. response (pvt.)"
MMR,,States,Georgia,2022-23,88.1,123771,100,>=. *,NULL,Census
MMR,,States,Minnesota,2022-23,87.6,68152,97.9,NULL,NULL,Census
MMR,,States,District of Columbia,2022-23,87.5,8064,100,*,NULL,Census
MMR,,States,Colorado,2022-23,87,65576,97.2,NULL,NULL,Census
MMR,,States,Wisconsin,2022-23,86.5,63593,93.9,‡,NULL,"Census (pub.), vol. response (pvt.)"
MMR,,States,Hawaii,2022-23,86.4,13195,8.1,NULL,NULL,Stratified 2-stage cluster sample
MMR,,States,Alaska,2022-23,83.6,9650,88.8,¶,NULL,"Vol. response (pub.), not conducted (pvt.)"
MMR,,States,Idaho,2022-23,81.3,23721,99.3,NULL,NULL,Census
MMR,,States,Oklahoma,2023-24,88.3,49979,93.8,‡,NULL,"Census (pub.), vol. response (prv.)"
MMR,,States,Colorado,2023-24,88.3,61662,100,*,NULL,Census
MMR,,States,Florida,2023-24,88.1,228213,100,>=. *,NULL,Census
MMR,,States,Minnesota,2023-24,87,66032,99.1,NULL,NULL,Census
MMR,,States,Wisconsin,2023-24,84.8,62028,98.2,‡. §,NULL,Census
MMR,,States,Alaska,2023-24,84.3,8644,88.9,¶,NULL,"Census (pub.), not conducted (prv.)"
MMR,,States,Idaho,2023-24,79.6,22376,100,*,NULL,Census
MMR,,States,West Virginia,2023-24,98.3,18261,82.8,‡. §,NULL,Vol. response
MMR,,States,Oklahoma,2025-26,87.8,47844,90.7,NULL,NULL,"Census (pub.), vol. response (prv.)"
MMR,,States,Colorado,2025-26,87.7,60049,100,*. �,NULL,Census
MMR,,States,Maine,2023-24,97.5,12087,93,NULL,NULL,Census
MMR,,States,Rhode Island,2023-24,97.1,10539,97.8,‡. §,NULL,Census
MMR,,States,Idaho,2025-26,75.2,21728,100,*,NULL,Census
MMR,,States,Kansas,2025-26,NA,NULL,NULL,NULL,NULL,Stratified 2-stage cluster sample
MMR,,States,West Virginia,2025-26,98.9,15445,93.3,�. �,NULL,Census
MMR,,States,Connecticut,2025-26,98.6,33118,100,*,NULL,Census
MMR,,States,Pennsylvania,2023-24,93.5,137593,96.5,NULL,NULL,Census
MMR,,States,New Jersey,2023-24,93.2,105408,100,>=. §. *,NULL,Census
MMR,,States,Vermont,2023-24,92.9,5630,100,*,NULL,Census
MMR,,States,Arkansas,2023-24,92.5,37535,95.4,NULL,NULL,"Census (pub.), vol. response (prv.)"
MMR,,States,Louisiana,2023-24,92.4,51839,100,*,NULL,Census
MMR,,States,Michigan,2023-24,92.1,110156,100,*,NULL,Census
MMR,,States,South Carolina,2023-24,92.1,58069,26.7,†,NULL,Stratified 1-stage cluster sample
MMR,,States,District of Columbia,2023-24,92,7874,100,*,NULL,Census
MMR,,States,Nevada,2023-24,91.9,31261,91.3,NULL,NULL,Census
MMR,,States,Illinois,2023-24,91.6,133578,100,*,NULL,Census
MMR,,States,Washington,2023-24,91.3,84053,97.2,§,NULL,Census
MMR,,States,Oregon,2023-24,91.2,39568,100,*. ‡,NULL,Census
MMR,,States,North Dakota,2023-24,90.9,9708,97.5,NULL,NULL,Census
MMR,,States,Indiana,2023-24,90.8,80639,88.5,§,NULL,"Census (pub.), vol. response (prv.)"
MMR,,States,South Dakota,2023-24,90.8,11744,99.8,§,NULL,Census
MMR,,States,Connecticut,2024-25,98.2,30112,100,*,NULL,Census
MMR,,States,New York,2024-25,97.8,234054,85.1,NULL,NULL,Vol. response
MMR,,States,Mississippi,2024-25,97.6,35293,100,>=. *,NULL,Census
MMR,,States,Maine,2024-25,97.6,11761,95.4,NULL,NULL,Census
MMR,,States,NY-City of New York,2024-25,97.1,85986,96.9,NULL,NULL,"Census (pub.), vol. response (prv.)"
MMR,,States,Rhode Island,2024-25,96.7,10088,96.7,‡. §,NULL,Census
MMR,,States,Massachusetts,2024-25,96.6,65581,100,*. ‡,NULL,Census
MMR,,States,Maryland,2024-25,96.4,66135,95.6,‡,NULL,"Census (pub.), vol. response (prv.)"
MMR,,States,California,2024-25,96.1,590849,100,*. ‡,NULL,Census
MMR,,States,Virginia,2024-25,95.6,91453,1.7,†,NULL,Stratified 2-stage cluster sample
MMR,,States,Alabama,2024-25,95.2,53589,99.9,NULL,NULL,Census
MMR,,States,New Mexico,2024-25,94.8,20180,100,*,NULL,Census
MMR,,States,Tennessee,2024-25,94.4,78299,96.7,§,NULL,Census
MMR,,States,Nebraska,2024-25,94.2,24102,100,*. ‡,NULL,Census
MMR,,States,North Carolina,2024-25,94.2,124028,91,§,NULL,"Census (pub.), vol. response (prv.)"
MMR,,States,Delaware,2024-25,94.1,10393,14.2,‡,NULL,"2-stage cluster sample (pub.), nonrandom 2-stage cluster sample (prv.)"
MMR,,States,Wyoming,2024-25,93.6,6564,100,*,NULL,Census
MMR,,States,Vermont,2024-25,93.5,5432,100,*,NULL,Census
"DTP, DTaP, or DT",,States,Rhode Island,2009-10,90.3,11818,11.6,NULL,NULL,Random sample
"DTP, DTaP, or DT",,States,North Dakota,2009-10,90.8,8323,6,¶,NULL,Random sample
MMR,,States,Arkansas,2024-25,89.6,37570,96.4,NULL,NULL,"Census (pub.), vol. response (prv.)"
MMR,,States,District of Columbia,2024-25,92.7,7997,100,*,NULL,Census
MMR,,States,Louisiana,2024-25,92.6,49229,100,*,NULL,Census
MMR,,States,Arizona,2024-25,88.6,75024,97.4,NULL,NULL,Census
MMR,,States,Utah,2024-25,88.6,45818,100,*,NULL,Census
MMR,,States,Ohio,2024-25,88.3,131589,93.2,NULL,NULL,"Census (pub.), vol. response (prv.)"
MMR,,States,Colorado,2024-25,88,60055,100,*. §,NULL,Census
MMR,,States,Kentucky,2024-25,86.9,51319,100,*. §,NULL,Census
MMR,,States,Georgia,2024-25,86.8,114568,100,>=. *,NULL,Census
MMR,,States,Minnesota,2024-25,86.5,64898,99.7,NULL,NULL,Census
MMR,,States,Wisconsin,2024-25,84.8,61120,95.7,‡. §,NULL,"Census (pub.), vol. response (prv.)"
MMR,,States,Alaska,2024-25,81.2,7338,99.8,¶,NULL,"Census (pub.), not conducted (prv.)"
MMR,,States,Idaho,2024-25,78.5,22242,99.5,NULL,NULL,Census
MMR,,States,Iowa,2025-26,88.9,37490,100,>=. *,NULL,Census
MMR,,States,Georgia,2025-26,89.1,118864,100,>=. *,NULL,Census
MMR,,States,Hawaii,2025-26,89.3,13791,11.7,NULL,NULL,Stratified 2-stage cluster sample
MMR,,States,South Dakota,2025-26,89.3,11009,100,*. �,NULL,Census
MMR,,States,Missouri,2025-26,89.5,66610,100,*,NULL,Census
MMR,,States,Oregon,2025-26,89.6,37309,100,*. �,NULL,Census
MMR,,States,Alaska,2025-26,89.9,8253,60.9,�,NULL,"Vol. response (public), not conducted (private)"
MMR,,States,Indiana,2025-26,90.1,70886,87.1,�,NULL,Vol. response
MMR,,States,Virginia,2025-26,93.6,88950,95.7,NULL,NULL,Census
MMR,,States,Delaware,2025-26,93.5,10729,12.9,NULL,NULL,"2-stage cluster sample (pub.), nonrandom 2-stage cluster sample (prv.)"
MMR,,States,South Carolina,2025-26,93.4,57542,26.2,�,NULL,Stratified 1-stage cluster sample
MMR,,States,Texas,2025-26,93.2,358586,98.3,�. �,NULL,"Census (pub.), vol. response (prv.)"
MMR,,States,Illinois,2025-26,92.8,128598,99.8,NULL,NULL,Census
MMR,,States,Nebraska,2025-26,92.8,23807,100,*. �,NULL,Census
MMR,,States,Pennsylvania,2025-26,92.7,134313,95.7,NULL,NULL,"Census (pub.), vol. response (prv.)"
MMR,,States,Wyoming,2025-26,92.6,6146,100,*,NULL,Census
MMR,,States,New Jersey,2025-26,92.5,101602,92.3,>=. �,NULL,Census
MMR,,States,TX-City of Houston,2025-26,92.1,36071,94.6,�. �,NULL,"Census (pub.), vol. response (prv.)"
MMR,,States,Arkansas,2025-26,91.5,35543,96.7,NULL,NULL,"Census (pub.), vol. response (prv.)"
MMR,,States,Kentucky,2025-26,91.1,49937,100,*. �,NULL,Census
MMR,,States,Michigan,2025-26,90.9,104614,100,*. �,NULL,Census
MMR,,States,Nevada,2025-26,90.8,32815,93.6,NULL,NULL,"Census (pub.), vol. response (prv.)"
MMR,,States,Washington,2025-26,90.6,75631,99.1,�,NULL,Census
MMR,,States,Louisiana,2025-26,90.3,50223,100,*,NULL,Census
MMR,,States,North Dakota,2025-26,88.5,9344,98.6,NULL,NULL,Census
MMR,,States,New Hampshire,2025-26,88.2,11544,100,>=. *. �,NULL,Census
MMR,,States,Ohio,2025-26,88.1,129087,95.9,NULL,NULL,"Census (pub.), vol. response (prv.)"
MMR,,States,California,2025-26,95.7,614405,100,*. �,NULL,Census
MMR,,States,New Mexico,2025-26,95.1,19843,100,*. �,NULL,Census
MMR,,States,Arizona,2025-26,87.4,73907,92.5,NULL,NULL,"Census (pub.), vol. response (prv.)"
MMR,,States,Utah,2025-26,87.2,44001,100,*,NULL,Census
MMR,,States,Minnesota,2025-26,85.7,63451,99.9,NULL,NULL,Census
MMR,,States,Wisconsin,2025-26,85.1,59360,96.6,�. �,NULL,"Census (pub.), vol. response (prv.)"
"DTP, DTaP, or DT",,States,Georgia,2009-10,99.9,141949,1.2,NULL,NULL,Random sample
"DTP, DTaP, or DT",,States,Mississippi,2009-10,99.7,46922,100,≥. *,NULL,Census
"DTP, DTaP, or DT",,States,Maryland,2009-10,99.6,75061,75,NULL,NULL,Voluntary response
"DTP, DTaP, or DT",,States,New Mexico,2009-10,99,26318,2.2,NULL,NULL,Random sample
"DTP, DTaP, or DT",,States,Nebraska,2009-10,98.7,29607,96.4,NULL,NULL,Census
"DTP, DTaP, or DT",,States,Connecticut,2009-10,98.5,46158,100,*,NULL,Census
"DTP, DTaP, or DT",,States,Virginia,2009-10,98.4,100891,4.4,NULL,NULL,Random sample
"DTP, DTaP, or DT",,States,New York,2009-10,98.3,229273,100,*,NULL,Census
"DTP, DTaP, or DT",,States,Louisiana,2009-10,98,53846,100,*,NULL,Census
"DTP, DTaP, or DT",,States,South Dakota,2009-10,97.9,11499,100,*,NULL,Census
"DTP, DTaP, or DT",,States,Nevada,2009-10,97.9,35209,5.6,NULL,NULL,Random sample
"DTP, DTaP, or DT",,States,Texas,2009-10,97.7,381425,98.3,NULL,NULL,Census
"DTP, DTaP, or DT",,States,Utah,2009-10,97.5,49957,100,*,NULL,Census
"DTP, DTaP, or DT",,States,Arkansas,2009-10,97.5,34733,100,*,NULL,Census
"DTP, DTaP, or DT",,States,Tennessee,2009-10,97.4,90811,88.1,≥,NULL,Voluntary response
"DTP, DTaP, or DT",,States,Wisconsin,2009-10,97.3,61095,2.3,¶,NULL,Random sample
"DTP, DTaP, or DT",,States,Oklahoma,2009-10,97.3,51128,88.9,NULL,NULL,Voluntary response
"DTP, DTaP, or DT",,States,Kansas,2009-10,97.1,39073,39.1,†,NULL,Stratified 1-stage sample  (Public).  Census (Private)
"DTP, DTaP, or DT",,States,Missouri,2009-10,97.1,75958,3,NULL,NULL,Random sample
"DTP, DTaP, or DT",,States,Montana,2009-10,96.7,12335,98.8,NULL,NULL,Census
"DTP, DTaP, or DT",,States,Maine,2009-10,96.2,14162,75.3,NULL,NULL,Voluntary response
"DTP, DTaP, or DT",,States,Michigan,2009-10,96,129810,100,*,NULL,Census
"DTP, DTaP, or DT",,States,Illinois,2009-10,95.6,165845,100,NULL,NULL,Census
"DTP, DTaP, or DT",,States,Pennsylvania,2009-10,NReq,149656,100,||. *,NULL,Census
"DTP, DTaP, or DT",,States,North Carolina,2009-10,NA,116087,96,NULL,NULL,Census
"DTP, DTaP, or DT",,States,New Jersey,2009-10,NA,118347,95.1,NULL,NULL,Census
"DTP, DTaP, or DT",,States,Alaska,2009-10,NA,9641,76.4,NULL,NULL,Voluntary response
"DTP, DTaP, or DT",,States,New Hampshire,2009-10,NA,NULL,NULL,NULL,NULL,Not conducted
"DTP, DTaP, or DT",,States,Colorado,2009-10,NA,NULL,NULL,NULL,NULL,Not conducted
"DTP, DTaP, or DT",,States,District of Columbia,2009-10,NA,6092,100,*,NULL,Census
"DTP, DTaP, or DT",,States,Hawaii,2009-10,NA,18427,6.4,NULL,NULL,Random sample
"DTP, DTaP, or DT",,States,Iowa,2009-10,84.5,42698,100,≥,NULL,Census
"DTP, DTaP, or DT",,States,South Carolina,2009-10,86.7,53725,10.2,NULL,NULL,Random sample
"DTP, DTaP, or DT",,States,Idaho,2009-10,86.8,22624,100,*,NULL,Census
"DTP, DTaP, or DT",,States,Ohio,2009-10,87.9,131137,100,*,NULL,Census
"DTP, DTaP, or DT",,States,Delaware,2009-10,89.6,11327,9.2,NULL,NULL,Random sample
"DTP, DTaP, or DT",,States,Hawaii,2010-11,NA,NULL,NULL,NULL,NULL,NA
"DTP, DTaP, or DT",,States,Idaho,2010-11,NA,NULL,NULL,NULL,NULL,NA
"DTP, DTaP, or DT",,States,Illinois,2010-11,NA,NULL,NULL,NULL,NULL,NA
MMR,,States,New Hampshire,2024-25,89.2,11713,100,>=. *. §,NULL,Census
MMR,,States,Florida,2024-25,88.8,221053,100,>=. *,NULL,Census
MMR,,States,Iowa,2024-25,88.8,38268,100,>=. *,NULL,Census
MMR,,States,Oklahoma,2024-25,88.7,47544,86.7,‡,NULL,Vol. response
MMR,,States,TX-City of Houston,2024-25,88.7,36981,98.8,‡. §,NULL,"Census (pub.), vol. response (prv.)"
"DTP, DTaP, or DT",,States,Nevada,2010-11,NA,NULL,NULL,NULL,NULL,NA
"DTP, DTaP, or DT",,States,New Hampshire,2010-11,NA,NULL,NULL,NULL,NULL,NA
"DTP, DTaP, or DT",,States,New Jersey,2010-11,NA,NULL,NULL,NULL,NULL,NA
"DTP, DTaP, or DT",,States,New Mexico,2010-11,NA,NULL,NULL,NULL,NULL,NA
"DTP, DTaP, or DT",,States,New York,2010-11,NA,NULL,NULL,NULL,NULL,NA
"DTP, DTaP, or DT",,States,North Carolina,2010-11,NA,NULL,NULL,NULL,NULL,NA
"DTP, DTaP, or DT",,States,North Dakota,2010-11,NA,NULL,NULL,NULL,NULL,NA
"DTP, DTaP, or DT",,States,Ohio,2010-11,NA,NULL,NULL,NULL,NULL,NA
"DTP, DTaP, or DT",,States,Oklahoma,2010-11,NA,NULL,NULL,NULL,NULL,NA
"DTP, DTaP, or DT",,States,Oregon,2010-11,NA,NULL,NULL,NULL,NULL,NA
"DTP, DTaP, or DT",,States,Pennsylvania,2010-11,NA,NULL,NULL,NULL,NULL,NA
"DTP, DTaP, or DT",,States,Maryland,2010-11,NA,NULL,NULL,NULL,NULL,NA
"DTP, DTaP, or DT",,States,Wyoming,2010-11,NA,NULL,NULL,NULL,NULL,NA
"DTP, DTaP, or DT",,States,Wisconsin,2010-11,NA,NULL,NULL,NULL,NULL,NA
"DTP, DTaP, or DT",,States,West Virginia,2010-11,NA,NULL,NULL,NULL,NULL,NA
"DTP, DTaP, or DT",,States,Massachusetts,2010-11,NA,NULL,NULL,NULL,NULL,NA
"DTP, DTaP, or DT",,States,Washington,2010-11,NA,NULL,NULL,NULL,NULL,NA
"DTP, DTaP, or DT",,States,Virginia,2010-11,NA,NULL,NULL,NULL,NULL,NA
"DTP, DTaP, or DT",,States,Vermont,2010-11,NA,NULL,NULL,NULL,NULL,NA
"DTP, DTaP, or DT",,States,Utah,2010-11,NA,NULL,NULL,NULL,NULL,NA
"DTP, DTaP, or DT",,States,Michigan,2010-11,NA,NULL,NULL,NULL,NULL,NA
"DTP, DTaP, or DT",,States,Texas,2010-11,NA,NULL,NULL,NULL,NULL,NA
"DTP, DTaP, or DT",,States,Tennessee,2010-11,NA,NULL,NULL,NULL,NULL,NA
"DTP, DTaP, or DT",,States,South Dakota,2010-11,NA,NULL,NULL,NULL,NULL,NA
"DTP, DTaP, or DT",,States,South Carolina,2010-11,NA,NULL,NULL,NULL,NULL,NA
"DTP, DTaP, or DT",,States,Rhode Island,2010-11,NA,NULL,NULL,NULL,NULL,NA
"DTP, DTaP, or DT",,States,Minnesota,2010-11,NA,NULL,NULL,NULL,NULL,NA
"DTP, DTaP, or DT",,States,Alabama,2010-11,NA,NULL,NULL,NULL,NULL,NA
"DTP, DTaP, or DT",,States,Alaska,2010-11,NA,NULL,NULL,NULL,NULL,NA
"DTP, DTaP, or DT",,States,Arizona,2010-11,NA,NULL,NULL,NULL,NULL,NA
"DTP, DTaP, or DT",,States,Arkansas,2010-11,NA,NULL,NULL,NULL,NULL,NA
MMR,,States,Maine,2025-26,98,11634,94.4,NULL,NULL,Census
MMR,,States,New York,2025-26,97.7,203514,95.8,NULL,NULL,"Census (pub.), vol. response (prv.)"
MMR,,States,NY-City of New York,2025-26,97.1,82534,98.1,NULL,NULL,Census
MMR,,States,Mississippi,2025-26,97,34969,100,>=. *,NULL,Census
MMR,,States,Rhode Island,2025-26,96.7,10123,97.1,�,NULL,Census
MMR,,States,Maryland,2025-26,96.6,66945,97.8,�,NULL,"Census (pub.), vol. response (prv.)"
MMR,,States,Massachusetts,2025-26,96.5,65331,100,�,NULL,Census
"DTP, DTaP, or DT",,States,Alabama,2011-12,93.6,73190,100,≥. * .**,NULL,Census
"DTP, DTaP, or DT",,States,Oregon,2011-12,93.7,45855,100,*,NULL,Census
MMR,,States,Tennessee,2025-26,94.4,73415,97.4,�,NULL,Census
MMR,,States,District of Columbia,2025-26,94.4,7871,100,*,NULL,Census
MMR,,States,Alabama,2025-26,94.3,53378,100,*,NULL,Census
MMR,,States,Vermont,2025-26,93.8,5298,100,*,NULL,Census
MMR,,States,North Carolina,2025-26,93.7,120045,90.1,�,NULL,"Census (pub.), vol. response (prv.)"
MMR,,States,Florida,2025-26,88.9,213535,100,>=. *,NULL,Census
"DTP, DTaP, or DT",,States,South Carolina,2011-12,96.5,59307,10.7,NULL,NULL,1-stage Cluster Sample
"DTP, DTaP, or DT",,States,Maine,2011-12,96.6,13829,97,NULL,NULL,Census
"DTP, DTaP, or DT",,States,Georgia,2011-12,96.7,143065,1.9,NULL,NULL,2-stage Cluster Sample
"DTP, DTaP, or DT",,States,Delaware,2011-12,96.9,11327,7.4,≥,NULL,2-stage Cluster Sample
"DTP, DTaP, or DT",,States,New Mexico,2011-12,96.9,29159,2,NULL,NULL,2-stage Cluster Sample
"DTP, DTaP, or DT",,States,Missouri,2011-12,97.1,75240,4.7,NULL,NULL,2-stage Cluster Sample
"DTP, DTaP, or DT",,States,Nevada,2011-12,97.2,36557,5.2,NULL,NULL,2-stage Cluster Sample
"DTP, DTaP, or DT",,States,Tennessee,2011-12,97.3,83950,99.9,≥,NULL,Census
"DTP, DTaP, or DT",,States,South Dakota,2011-12,97.5,12127,100,*,NULL,Census
"DTP, DTaP, or DT",,States,Utah,2011-12,97.7,53800,100,*,NULL,Census
"DTP, DTaP, or DT",,States,Connecticut,2011-12,97.8,45695,100,*,NULL,Census
"DTP, DTaP, or DT",,States,New York,2011-12,97.9,236016,100,*,NULL,Census
"DTP, DTaP, or DT",,States,Virginia,2011-12,98.6,101121,4.3,NULL,NULL,2-stage Cluster Sample
"DTP, DTaP, or DT",,States,Louisiana,2011-12,98.9,69013,100,*,NULL,Census
"DTP, DTaP, or DT",,States,Mississippi,2011-12,99.2,44912,100,≥. *,NULL,Census
"DTP, DTaP, or DT",,States,Texas,2011-12,99.3,388178,100,*,NULL,Census
"DTP, DTaP, or DT",,States,Maryland,2011-12,99.6,72957,67.2,NULL,NULL,Voluntary Response
"DTP, DTaP, or DT",,States,Nebraska,2011-12,99.7,26715,96.6,NULL,NULL,Census
"DTP, DTaP, or DT",,States,Indiana,2009-10,91.1,84390,94.7,NULL,NULL,Census
"DTP, DTaP, or DT",,States,Florida,2009-10,91.3,218630,100,≥. * .§,NULL,Census
"DTP, DTaP, or DT",,States,Washington,2009-10,91.6,81511,93.3,NULL,NULL,Census
"DTP, DTaP, or DT",,States,Vermont,2009-10,91.8,6713,100,*,NULL,Census
"DTP, DTaP, or DT",,States,West Virginia,2009-10,91.9,22730,86.7,NULL,NULL,Voluntary response
"DTP, DTaP, or DT",,States,Massachusetts,2009-10,92.4,74476,100,*,NULL,Census
"DTP, DTaP, or DT",,States,California,2009-10,93.1,507191,100,*,NULL,Census
"DTP, DTaP, or DT",,States,Kentucky,2009-10,93.2,56526,92.9,NULL,NULL,Census
"DTP, DTaP, or DT",,States,Oregon,2009-10,93.9,44676,100,*,NULL,Census
"DTP, DTaP, or DT",,States,Alabama,2009-10,94,75358,100,≥. *. **,NULL,Census
"DTP, DTaP, or DT",,States,Minnesota,2009-10,94.3,70653,100,*,NULL,Census
"DTP, DTaP, or DT",,States,Arizona,2009-10,95,89287,93.9,NULL,NULL,Census
"DTP, DTaP, or DT",,States,Wyoming,2009-10,NA,NULL,NULL,NULL,NULL,Not conducted
"DTP, DTaP, or DT",,States,Florida,2010-11,NA,NULL,NULL,NULL,NULL,NA
"DTP, DTaP, or DT",,States,Georgia,2010-11,NA,NULL,NULL,NULL,NULL,NA
"DTP, DTaP, or DT",,States,Indiana,2010-11,NA,NULL,NULL,NULL,NULL,NA
"DTP, DTaP, or DT",,States,Iowa,2010-11,NA,NULL,NULL,NULL,NULL,NA
"DTP, DTaP, or DT",,States,Kansas,2010-11,NA,NULL,NULL,NULL,NULL,NA
"DTP, DTaP, or DT",,States,Kentucky,2010-11,NA,NULL,NULL,NULL,NULL,NA
"DTP, DTaP, or DT",,States,Louisiana,2010-11,NA,NULL,NULL,NULL,NULL,NA
"DTP, DTaP, or DT",,States,Maine,2010-11,NA,NULL,NULL,NULL,NULL,NA
"DTP, DTaP, or DT",,States,Mississippi,2010-11,NA,NULL,NULL,NULL,NULL,NA
"DTP, DTaP, or DT",,States,Missouri,2010-11,NA,NULL,NULL,NULL,NULL,NA
"DTP, DTaP, or DT",,States,Montana,2010-11,NA,NULL,NULL,NULL,NULL,NA
"DTP, DTaP, or DT",,States,Nebraska,2010-11,NA,NULL,NULL,NULL,NULL,NA
"DTP, DTaP, or DT",,States,Colorado,2012-13,82.9,70657,0.5,NULL,NULL,Simple Random Sample
"DTP, DTaP, or DT",,States,Arkansas,2012-13,82.9,43212,96.3,‡,NULL,Census
"DTP, DTaP, or DT",,States,Hawaii,2012-13,NA,20104,6.7,NULL,NULL,2-stage Cluster Sample
"DTP, DTaP, or DT",,States,District of Columbia,2012-13,NA,7842,100,*,NULL,Census
"DTP, DTaP, or DT",,States,New Hampshire,2012-13,NA,12943,99.2,NULL,NULL,Census
"DTP, DTaP, or DT",,States,Alaska,2012-13,NA,10319,97.8,NULL,NULL,Census
"DTP, DTaP, or DT",,States,North Carolina,2012-13,NA,130612,97.3,NULL,NULL,Census
"DTP, DTaP, or DT",,States,Pennsylvania,2012-13,NReq,151364,97.5,||,NULL,Census
"DTP, DTaP, or DT",,States,California,2010-11,NA,NULL,NULL,NULL,NULL,NA
"DTP, DTaP, or DT",,States,Colorado,2010-11,NA,NULL,NULL,NULL,NULL,NA
"DTP, DTaP, or DT",,States,Connecticut,2010-11,NA,NULL,NULL,NULL,NULL,NA
"DTP, DTaP, or DT",,States,Delaware,2010-11,NA,NULL,NULL,NULL,NULL,NA
"DTP, DTaP, or DT",,States,District of Columbia,2010-11,NA,NULL,NULL,NULL,NULL,NA
"DTP, DTaP, or DT",,States,District of Columbia,2011-12,NA,6854,100,*,NULL,Census
"DTP, DTaP, or DT",,States,Hawaii,2011-12,NA,19443,7.7,NULL,NULL,2-stage Cluster Sample
"DTP, DTaP, or DT",,States,New Hampshire,2011-12,NA,13022,100,*,NULL,Census
"DTP, DTaP, or DT",,States,New Jersey,2011-12,NA,118669,96.6,NULL,NULL,Census
"DTP, DTaP, or DT",,States,North Carolina,2011-12,NA,128854,95.4,NULL,NULL,Census
"DTP, DTaP, or DT",,States,Pennsylvania,2011-12,NReq,148042,99,||,NULL,Census
"DTP, DTaP, or DT",,States,Arkansas,2011-12,84.1,38754,92.2,NULL,NULL,Census
"DTP, DTaP, or DT",,States,Colorado,2011-12,85.5,70142,0.5,NULL,NULL,Simple Random Sample
"DTP, DTaP, or DT",,States,Wisconsin,2011-12,87.7,70672,2.3,NULL,NULL,2-stage Cluster Sample
"DTP, DTaP, or DT",,States,Kansas,2011-12,88,38402,52.7,†,NULL,Stratified 1-stage sample  (Public);  Census (Private)
"DTP, DTaP, or DT",,States,Idaho,2011-12,89,22762,100,*,NULL,Census
"DTP, DTaP, or DT",,States,Indiana,2011-12,90.2,83416,67.5,NULL,NULL,Voluntary Response
"DTP, DTaP, or DT",,States,Washington,2011-12,90.9,85134,89.1,NULL,NULL,Voluntary Response
"DTP, DTaP, or DT",,States,Iowa,2011-12,91.1,40978,100,≥. *,NULL,Census
"DTP, DTaP, or DT",,States,North Dakota,2011-12,91.2,8412,5.8,¶,NULL,Convenient
"DTP, DTaP, or DT",,States,Massachusetts,2011-12,92.5,79551,97.5,NULL,NULL,Census
"DTP, DTaP, or DT",,States,West Virginia,2011-12,92.6,22449,94.9,NULL,NULL,Convenient
"DTP, DTaP, or DT",,States,Florida,2011-12,92.6,225532,100,≥. * .§,NULL,Census
"DTP, DTaP, or DT",,States,Vermont,2011-12,92.7,6548,100,*,NULL,Census
"DTP, DTaP, or DT",,States,California,2011-12,93,542544,97.6,NULL,NULL,Census
"DTP, DTaP, or DT",,States,Rhode Island,2011-12,93.4,12552,13.9,NULL,NULL,2-stage Cluster Sample
Exemption,Any Exemption,States,Wisconsin,2013-14,4.9,71363,NULL,NULL,3519,Stratified  2-stage cluster sample
Exemption,Any Exemption,States,Arizona,2013-14,4.9,89606,NULL,‡,4370,Census
"DTP, DTaP, or DT",,States,Kentucky,2011-12,93.7,58185,91.8,NULL,NULL,Census
"DTP, DTaP, or DT",,States,Oklahoma,2011-12,94.6,52987,90.9,¶,NULL,Census
"DTP, DTaP, or DT",,States,Montana,2011-12,94.8,12128,100,*,NULL,Census
"DTP, DTaP, or DT",,States,Arizona,2011-12,94.9,88293,96.9,NULL,NULL,Census
"DTP, DTaP, or DT",,States,Minnesota,2011-12,95.5,71213,99.2,NULL,NULL,Census
"DTP, DTaP, or DT",,States,Michigan,2011-12,95.6,124962,100,*,NULL,Census
"DTP, DTaP, or DT",,States,Ohio,2011-12,95.9,146144,94.5,NULL,NULL,Convenient
"DTP, DTaP, or DT",,States,Illinois,2011-12,96.4,163311,100,*,NULL,Census
"DTP, DTaP, or DT",,States,Mississippi,2012-13,99.9,46595,100,≥. *,NULL,Census
"DTP, DTaP, or DT",,States,Maryland,2012-13,99.4,75007,84.3,‡,NULL,Voluntary Response
"DTP, DTaP, or DT",,States,Virginia,2012-13,98.5,104826,4.2,NULL,NULL,2-stage Cluster Sample
"DTP, DTaP, or DT",,States,New York,2012-13,98.4,239484,100,*. ‡,NULL,Census
"DTP, DTaP, or DT",,States,Louisiana,2012-13,98.3,68874,100,*,NULL,Census
"DTP, DTaP, or DT",,States,Utah,2012-13,97.8,54605,100,*,NULL,Census
"DTP, DTaP, or DT",,States,South Dakota,2012-13,97.7,12468,100,*,NULL,Census
"DTP, DTaP, or DT",,States,Wyoming,2012-13,97.4,8133,100,* .¶,NULL,Census
"DTP, DTaP, or DT",,States,Texas,2012-13,97.3,414688,96.6,‡,NULL,Census
"DTP, DTaP, or DT",,States,Connecticut,2012-13,97.2,41604,100,*,NULL,Census
"DTP, DTaP, or DT",,States,New Jersey,2012-13,97,122516,96.7,≥. ‡,NULL,Census
"DTP, DTaP, or DT",,States,Minnesota,2012-13,96.7,73310,100,*. ‡,NULL,Census
"DTP, DTaP, or DT",,States,Nevada,2012-13,96.6,36070,4.3,NULL,NULL,2-stage Cluster Sample
"DTP, DTaP, or DT",,States,New Mexico,2012-13,96.6,29279,3.3,‡,NULL,2-stage Cluster Sample
"DTP, DTaP, or DT",,States,Missouri,2012-13,96.5,78416,5.9,NULL,NULL,2-stage Cluster Sample
"DTP, DTaP, or DT",,States,West Virginia,2012-13,96.3,22588,86.5,NULL,NULL,Voluntary Response
"DTP, DTaP, or DT",,States,Ohio,2012-13,96.3,163687,86.9,NULL,NULL,Census
"DTP, DTaP, or DT",,States,Wisconsin,2012-13,96.1,72416,1.8,‡,NULL,2-stage Cluster Sample
"DTP, DTaP, or DT",,States,Delaware,2012-13,95.7,11997,7.8,≥,NULL,2-stage Cluster Sample
"DTP, DTaP, or DT",,States,Nebraska,2012-13,95.5,24999,96.6,‡,NULL,Census
"DTP, DTaP, or DT",,States,Rhode Island,2012-13,95.2,12552,75.2,‡,NULL,Voluntary Response
"DTP, DTaP, or DT",,States,Maine,2012-13,95.2,14313,94.6,‡,NULL,Census
"DTP, DTaP, or DT",,States,Georgia,2012-13,95.1,142732,2.4,≥,NULL,2-stage Cluster Sample
"DTP, DTaP, or DT",,States,Michigan,2012-13,95.1,124662,100,*,NULL,Census
"DTP, DTaP, or DT",,States,Illinois,2012-13,94.6,166884,100,*,NULL,Census
"DTP, DTaP, or DT",,States,Arizona,2012-13,94.6,90054,97.6,NULL,NULL,Census
"DTP, DTaP, or DT",,States,Tennessee,2012-13,94.5,85801,97,≥,NULL,Census
"DTP, DTaP, or DT",,States,Montana,2012-13,94.5,12516,95.8,NULL,NULL,Census
"DTP, DTaP, or DT",,States,Kentucky,2012-13,94.1,58466,97.2,‡,NULL,Census
"DTP, DTaP, or DT",,States,Oregon,2012-13,93.4,47102,100,*. ‡,NULL,Census
"DTP, DTaP, or DT",,States,Massachusetts,2012-13,93.1,79661,97.6,‡,NULL,Census
"DTP, DTaP, or DT",,States,Alabama,2012-13,92.8,72929,100,≥. * . ‡. **,NULL,Census
Exemption,Any Exemption,States,Nevada,2014-15,1.3,36755,NULL,†,493,Stratified 2-stage cluster sample
"DTP, DTaP, or DT",,States,Vermont,2012-13,92.6,6792,100,*,NULL,Census
"DTP, DTaP, or DT",,States,California,2012-13,92.5,535523,99,‡,NULL,Census
"DTP, DTaP, or DT",,States,Washington,2012-13,92.4,87773,94.7,NULL,NULL,Census
"DTP, DTaP, or DT",,States,Florida,2012-13,92.1,234628,100,≥. *. §,NULL,Census
"DTP, DTaP, or DT",,States,South Carolina,2012-13,90.9,61799,17.9,≥,NULL,1-Stage Cluster Sample
"DTP, DTaP, or DT",,States,Iowa,2012-13,90.5,41701,99.9,≥,NULL,Census
"DTP, DTaP, or DT",,States,Oklahoma,2012-13,90.2,56943,95.5,NULL,NULL,Census
"DTP, DTaP, or DT",,States,Indiana,2012-13,90.1,86983,83.4,NULL,NULL,Voluntary Response
"DTP, DTaP, or DT",,States,North Dakota,2012-13,89,9503,4.9,NULL,NULL,2-stage Cluster Sample
"DTP, DTaP, or DT",,States,Kansas,2012-13,88.9,40738,31.8,†. ‡,NULL,Stratified 1-stage sample  (Public);  Census (Private)
"DTP, DTaP, or DT",,States,Idaho,2012-13,88.3,23888,100,*,NULL,Census
"DTP, DTaP, or DT",,States,California,2013-14,92.2,548606,97.3,‡,NULL,Census
"DTP, DTaP, or DT",,States,Vermont,2013-14,92,6771,100,*,NULL,Census
"DTP, DTaP, or DT",,States,Alabama,2013-14,92,76927,100,≥. *. **,NULL,Census
"DTP, DTaP, or DT",,States,Iowa,2013-14,91,43728,94.6,≥,NULL,Census
"DTP, DTaP, or DT",,States,Washington,2013-14,90.3,89165,88.5,NULL,NULL,Voluntary response
"DTP, DTaP, or DT",,States,Mississippi,2013-14,99.7,45719,100,≥. *,NULL,Census
"DTP, DTaP, or DT",,States,Maryland,2013-14,99,75659,96.9,‡,NULL,Census
"DTP, DTaP, or DT",,States,Virginia,2013-14,98.3,105692,4.1,NULL,NULL,2-stage cluster  sample
"DTP, DTaP, or DT",,States,Louisiana,2013-14,98.3,63976,100,*,NULL,Census
"DTP, DTaP, or DT",,States,New York,2013-14,98.1,240318,100,*. ‡,NULL,Census
"DTP, DTaP, or DT",,States,Utah,2013-14,98.1,54779,100,*,NULL,Census
"DTP, DTaP, or DT",,States,New Mexico,2013-14,97.4,30725,2.7,‡,NULL,Stratified  2-stage cluster sample
"DTP, DTaP, or DT",,States,South Carolina,2013-14,97.3,61661,11,NULL,NULL,1-stage stratified sample
"DTP, DTaP, or DT",,States,Texas,2013-14,97.2,409255,97.1,‡,NULL,Census
"DTP, DTaP, or DT",,States,Connecticut,2013-14,97,40978,100,*,NULL,Census
"DTP, DTaP, or DT",,States,New Jersey,2013-14,96.8,123085,95.4,≥. ‡,NULL,Census
"DTP, DTaP, or DT",,States,Nebraska,2013-14,96.8,27000,97.3,‡,NULL,Census
"DTP, DTaP, or DT",,States,South Dakota,2013-14,96.7,12566,100,*,NULL,Census
"DTP, DTaP, or DT",,States,Minnesota,2013-14,96.6,72087,98.5,‡,NULL,Census
"DTP, DTaP, or DT",,States,West Virginia,2013-14,96.5,22814,84.7,NULL,NULL,Voluntary response
"DTP, DTaP, or DT",,States,Delaware,2013-14,96.4,11997,12.2,≥,NULL,Stratified  2-stage cluster sample
"DTP, DTaP, or DT",,States,Wisconsin,2013-14,96.3,71363,2.8,‡,NULL,Stratified  2-stage cluster sample
"DTP, DTaP, or DT",,States,Wyoming,2013-14,NA,NULL,NULL,NULL,NULL,Not conducted
"DTP, DTaP, or DT",,States,District of Columbia,2013-14,NA,7856,100,*,NULL,Census
"DTP, DTaP, or DT",,States,Hawaii,2013-14,NA,20056,5.4,NULL,NULL,Stratified  2-stage cluster sample
"DTP, DTaP, or DT",,States,Pennsylvania,2013-14,NReq,151253,100,||. *. ‡,NULL,Census
Exemption,Any Exemption,States,Vermont,2013-14,6.2,6771,NULL,NULL,423,Census
Exemption,Any Exemption,States,Michigan,2013-14,5.9,120297,NULL,NULL,7049,Census
Exemption,Any Exemption,States,Maine,2013-14,5.5,15441,NULL,NULL,852,Voluntary response
Exemption,Any Exemption,States,Alaska,2013-14,5.3,10222,NULL,†,539,Census
Exemption,Any Exemption,States,Georgia,2013-14,1.8,143988,NULL,†,2563,Census
Exemption,Any Exemption,States,Missouri,2013-14,1.8,78140,NULL,§,1407,Census
Exemption,Any Exemption,States,Washington,2013-14,4.7,89165,NULL,*,4212,Voluntary response
Exemption,Any Exemption,States,Colorado,2013-14,4.6,69904,NULL,NULL,3291,Random Sample
Exemption,Any Exemption,States,Utah,2013-14,4.4,54779,NULL,NULL,2406,Census
Exemption,Any Exemption,States,Montana,2013-14,3.6,12855,NULL,†,463,Census
Exemption,Any Exemption,States,California,2013-14,3.3,548606,NULL,‡,18270,Census
Exemption,Any Exemption,States,Hawaii,2013-14,3.2,20056,NULL,†,634,Stratified  2-stage cluster sample
Exemption,Any Exemption,States,New Hampshire,2013-14,2.8,13240,NULL,†,377,Census
Exemption,Any Exemption,States,North Dakota,2013-14,2.7,9780,NULL,NULL,262,Census (Public). Stratified  2-stage cluster sample(Private)
Exemption,Any Exemption,States,Kansas,2013-14,2.6,41107,NULL,†,739,Census
"DTP, DTaP, or DT",,States,Wyoming,2011-12,NA,NULL,NULL,NULL,NULL,Not conducted
"DTP, DTaP, or DT",,States,Alaska,2011-12,NA,10286,7.3,NULL,NULL,Non-random Cluster Sample
Exemption,Any Exemption,States,Minnesota,2014-15,3,70896,NULL,§,2127,Census
Exemption,Any Exemption,States,New Hampshire,2014-15,2.9,12422,NULL,†,357,Census (public); Voluntary response (private)
Exemption,Any Exemption,States,North Dakota,2014-15,2.7,10017,NULL,*,269,Census
Exemption,Any Exemption,States,California,2014-15,2.7,552583,NULL,NULL,15059,Census
Exemption,Any Exemption,States,Wyoming,2014-15,2.5,7983,NULL,§.‡‡,200,Census
Exemption,Any Exemption,States,Georgia,2014-15,2.1,139471,NULL,†,2867,Census
Exemption,Any Exemption,States,Florida,2014-15,2.1,228982,NULL,†,4858,Census
Exemption,Any Exemption,States,Pennsylvania,2014-15,2.1,146378,NULL,NULL,3063,Census
Exemption,Any Exemption,States,Ohio,2014-15,2.1,149080,NULL,||,3091,Census (public); Voluntary response (private)
Exemption,Any Exemption,States,Missouri,2014-15,2,75900,NULL,§,1518,Census
Exemption,Any Exemption,States,Connecticut,2014-15,1.9,39948,NULL,†,742,Census
Exemption,Any Exemption,States,Iowa,2014-15,1.8,43239,NULL,†,761,Census
Exemption,Any Exemption,States,Mississippi,2014-15,0.1,44129,NULL,<. ‡. †. *,17,Census
Exemption,Any Exemption,States,West Virginia,2014-15,0.2,22016,NULL,‡. †,38,Voluntary response
Exemption,Any Exemption,States,Louisiana,2014-15,0.6,60377,NULL,NULL,392,Census
Exemption,Any Exemption,States,New York,2014-15,0.8,237045,NULL,†,1949,Census
Exemption,Any Exemption,States,Alabama,2014-15,0.8,59660,NULL,†. *,450,Census
Exemption,Any Exemption,States,Kentucky,2014-15,0.9,57884,NULL,†,494,Census
Exemption,Any Exemption,States,North Carolina,2014-15,1,129792,NULL,†. *,1306,Census (public); Voluntary response (private)
Exemption,Any Exemption,States,Tennessee,2014-15,1.1,78276,NULL,†,858,Census
Exemption,Any Exemption,States,Indiana,2014-15,1.1,85477,NULL,†,977,Voluntary response
Exemption,Any Exemption,States,District of Columbia,2014-15,1.1,7840,NULL,NULL,89,Census
Exemption,Any Exemption,States,Rhode Island,2014-15,1.1,11163,NULL,†,128,Census
Exemption,Any Exemption,States,Virginia,2014-15,1.1,103821,NULL,†. *,1195,Stratified 2-stage cluster sample
Exemption,Any Exemption,States,Maryland,2014-15,1.2,75391,NULL,†,907,Census (public); Voluntary response (private)
Exemption,Any Exemption,States,New Mexico,2014-15,1.2,29918,NULL,†,365,Census
Exemption,Any Exemption,States,South Carolina,2014-15,1.2,62864,NULL,†. *,722,Stratified 1-stage cluster sample
Exemption,Any Exemption,States,Maine,2015-16,4.5,13526,NULL,NULL,612,Census
Exemption,Any Exemption,States,Colorado,2015-16,4.3,69137,NULL,NULL,2963,Simple random sample
Exemption,Any Exemption,States,Arkansas,2014-15,1.3,41252,NULL,NULL,530,Census (public); Voluntary response (private)
Exemption,Any Exemption,States,Delaware,2014-15,1.3,11476,NULL,†,152,Stratified 2-stage cluster sample
"DTP, DTaP, or DT",,States,Michigan,2013-14,94.8,120297,100,*,NULL,Census
"DTP, DTaP, or DT",,States,Montana,2013-14,94.8,12855,95.4,NULL,NULL,Census
"DTP, DTaP, or DT",,States,New Hampshire,2013-14,94.7,13240,100,≥. *,NULL,Census
"DTP, DTaP, or DT",,States,Nevada,2013-14,94.4,35782,3.1,NULL,NULL,Stratified  2-stage cluster sample
"DTP, DTaP, or DT",,States,Maine,2013-14,94.4,15441,82.4,‡,NULL,Voluntary response
"DTP, DTaP, or DT",,States,Arizona,2013-14,94.3,89606,95.8,NULL,NULL,Census
"DTP, DTaP, or DT",,States,Georgia,2013-14,94,143988,100,≥. *,NULL,Census
"DTP, DTaP, or DT",,States,Kentucky,2013-14,93.9,57857,100,*,NULL,Census
"DTP, DTaP, or DT",,States,Oregon,2013-14,93.3,47649,100,*. ‡,NULL,Census
"DTP, DTaP, or DT",,States,Florida,2013-14,93.2,233797,100,≥. *. §,NULL,Census
"DTP, DTaP, or DT",,States,Massachusetts,2013-14,93,79894,97.9,‡,NULL,Census
Exemption,Any Exemption,States,Connecticut,2015-16,2,39533,NULL,†,799,Census
Exemption,Any Exemption,States,Georgia,2015-16,1.9,131403,NULL,†,2460,Census
Exemption,Any Exemption,States,Mississippi,2015-16,0.1,41042,NULL,<.‡.†,18,Census
Exemption,Any Exemption,States,West Virginia,2015-16,0.2,21333,NULL,‡. †,35,Voluntary response
Exemption,Any Exemption,States,Alabama,2015-16,0.8,60392,NULL,†,478,Census
Exemption,Any Exemption,States,Louisiana,2015-16,0.8,59159,NULL,NULL,445,Census
Exemption,Any Exemption,States,Kentucky,2015-16,0.9,54353,NULL,†,510,Census
Exemption,Any Exemption,States,New York,2015-16,0.9,232521,NULL,†,2052,Census
Exemption,Any Exemption,States,District of Columbia,2015-16,1,8080,NULL,NULL,77,Census
Exemption,Any Exemption,States,North Carolina,2015-16,1.1,128290,NULL,†,1382,Census (public); Voluntary response (private)
Exemption,Any Exemption,States,Tennessee,2015-16,1.1,79233,NULL,†,850,Census
Exemption,Any Exemption,States,Rhode Island,2015-16,1.1,11165,NULL,†,126,Census
Exemption,Any Exemption,States,Virginia,2015-16,1.2,100074,NULL,†,1155,Stratified 2-stage cluster sample
Exemption,Any Exemption,States,Indiana,2015-16,1.2,83525,NULL,†,1035,Voluntary response
Exemption,Any Exemption,States,Delaware,2015-16,1.2,11589,NULL,†,136,Stratified 2-stage cluster sample
Exemption,Any Exemption,States,Massachusetts,2015-16,1.3,72897,NULL,†,976,Census
Exemption,Any Exemption,States,Maryland,2015-16,1.3,72012,NULL,†,949,Census (public); Voluntary response (private)
Exemption,Any Exemption,States,New Mexico,2015-16,1.3,29049,NULL,†,365,Census
Exemption,Any Exemption,States,Arkansas,2015-16,1.3,40258,NULL,NULL,512,Census (public); Voluntary response (private)
Exemption,Any Exemption,States,Illinois,2015-16,1.4,151309,NULL,§,2118,Census
Exemption,Any Exemption,States,Nevada,2013-14,2,35782,NULL,†,731,Stratified  2-stage cluster sample
Exemption,Any Exemption,States,Ohio,2013-14,2,150000,NULL,||,3050,Census
Exemption,Any Exemption,States,Florida,2013-14,2,233797,NULL,†,4763,Census
Exemption,Any Exemption,States,Pennsylvania,2013-14,2,151253,NULL,NULL,3062,Census
Exemption,Any Exemption,States,Connecticut,2013-14,1.9,40978,NULL,†,725,Census
Exemption,Any Exemption,States,Iowa,2016-17,1.8,39587,NULL,†,701,Census
Exemption,Any Exemption,States,Kansas,2016-17,1.8,38298,NULL,†,683,Census
Exemption,Any Exemption,States,South Dakota,2013-14,1.8,12566,NULL,†. *,220,Census
Exemption,Any Exemption,States,Maine,2014-15,4.4,13704,NULL,NULL,599,Voluntary response (public); Census (private)
Exemption,Any Exemption,States,Washington,2014-15,4.6,88809,NULL,*,4054,Census (public); Voluntary response (private)
Exemption,Any Exemption,States,Arizona,2014-15,4.8,86153,NULL,‡,4104,Census
Exemption,Any Exemption,States,Michigan,2014-15,5.3,117963,NULL,NULL,6274,Census
Exemption,Any Exemption,States,Wisconsin,2014-15,5.3,69335,NULL,NULL,3669,Stratified 2-stage cluster sample
Exemption,Any Exemption,States,Colorado,2014-15,5.4,70597,NULL,NULL,3832,Simple random sample
Exemption,Any Exemption,States,Alaska,2014-15,5.8,10129,NULL,†,588,Census
Exemption,Any Exemption,States,Oregon,2014-15,6,46229,NULL,||,2771,Census
Exemption,Any Exemption,States,Vermont,2014-15,6.1,6277,NULL,NULL,386,Census
Exemption,Any Exemption,States,Idaho,2014-15,6.5,22968,NULL,NULL,1500,Census
Exemption,Any Exemption,States,Utah,2014-15,4.3,50916,NULL,*,2200,Census
Exemption,Any Exemption,States,Montana,2014-15,3.9,12501,NULL,†,487,Census (public); Voluntary response (private)
Exemption,Any Exemption,States,Hawaii,2014-15,3.3,20085,NULL,†,754,Stratified 2-stage cluster sample
Exemption,Any Exemption,States,West Virginia,2016-17,0.3,28666,NULL,‡.†,75,Census (public). voluntary response (private)
Exemption,Any Exemption,States,Mississippi,2016-17,0.1,40509,NULL,‡.†,31,Census
Exemption,Any Exemption,States,Wyoming,2016-17,NA,NULL,NULL,NULL,NULL,Not conducted
Exemption,Any Exemption,States,Minnesota,2016-17,3.3,69140,NULL,§,2282,Census
Exemption,Any Exemption,States,North Dakota,2016-17,3.4,9799,NULL,NULL,332,Census
Exemption,Any Exemption,States,Colorado,2016-17,3.6,64440,NULL,§,2320,Census
Exemption,Any Exemption,States,Montana,2016-17,3.7,11956,NULL,†,444,Census
Exemption,Any Exemption,States,Michigan,2016-17,3.7,118777,NULL,NULL,4347,Census
Exemption,Any Exemption,States,Vermont,2016-17,3.9,6344,NULL,†,249,Census
Exemption,Any Exemption,States,Massachusetts,2014-15,1.4,74869,NULL,†,1064,Census
Exemption,Any Exemption,States,Kansas,2014-15,1.4,39685,NULL,†,569,Census
Exemption,Any Exemption,States,Texas,2014-15,1.4,406099,NULL,§,5679,Census (public); Voluntary response (private)
Exemption,Any Exemption,States,Illinois,2014-15,1.4,156942,NULL,§,2197,Census
Exemption,Any Exemption,States,Oklahoma,2014-15,1.5,56967,NULL,NULL,877,Census
Exemption,Any Exemption,States,Nebraska,2014-15,1.6,26665,NULL,†,437,Census
Exemption,Any Exemption,States,South Dakota,2014-15,1.7,12008,NULL,†. *,202,Census
Exemption,Any Exemption,States,New Jersey,2014-15,1.8,120471,NULL,†. *,2159,Census (public); Voluntary response (private)
Exemption,Any Exemption,States,Oregon,2015-16,6.3,45531,NULL,||,2871,Census
Exemption,Any Exemption,States,Idaho,2015-16,6.1,22686,NULL,NULL,1389,Census
Exemption,Any Exemption,States,Alaska,2015-16,5.9,9937,NULL,†,524,Census
Exemption,Any Exemption,States,Vermont,2015-16,5.7,6366,NULL,NULL,361,Census
Exemption,Any Exemption,States,Arizona,2015-16,4.7,83088,NULL,‡,3921,Census
Exemption,Any Exemption,States,Utah,2015-16,4.6,50114,NULL,NULL,2302,Census
Exemption,Any Exemption,States,Washington,2015-16,4.5,86492,NULL,NULL,3878,Census
Exemption,Any Exemption,States,Connecticut,2017-18,2.3,39174,NULL,†,890,Census
Exemption,Any Exemption,States,Oklahoma,2017-18,2.2,53898,NULL,NULL,1182,Census (public). voluntary response (private)
Exemption,Any Exemption,States,South Dakota,2017-18,2.2,12125,NULL,†,261,Census
Exemption,Any Exemption,States,District of Columbia,2017-18,NA,NULL,NULL,NULL,NULL,Census
Exemption,Any Exemption,States,Wyoming,2017-18,NA,NULL,NULL,NULL,NULL,Not conducted
Exemption,Any Exemption,States,Montana,2015-16,3.8,11484,NULL,†,439,Census
Exemption,Any Exemption,States,Michigan,2015-16,3.6,116299,NULL,NULL,4203,Census
Exemption,Any Exemption,States,Minnesota,2015-16,3.4,69710,NULL,§,2370,Census
Exemption,Any Exemption,States,North Dakota,2015-16,3.3,9875,NULL,NULL,329,Census
Exemption,Any Exemption,States,Wisconsin,2015-16,3.3,70220,NULL,NULL,2295,Stratified 2-stage cluster sample
Exemption,Any Exemption,States,Hawaii,2015-16,2.9,16325,NULL,†,496,Stratified 2-stage cluster sample
Exemption,Any Exemption,States,Wyoming,2015-16,2.7,7825,NULL,§.‡‡,209,Voluntary response
Exemption,Any Exemption,States,New Hampshire,2015-16,2.6,11852,NULL,†,309,Census
Exemption,Any Exemption,States,California,2015-16,2.5,593788,NULL,NULL,15000,Census
Exemption,Any Exemption,States,Ohio,2015-16,2.3,144604,NULL,||,3255,Census (public); Voluntary response (private)
Exemption,Any Exemption,States,Florida,2015-16,2.2,224430,NULL,†,4925,Census
Exemption,Any Exemption,States,Pennsylvania,2015-16,2.2,143298,NULL,NULL,3132,Census (public); Voluntary response (private)
Exemption,Any Exemption,States,Nebraska,2015-16,2,30409,NULL,†,608,Census
Exemption,Any Exemption,States,Nevada,2015-16,2,37118,NULL,†,732,Stratified 2-stage cluster sample
Exemption,Any Exemption,States,Oklahoma,2015-16,1.6,54335,NULL,NULL,895,Census
Exemption,Any Exemption,States,Texas,2015-16,1.6,394801,NULL,||,6170,Census (public); Voluntary response (private)
Exemption,Any Exemption,States,Kansas,2015-16,1.6,39555,NULL,†,651,Census
Exemption,Any Exemption,States,Iowa,2015-16,1.8,41215,NULL,†,754,Census
Exemption,Any Exemption,States,New Jersey,2015-16,1.8,110116,NULL,†,1938,Census
Exemption,Any Exemption,States,Missouri,2015-16,1.8,74413,NULL,§,1339,Census
Exemption,Any Exemption,States,New Hampshire,2016-17,3.2,12145,NULL,†,394,Census
Exemption,Any Exemption,States,Hawaii,2016-17,2.8,16325,NULL,†,474,Stratified 2-stage cluster sample
Exemption,Any Exemption,States,Georgia,2016-17,2.8,136165,NULL,†,3811,Census
Exemption,Any Exemption,States,Florida,2016-17,2.5,224463,NULL,†,5566,Census
Exemption,Any Exemption,States,Ohio,2016-17,2.4,137542,NULL,||,3251,Census
Exemption,Any Exemption,States,Pennsylvania,2016-17,2.3,143888,NULL,NULL,3315,Voluntary response
Exemption,Any Exemption,States,New Mexico,2016-17,2.3,27119,NULL,†,610,Stratified 2-stage cluster sample
Exemption,Any Exemption,States,Missouri,2016-17,2.2,73355,NULL,§,1614,Census
Exemption,Any Exemption,States,Connecticut,2016-17,2.1,39002,NULL,†,808,Census
Exemption,Any Exemption,States,South Carolina,2016-17,2,59177,NULL,†,1180,Stratified 1-stage cluster sample
Exemption,Any Exemption,States,South Dakota,2016-17,2,12106,NULL,†,241,Census
Exemption,Any Exemption,States,Nebraska,2016-17,2,27117,NULL,†.§§,553,Census
Exemption,Any Exemption,States,New Jersey,2016-17,1.9,109577,NULL,†,2077,Census
Exemption,Any Exemption,States,Oklahoma,2016-17,1.9,52184,NULL,‡‡,989,Census
Exemption,Any Exemption,States,North Carolina,2016-17,1.8,126454,NULL,†,2247,Voluntary response
Exemption,Any Exemption,States,Michigan,2018-19,4.5,118632,NULL,NULL,5395,Census
Exemption,Any Exemption,States,Montana,2018-19,4.5,12480,NULL,†,556,Census
Exemption,Any Exemption,States,Hawaii,2018-19,4.4,16051,NULL,†,712,Stratified 2-stage cluster sample
Exemption,Any Exemption,States,North Dakota,2018-19,4.3,10382,NULL,NULL,445,Census
Exemption,Any Exemption,States,Minnesota,2018-19,3.7,70085,NULL,§. ||,2613,Census
Exemption,Any Exemption,States,Nevada,2018-19,3.3,37971,NULL,†,1267,Stratified 2-stage cluster sample
Exemption,Any Exemption,States,Texas,2016-17,1.8,389999,NULL,||,6900,Census
Exemption,Any Exemption,States,Arkansas,2016-17,1.4,39666,NULL,NULL,537,Voluntary response
Exemption,Any Exemption,States,Illinois,2016-17,1.4,151309,NULL,§,2118,Census
Exemption,Any Exemption,States,Maryland,2016-17,1.4,71467,NULL,†,1019,Census
Exemption,Any Exemption,States,Tennessee,2016-17,1.3,78169,NULL,†,985,Census
Exemption,Any Exemption,States,Massachusetts,2016-17,1.3,70109,NULL,†,893,Census
Exemption,Any Exemption,States,Rhode Island,2016-17,1.2,11100,NULL,†,131,Census
Exemption,Any Exemption,States,Virginia,2016-17,1.2,102357,NULL,†,1273,Census
Exemption,Any Exemption,States,Delaware,2016-17,1.2,11490,NULL,†,140,Stratified 2-stage cluster sample
Exemption,Any Exemption,States,California,2016-17,1.1,575305,NULL,||,6144,Census
Exemption,Any Exemption,States,District of Columbia,2016-17,1.1,8522,NULL,NULL,89,Census
Exemption,Any Exemption,States,Kentucky,2016-17,1.1,51487,NULL,†,583,Census
Exemption,Any Exemption,States,New York,2016-17,1,227050,NULL,†,2320,Census
Exemption,Any Exemption,States,Indiana,2016-17,1,83263,NULL,†,809,Voluntary response
Exemption,Any Exemption,States,Louisiana,2016-17,0.8,55257,NULL,NULL,450,Census
Exemption,Any Exemption,States,Alabama,2016-17,0.7,58394,NULL,†,429,Census
Exemption,Any Exemption,States,Wisconsin,2017-18,5.4,66178,NULL,NULL,3577,Stratified 2-stage cluster sample
Exemption,Any Exemption,States,Utah,2017-18,5.3,48827,NULL,NULL,2606,Census
Exemption,Any Exemption,States,Maine,2017-18,5.3,13255,NULL,NULL,700,Census
Exemption,Any Exemption,States,Colorado,2017-18,4.7,65718,NULL,§,3089,Census
Exemption,Any Exemption,States,Washington,2017-18,4.7,85118,NULL,NULL,3966,Census
Exemption,Any Exemption,States,Montana,2017-18,4.3,12188,NULL,†,526,Census
Exemption,Any Exemption,States,Michigan,2017-18,4.2,119028,NULL,NULL,5004,Census
Exemption,Any Exemption,States,Vermont,2017-18,3.8,6255,NULL,†,240,Census
Exemption,Any Exemption,States,Minnesota,2017-18,3.5,69807,NULL,§,2443,Census
Exemption,Any Exemption,States,North Dakota,2017-18,3.4,10365,NULL,NULL,350,Census
Exemption,Any Exemption,States,Nevada,2017-18,3.2,37178,NULL,†,1196,Stratified 2-stage cluster sample
Exemption,Any Exemption,States,Hawaii,2017-18,3.1,16325,NULL,†,518,Stratified 2-stage cluster sample
Exemption,Any Exemption,States,Florida,2017-18,2.9,222397,NULL,†,6445,Census
Exemption,Any Exemption,States,New Hampshire,2017-18,2.9,12165,NULL,†,357,Census
Exemption,Any Exemption,States,Pennsylvania,2017-18,2.8,141571,NULL,NULL,4017,Voluntary response
Exemption,Any Exemption,States,Georgia,2017-18,2.7,131459,NULL,†,3582,Census
Exemption,Any Exemption,States,Ohio,2017-18,2.6,138753,NULL,||,3543,Census
Exemption,Any Exemption,States,Missouri,2017-18,2.3,73113,NULL,§,1682,Census
Exemption,Any Exemption,States,District of Columbia,2019-20,NA,NULL,NULL,†,NULL,Not Conducted
Exemption,Any Exemption,States,Kansas,2017-18,1.7,38484,NULL,†,669,Stratified 2-stage cluster sample
Exemption,Any Exemption,States,New Mexico,2017-18,1.7,26896,NULL,†,445,Stratified 2-stage cluster sample
Exemption,Any Exemption,States,Arkansas,2017-18,1.7,39630,NULL,NULL,655,Census
Exemption,Any Exemption,States,Texas,2017-18,2,387981,NULL,||,7825,Census
Exemption,Any Exemption,States,Mississippi,2017-18,0.1,39284,NULL,‡.†,38,Census
Exemption,Any Exemption,States,West Virginia,2017-18,0.2,19519,NULL,†.‡.‡‡,32,Voluntary response
Exemption,Any Exemption,States,California,2017-18,0.7,574702,NULL,||,4195,Census
Exemption,Any Exemption,States,Alabama,2017-18,0.9,57245,NULL,†,519,Census
Exemption,Any Exemption,States,Indiana,2017-18,0.9,84296,NULL,†,735,Voluntary Response
Exemption,Any Exemption,States,Rhode Island,2017-18,1.1,11025,NULL,†,120,Census
Exemption,Any Exemption,States,New York,2017-18,1.1,226456,NULL,†,2548,Census
Exemption,Any Exemption,States,Louisiana,2017-18,1.1,58277,NULL,NULL,662,Census
Exemption,Any Exemption,States,Massachusetts,2017-18,1.3,63377,NULL,†,853,Census
Exemption,Any Exemption,States,Delaware,2017-18,1.4,10988,NULL,†,151,Stratified 2-stage cluster sample
Exemption,Any Exemption,States,Kentucky,2017-18,1.4,55152,NULL,†,797,Census
Exemption,Any Exemption,States,Virginia,2017-18,1.5,100581,NULL,†,1508,Stratified 2-stage cluster sample
Exemption,Any Exemption,States,Maryland,2017-18,1.5,68528,NULL,†,1005,Census
Exemption,Any Exemption,States,Tennessee,2017-18,1.5,78743,NULL,†,1199,Census
Exemption,Any Exemption,States,Illinois,2017-18,1.6,144858,NULL,§,2318,Census
Exemption,Any Exemption,States,South Carolina,2015-16,1.6,59240,NULL,†,960,Stratified 1-stage cluster sample
Exemption,Any Exemption,States,South Dakota,2015-16,1.6,12181,NULL,†,197,Census
Exemption,Any Exemption,States,North Carolina,2018-19,1.6,124343,NULL,†,2038,Census (public). voluntary response (private)
Exemption,Any Exemption,States,New Mexico,2018-19,1.5,25269,NULL,†,388,Census
Exemption,Any Exemption,States,Maryland,2018-19,1.5,71431,NULL,†,1071,Census
Exemption,Any Exemption,States,Massachusetts,2018-19,1.4,65279,NULL,†,920,Census
Exemption,Any Exemption,States,Kentucky,2018-19,1.4,55587,NULL,†,801,Census
Exemption,Any Exemption,States,New York,2018-19,1.3,220495,NULL,†,2762,Census
Exemption,Any Exemption,States,Rhode Island,2018-19,1.3,10964,NULL,†,139,Census
Exemption,Any Exemption,States,Indiana,2018-19,1.3,82324,NULL,†,1035,Census
Exemption,Any Exemption,States,Louisiana,2018-19,1.2,56203,NULL,NULL,671,Census
Exemption,Any Exemption,States,Delaware,2018-19,1.2,10798,NULL,†,133,Stratified 2-stage cluster sample
Exemption,Any Exemption,States,Alabama,2018-19,0.8,77739,NULL,†,624,Census
Exemption,Any Exemption,States,Maine,2018-19,6.2,13419,NULL,NULL,831,Census
Exemption,Any Exemption,States,Arizona,2018-19,6,79981,NULL,‡,4781,Census
Exemption,Any Exemption,States,Wisconsin,2018-19,5.9,66344,NULL,NULL,3884,Stratified 2-stage cluster sample
Exemption,Any Exemption,States,Utah,2018-19,5.7,50179,NULL,NULL,2836,Census
Exemption,Any Exemption,States,Washington,2018-19,5,87510,NULL,NULL,4389,Census
Exemption,Any Exemption,States,Colorado,2018-19,4.9,64191,NULL,§,3132,Census
Exemption,Any Exemption,States,Vermont,2018-19,4.7,6126,NULL,†,288,Census
Exemption,Any Exemption,States,Maine,2019-20,5.9,13450,NULL,NULL,795,Census
Exemption,Any Exemption,States,Wisconsin,2019-20,5.7,67391,NULL,NULL,3861,Census
Exemption,Any Exemption,States,Nevada,2019-20,4,37724,NULL,†,1492,Census
Exemption,Any Exemption,States,New Hampshire,2018-19,3.3,12421,NULL,†,408,Census
Exemption,Any Exemption,States,Florida,2018-19,3.2,224641,NULL,†,7300,Census
Exemption,Any Exemption,States,Wyoming,2018-19,2.9,7734,NULL,†,225,Census
Exemption,Any Exemption,States,Pennsylvania,2018-19,2.9,143560,NULL,NULL,4218,Census (public). voluntary response (private)
Exemption,Any Exemption,States,Ohio,2018-19,2.9,139679,NULL,||,4007,Census (public). voluntary response (private)
Exemption,Any Exemption,States,Connecticut,2018-19,2.7,38230,NULL,†,1027,Census
Exemption,Any Exemption,States,Nevada,2016-17,4.4,36885,NULL,†,1638,Stratified 2-stage cluster sample
Exemption,Any Exemption,States,Washington,2016-17,4.8,87142,NULL,NULL,4161,Census
Exemption,Any Exemption,States,Maine,2016-17,5,13834,NULL,NULL,691,Voluntary response (public). census (private)
Exemption,Any Exemption,States,Arizona,2016-17,5.1,83627,NULL,‡,4240,Census
Exemption,Any Exemption,States,Utah,2016-17,5.1,49073,NULL,NULL,2483,Census
Exemption,Any Exemption,States,Wisconsin,2016-17,5.5,67607,NULL,NULL,3702,Census
Exemption,Any Exemption,States,Idaho,2016-17,6.5,22589,NULL,NULL,1478,Census
Exemption,Any Exemption,States,Oregon,2016-17,6.7,45705,NULL,||,3047,Census
Exemption,Any Exemption,States,Alaska,2016-17,6.8,9815,NULL,†,663,Census
Exemption,Any Exemption,States,Oregon,2017-18,7.6,45818,NULL,||,3489,Census
Exemption,Any Exemption,States,Idaho,2017-18,7.1,22553,NULL,||,1597,Census
Exemption,Any Exemption,States,Alaska,2017-18,7,9692,NULL,†,624,Stratified 2-stage cluster sample
Exemption,Any Exemption,States,Arizona,2017-18,5.8,81710,NULL,‡,4736,Census
Exemption,Any Exemption,States,Kansas,2019-20,2.1,37865,NULL,†,805,Stratified 2-stage cluster sample
Exemption,Any Exemption,States,Illinois,2019-20,2,145891,NULL,†,2894,Census
Exemption,Any Exemption,States,Tennessee,2019-20,2,80595,NULL,†,1610,Census
Exemption,Any Exemption,States,Arkansas,2019-20,1.9,39510,NULL,<,769,Census (public). voluntary response (private)
Exemption,Any Exemption,States,Kentucky,2019-20,1.8,59233,NULL,†,1082,Census
Exemption,Any Exemption,States,North Carolina,2019-20,1.7,124548,NULL,†,2161,Census
Exemption,Any Exemption,States,Virginia,2019-20,1.7,99399,NULL,†,1711,Census
Exemption,Any Exemption,States,New Mexico,2019-20,1.5,23087,NULL,†,344,Census
Exemption,Any Exemption,States,Louisiana,2019-20,1.5,59685,NULL,NULL,884,Census
Exemption,Any Exemption,States,Maryland,2019-20,1.4,72443,NULL,†,991,Census (public). voluntary response (private)
Exemption,Any Exemption,States,Massachusetts,2019-20,1.3,66756,NULL,†,890,Census
Exemption,Any Exemption,States,Rhode Island,2019-20,1.3,11219,NULL,†,141,Census
Exemption,Any Exemption,States,Alabama,2019-20,1.2,59477,NULL,†,713,Census
Exemption,Any Exemption,States,California,2019-20,0.8,566155,NULL,†.‡,4249,Census
Exemption,Any Exemption,States,Mississippi,2019-20,0.2,37870,NULL,†. ‡,62,Census
Exemption,Any Exemption,States,New York,2019-20,0.1,234165,NULL,†.‡,320,Census
Exemption,Any Exemption,States,West Virginia,2019-20,0.1,17114,NULL,†.‡.‡‡,21,Voluntary response
Exemption,Any Exemption,States,Delaware,2019-20,NA,NULL,NULL,†,NULL,Not Conducted
Exemption,Any Exemption,States,North Dakota,2020-21,4.2,10116,99.1,NULL,423,Census
Exemption,Any Exemption,States,Colorado,2020-21,4.2,63619,97.3,>=. §,2643,Census
Exemption,Any Exemption,States,Alaska,2020-21,4,9461,92.5,†,375,Census
Exemption,Any Exemption,States,Michigan,2020-21,3.7,106657,100,NULL,3946,Census
Exemption,Any Exemption,States,South Carolina,2017-18,2,58458,NULL,†,1147,Stratified 1-stage cluster sample
Exemption,Any Exemption,States,North Carolina,2017-18,2,127197,NULL,†,2607,Census
Exemption,Any Exemption,States,Iowa,2017-18,2,39632,NULL,†,787,Census
Exemption,Any Exemption,States,New Jersey,2017-18,2.2,107630,NULL,†,2319,Census
Exemption,Any Exemption,States,Nebraska,2017-18,2.2,26313,NULL,†.§§,586,Census
Exemption,Any Exemption,States,Georgia,2018-19,2.5,131275,NULL,†,3240,Census
Exemption,Any Exemption,States,South Carolina,2018-19,2.6,58442,NULL,†,1512,Stratified 1-stage cluster sample
Exemption,Any Exemption,States,South Dakota,2018-19,2.6,12062,NULL,†,315,Census
Exemption,Any Exemption,States,Idaho,2018-19,7.7,22995,NULL,||,1778,Census
Exemption,Any Exemption,States,Oregon,2018-19,7.7,45870,NULL,||,3513,Census
Exemption,Any Exemption,States,Alaska,2018-19,7.1,10316,NULL,†,731,Voluntary response
Exemption,Any Exemption,States,Texas,2018-19,2.4,390034,NULL,||,9474,Census
Exemption,Any Exemption,States,Iowa,2018-19,2.4,40624,NULL,†,960,Census
Exemption,Any Exemption,States,Kansas,2018-19,2.1,37838,NULL,†,810,Stratified 2-stage cluster sample
Exemption,Any Exemption,States,Nebraska,2018-19,2.1,26925,NULL,†.§§,568,Census
Exemption,Any Exemption,States,Tennessee,2018-19,1.9,78630,NULL,†,1519,Census
Exemption,Any Exemption,States,Illinois,2018-19,1.8,143876,NULL,§. †,2566,Census
Exemption,Any Exemption,States,Arkansas,2018-19,1.8,39257,NULL,NULL,726,Census (public). voluntary response (private)
Exemption,Any Exemption,States,Virginia,2018-19,1.7,100394,NULL,†,1722,Stratified 2-stage cluster sample
Exemption,Any Exemption,States,Nebraska,2020-21,2.2,25681,94.8,†,555,Census (public). voluntary response (private)
Exemption,Any Exemption,States,Kansas,2020-21,2,34687,32.7,†,684,Stratified 2-stage cluster sample
Exemption,Any Exemption,States,Arkansas,2020-21,2,37540,95.6,NULL,735,Census (public). voluntary response (private)
Exemption,Any Exemption,States,Indiana,2020-21,1.9,78694,71.4,†,1464,Voluntary response
Exemption,Any Exemption,States,Tennessee,2020-21,1.9,73819,100,†,1419,Census
Exemption,Any Exemption,States,North Carolina,2020-21,1.5,120995,89,†,1826,Census (public). voluntary response (private)
Exemption,Any Exemption,States,Missouri,2018-19,2.7,72687,NULL,§. †,1948,Census
Exemption,Any Exemption,States,Oklahoma,2018-19,2.6,54806,NULL,NULL,1434,Census (public). voluntary response (private)
Exemption,Any Exemption,States,New Jersey,2018-19,2.5,109161,NULL,†,2693,Census
Exemption,Any Exemption,States,District of Columbia,2018-19,NA,NULL,NULL,NULL,NULL,Census
Exemption,Any Exemption,States,Mississippi,2018-19,0.1,37775,NULL,‡.†,47,Census
Exemption,Any Exemption,States,California,2018-19,0.6,568947,NULL,‡.†,3434,Census
Exemption,Any Exemption,States,West Virginia,2018-19,0.8,19442,NULL,†.‡.‡‡,161,Voluntary response
Exemption,Any Exemption,States,Idaho,2019-20,7.6,23301,NULL,||,1764,Census
Exemption,Any Exemption,States,Oregon,2019-20,7.1,45959,NULL,||,3265,Census
Exemption,Any Exemption,States,Hawaii,2019-20,6.1,15695,NULL,†,943,Stratified 2-stage cluster sample
Exemption,Any Exemption,States,Alaska,2019-20,5.9,10381,NULL,†,608,Voluntary response
Exemption,Any Exemption,States,Colorado,2021-22,3.2,66900,97.5,>=. §. ||,2123,Census
Exemption,Any Exemption,States,Ohio,2021-22,3,139077,91.9,||,4212,"Census (pub.), vol. response (pvt.)"
Exemption,Any Exemption,States,Missouri,2021-22,3,71034,100,>=. †. §,2137,Census
Exemption,Any Exemption,States,Texas,2021-22,2.9,389037,99.3,||,11166,Census
Exemption,Any Exemption,States,North Dakota,2019-20,3.9,10587,NULL,NULL,413,Census
Exemption,Any Exemption,States,Minnesota,2019-20,3.8,71223,NULL,§.||,2699,Census
Exemption,Any Exemption,States,Vermont,2019-20,3.7,6293,NULL,†,232,Census
Exemption,Any Exemption,States,Wyoming,2019-20,3.5,7913,NULL,†,280,Census
Exemption,Any Exemption,States,Florida,2019-20,3.4,228298,NULL,†,7758,Census
Exemption,Any Exemption,States,New Hampshire,2019-20,3.1,12447,NULL,†,389,Census
Exemption,Any Exemption,States,Georgia,2019-20,3,130102,NULL,†,3899,Census
Exemption,Any Exemption,States,Pennsylvania,2019-20,3,140197,NULL,NULL,4137,Census
Exemption,Any Exemption,States,Ohio,2019-20,2.8,139103,NULL,||,3921,Census
Exemption,Any Exemption,States,South Dakota,2019-20,2.7,12367,NULL,†,337,Census
Exemption,Any Exemption,States,Oklahoma,2019-20,2.7,55348,NULL,NULL,1468,Voluntary response
Exemption,Any Exemption,States,Missouri,2019-20,2.7,72324,NULL,†.§,1970,Census
Exemption,Any Exemption,States,South Carolina,2019-20,2.6,65938,NULL,†,1731,Stratified 1-stage cluster sample
Exemption,Any Exemption,States,New Jersey,2019-20,2.6,107900,NULL,†,2776,Census
Exemption,Any Exemption,States,Texas,2019-20,2.5,398680,NULL,||,9894,Census
Exemption,Any Exemption,States,Iowa,2019-20,2.5,40812,NULL,†,1004,Census
Exemption,Any Exemption,States,Connecticut,2019-20,2.5,38888,NULL,†,975,Census
Exemption,Any Exemption,States,Nebraska,2019-20,2.2,26893,NULL,†,591,Census
Exemption,Any Exemption,States,Indiana,2019-20,2.2,88253,NULL,†,1901,Voluntary response
Exemption,Any Exemption,States,Utah,2019-20,5.4,49208,NULL,NULL,2639,Census
Exemption,Any Exemption,States,Arizona,2019-20,5.5,83976,NULL,‡,4638,Census (public). voluntary response (private)
Exemption,Any Exemption,States,Maryland,2020-21,0.9,65764,75.6,†,610,Census (public). voluntary response (private)
Exemption,Any Exemption,States,California,2020-21,0.5,498214,97.5,†.‡,2391,Census
Exemption,Any Exemption,States,District of Columbia,2020-21,0.3,8262,100,†,25,Census
Exemption,Any Exemption,States,NY-City of New York,2020-21,0.1,91920,94.2,<.†.‡,56,Census (public). voluntary response (private)
Exemption,Any Exemption,States,New York,2020-21,0.1,216804,91.5,†.‡,264,Census (public). voluntary response (private)
Exemption,Any Exemption,States,Mississippi,2020-21,0.1,34028,100,†. ‡,39,Census
Exemption,Any Exemption,States,Illinois,2020-21,NR,NULL,NULL,†,NULL,Not Conducted
Exemption,Any Exemption,States,West Virginia,2020-21,NR,NULL,NULL,†.‡.‡‡,NULL,Not Conducted
Exemption,Any Exemption,States,Idaho,2020-21,8.2,22677,98.3,||,1861,Census
Exemption,Any Exemption,States,Arizona,2020-21,5.5,76382,93.4,‡,4211,Census (public). voluntary response (private)
Exemption,Any Exemption,States,Oregon,2020-21,5.4,39568,100,||,2118,Census
Exemption,Any Exemption,States,Wisconsin,2020-21,5.2,63486,84.5,NULL,3294,Voluntary response
Exemption,Any Exemption,States,Utah,2020-21,5.1,46247,100,NULL,2366,Census
Exemption,Any Exemption,States,Maine,2020-21,4.5,13477,85,NULL,612,Voluntary response (public). census (private)
Exemption,Any Exemption,States,Nevada,2020-21,4.4,34171,94.7,†,1511,Census (public). voluntary response (private)
Exemption,Any Exemption,States,Washington,2022-23,4,86284,97.9,NULL,3471,Census
Exemption,Any Exemption,States,South Carolina,2022-23,4.1,58878,100,†,2419,Census
Exemption,Any Exemption,States,South Dakota,2022-23,4.1,12081,100,†,499,Census
Exemption,Any Exemption,States,Colorado,2022-23,4.3,65576,97.2,>=. §. ||,2818,Census
Exemption,Any Exemption,States,Hawaii,2020-21,3.7,13074,93,†,484,Census
Exemption,Any Exemption,States,Minnesota,2020-21,2.8,66007,95.2,>=. §. ‡,1879,Census
Exemption,Any Exemption,States,New Hampshire,2020-21,2.8,10242,57,†,287,Voluntary response
Exemption,Any Exemption,States,Pennsylvania,2020-21,2.7,129307,95,NULL,3530,Census (public). voluntary response (private)
Exemption,Any Exemption,States,Connecticut,2020-21,2.6,34396,100,†,886,Census
Exemption,Any Exemption,States,Missouri,2020-21,2.5,63093,100,>=. †.§,1585,Census
Exemption,Any Exemption,States,Ohio,2020-21,2.5,128535,91.1,||,3275,Census (public). voluntary response (private)
Exemption,Any Exemption,States,Georgia,2020-21,2.9,83191,100,†,2419,Census
Exemption,Any Exemption,States,Wyoming,2020-21,3,6923,100,†,205,Census
Exemption,Any Exemption,States,Florida,2020-21,3.1,207026,100,†,6425,Census
Exemption,Any Exemption,States,Vermont,2020-21,3.2,5535,100,†,176,Census
Exemption,Any Exemption,States,Washington,2020-21,3.3,74931,100,NULL,2503,Census
Exemption,Any Exemption,States,South Dakota,2020-21,3.4,11512,99.9,†,389,Census
Exemption,Any Exemption,States,Montana,2020-21,3.5,11279,100,†,400,Census
Exemption,Any Exemption,States,Delaware,2020-21,2.4,10587,9.2,†,256,Stratified 2-stage cluster sample
Exemption,Any Exemption,States,Oklahoma,2020-21,2.4,52656,90,NULL,1275,Census (public). voluntary response (private)
Exemption,Any Exemption,States,South Carolina,2020-21,2.4,56330,26.5,†,1380,Stratified 1-stage cluster sample
Exemption,Any Exemption,States,Texas,2020-21,2.3,377840,98.9,||,8817,Census
Exemption,Any Exemption,States,Iowa,2020-21,2.2,39141,100,†,867,Census
Exemption,Any Exemption,States,New Jersey,2020-21,2.2,100144,100,†,2248,Census
Exemption,Any Exemption,States,Arkansas,2021-22,2.5,39358,96.3,NULL,1000,"Census (pub.), vol. response (pvt.)"
Exemption,Any Exemption,States,Idaho,2021-22,9.8,23854,99.6,||,2335,Census
Exemption,Any Exemption,States,Utah,2021-22,7.4,48995,100,NULL,3606,Census
Exemption,Any Exemption,States,Oregon,2021-22,7,41538,100,||,2895,Census
Exemption,Any Exemption,States,Arizona,2021-22,6.8,83463,97,‡,5707,Census
Exemption,Any Exemption,States,Wisconsin,2021-22,6.3,64275,96.8,NULL,4071,"Census (pub.), vol. response (pvt.)"
Exemption,Any Exemption,States,North Dakota,2021-22,5.3,10755,96.6,NULL,573,Census
Exemption,Any Exemption,States,Nevada,2021-22,4.8,36855,99.2,†,1779,"Census (pub.), vol. response (pvt.)"
Exemption,Any Exemption,States,Georgia,2021-22,4.7,118742,100,†,5582,Census
Exemption,Any Exemption,States,Alaska,2021-22,4.6,9790,76.2,†. ‡‡,446,"Vol. response (pub.), not conducted (pvt.)"
Exemption,Any Exemption,States,Michigan,2021-22,4.5,114251,100,NULL,5191,Census
Exemption,Any Exemption,States,Wyoming,2021-22,3.9,7382,100,†,289,Census
Exemption,Any Exemption,States,Florida,2021-22,3.9,229432,97.8,†,8944,Census
Exemption,Any Exemption,States,Pennsylvania,2021-22,3.3,139558,94.9,NULL,4644,"Census (pub.), vol. response (pvt.)"
Exemption,Any Exemption,States,Vermont,2021-22,3.3,6126,100,†,202,Census
Exemption,Any Exemption,States,Arizona,2023-24,8.5,74834,99.6,‡,6383,Census
Exemption,Any Exemption,States,Wisconsin,2023-24,7.7,62028,98.2,||||. ¶¶,4788,Census
Exemption,Any Exemption,States,Nevada,2023-24,7.1,31261,91.3,†,2213,Census
Exemption,Any Exemption,States,North Dakota,2023-24,6.5,9708,97.5,NULL,630,Census
Exemption,Any Exemption,States,Oklahoma,2023-24,5.7,49979,93.8,NULL,2867,"Census (pub.), vol. response (prv.)"
Exemption,Any Exemption,States,New Hampshire,2021-22,3.4,12157,100,†,419,Census
Exemption,Any Exemption,States,South Carolina,2021-22,3.4,58276,100,†,1994,Census
Exemption,Any Exemption,States,Hawaii,2021-22,3.4,13368,6.7,†,449,Stratified 2-stage cluster sample
Exemption,Any Exemption,States,South Dakota,2021-22,3.5,12251,100,†,434,Census
Exemption,Any Exemption,States,Oklahoma,2021-22,3.5,54042,84.3,NULL,1865,Vol. response
Exemption,Any Exemption,States,Minnesota,2021-22,3.7,69403,98.7,>=. §. ||,2598,Census
Exemption,Any Exemption,States,Washington,2021-22,3.7,87256,97.3,NULL,3200,"Census (pub.), vol. response (pvt.)"
Exemption,Any Exemption,States,New Jersey,2021-22,2.6,104240,100,†,2730,Census
Exemption,Any Exemption,States,New York,2021-22,0.1,195377,99.3,†. ‡,241,Census
Exemption,Any Exemption,States,NY-City of New York,2021-22,0.1,82938,99.8,†. ‡,47,Census
Exemption,Any Exemption,States,Mississippi,2021-22,0.1,36524,100,†. ‡,52,Census
Exemption,Any Exemption,States,West Virginia,2021-22,0.1,18070,85.5,†. ‡,17,Vol. response
Exemption,Any Exemption,States,California,2021-22,0.2,512144,98.4,†. ‡,948,Census
Exemption,Any Exemption,States,District of Columbia,2021-22,0.5,8959,100,†,46,Census
Exemption,Any Exemption,States,Massachusetts,2021-22,1,65582,100,†,688,Census
Exemption,Any Exemption,States,Louisiana,2021-22,1.1,66518,100,NULL,753,Census
Exemption,Any Exemption,States,Rhode Island,2021-22,1.2,11002,96.9,†,129,Census
Exemption,Any Exemption,States,Montana,2019-20,4.3,12501,NULL,†,535,Census
Exemption,Any Exemption,States,Michigan,2019-20,4.4,120565,NULL,NULL,5320,Census
Exemption,Any Exemption,States,Washington,2019-20,4.6,87757,91.9,NULL,NULL,Census
Exemption,Any Exemption,States,Colorado,2019-20,4.9,69088,NULL,§,3376,Census
Exemption,Any Exemption,States,New Mexico,2022-23,1.5,21068,100,†,319,Census
Exemption,Any Exemption,States,Rhode Island,2022-23,1.5,10532,96.5,†,154,Census
Exemption,Any Exemption,States,Kentucky,2022-23,1.7,54742,96.9,†,958,Census
Exemption,Any Exemption,States,Maryland,2022-23,1.9,59684,100,†,1143,Census
Exemption,Any Exemption,States,Alabama,2022-23,2,59113,100,†,1180,Census
Exemption,Any Exemption,States,Nebraska,2022-23,2.6,23176,100,†,601,Census
Exemption,Any Exemption,States,Indiana,2022-23,2.8,81307,87.5,†,2246,"Vol. response (pub.), census (pvt.)"
Exemption,Any Exemption,States,Kansas,2022-23,2.9,35543,85,†,1041,Census
Exemption,Any Exemption,States,Iowa,2022-23,3,39178,100,†,1173,Census
Exemption,Any Exemption,States,Arkansas,2022-23,3.1,38358,95.8,NULL,1182,"Census (pub.), vol. response (pvt.)"
Exemption,Any Exemption,States,Tennessee,2022-23,3.2,79692,100,†,2529,Census
Exemption,Any Exemption,States,Georgia,2022-23,3.8,123771,100,†,4683,Census
Exemption,Any Exemption,States,Ohio,2022-23,3.8,134893,93.7,||,5127,"Census (pub.), vol. response (pvt.)"
Exemption,Any Exemption,States,Pennsylvania,2022-23,3.8,137259,97.2,NULL,5220,"Census (pub.), vol. response (pvt.)"
Exemption,Any Exemption,States,Virginia,2022-23,2.2,93271,99.1,†,2055,Census
Exemption,Any Exemption,States,TX-City of Houston,2022-23,2.3,37664,98.8,||,871,"Census (pub.), vol. response (pvt.)"
Exemption,Any Exemption,States,Louisiana,2022-23,2.3,54314,100,NULL,1227,Census
Exemption,Any Exemption,States,North Carolina,2022-23,2.4,125679,83.1,†,3011,Vol. response
Exemption,Any Exemption,States,Florida,2022-23,4.5,230309,97.7,†,10326,Census
Exemption,Any Exemption,States,Minnesota,2022-23,4.5,68152,97.9,>=. §. ||,3048,Census
Exemption,Any Exemption,States,Oklahoma,2022-23,4.7,52548,89.5,NULL,2466,"Census (pub.), vol. response (pvt.)"
Exemption,Any Exemption,States,Wyoming,2022-23,4.8,7060,100,†,339,Census
Exemption,Any Exemption,States,North Dakota,2022-23,5.1,10554,99.4,NULL,542,Census
Exemption,Any Exemption,States,Michigan,2022-23,5.4,113678,100,NULL,6180,Census
Exemption,Any Exemption,States,Nevada,2022-23,5.6,34333,89.1,†,1912,"Vol. response (pub.), census (pvt.)"
Exemption,Any Exemption,States,Alaska,2022-23,5.7,9650,88.8,†. ‡‡,550,"Vol. response (pub.), not conducted (pvt.)"
Exemption,Any Exemption,States,Hawaii,2022-23,6.4,13195,8.1,†,846,Stratified 2-stage cluster sample
Exemption,Any Exemption,States,Wisconsin,2022-23,7.2,63593,93.9,NULL,4583,"Census (pub.), vol. response (pvt.)"
Exemption,Any Exemption,States,Virginia,2020-21,1.5,88273,2,†,1288,Stratified 2-stage cluster sample
Exemption,Any Exemption,States,Alabama,2020-21,1.3,56974,100,†,719,Census
Exemption,Any Exemption,States,TX-City of Houston,2020-21,1.3,39627,94.9,||,499,Census (public). voluntary response (private)
Exemption,Any Exemption,States,Louisiana,2020-21,1.1,61912,100,NULL,664,Census
Exemption,Any Exemption,States,Massachusetts,2020-21,1.1,60724,100,†,693,Census
Exemption,Any Exemption,States,Rhode Island,2020-21,1,10402,93,†,108,Census
Exemption,Any Exemption,States,Kentucky,2020-21,1,59233,86.4,†,569,Census (public). voluntary response (private)
Exemption,Any Exemption,States,New Mexico,2020-21,0.9,20589,100,†,189,Census
Exemption,Any Exemption,States,Kansas,2021-22,2.3,36526,79.4,†,830,Census
Exemption,Any Exemption,States,Connecticut,2021-22,2.3,35451,100,†,829,Census
Exemption,Any Exemption,States,Indiana,2021-22,2.4,83198,75.1,†,1980,Vol. response
Exemption,Any Exemption,States,Iowa,2021-22,2.4,40111,100,†,962,Census
Exemption,Any Exemption,States,Tennessee,2021-22,2.4,79120,100,†,1927,Census
Exemption,Any Exemption,States,Nebraska,2021-22,2.5,25018,99.5,†,628,Census
Exemption,Any Exemption,States,Kansas,2023-24,3,34178,83.9,†,1024,Census
Exemption,Any Exemption,States,Rhode Island,2023-24,1.7,10539,97.8,†,175,Census
Exemption,Any Exemption,States,Maryland,2023-24,2.2,63224,100,†,1393,Census
Exemption,Any Exemption,States,Alabama,2023-24,2.2,54565,100,†,1188,Census
Exemption,Any Exemption,States,Kentucky,2023-24,2.3,52609,100,†,1184,Census
Exemption,Any Exemption,States,District of Columbia,2023-24,2.3,7874,100,†,181,Census
Exemption,Any Exemption,States,Virginia,2023-24,2.4,92633,100,†,2204,Stratified 2-stage cluster sample
Exemption,Any Exemption,States,Indiana,2023-24,2.4,80639,88.5,†,1974,"Census (pub.), vol. response (prv.)"
Exemption,Any Exemption,States,Idaho,2023-24,14.3,22376,100,||,3192,Census
Exemption,Any Exemption,States,Alaska,2023-24,9.5,8644,88.9,†. ‡‡,821,"Census (pub.), not conducted (prv.)"
Exemption,Any Exemption,States,Utah,2023-24,9.3,46228,100,NULL,4311,Census
Exemption,Any Exemption,States,Oregon,2023-24,8.9,39568,100,||,3532,Census
Exemption,Any Exemption,States,Utah,2024-25,10.3,45818,100,NULL,4729,Census
Exemption,Any Exemption,States,Idaho,2024-25,15.4,22242,99.5,||,3427,Census
Exemption,Any Exemption,States,Pennsylvania,2024-25,6,140160,95.3,NULL,8343,"Census (pub.), vol. response (prv.)"
Exemption,Any Exemption,States,Wyoming,2024-25,5.9,6564,100,†,386,Census
Exemption,Any Exemption,States,Delaware,2021-22,1.2,11181,9.5,†,143,Stratified 2-stage cluster sample
Exemption,Any Exemption,States,Kentucky,2021-22,1.3,59233,91.5,†,774,Census
Exemption,Any Exemption,States,New Mexico,2021-22,1.4,20736,100,†,280,Census
Exemption,Any Exemption,States,Maryland,2021-22,1.5,53866,98.4,†,801,Census
Exemption,Any Exemption,States,TX-City of Houston,2021-22,1.5,40123,99.3,||,619,Census
Exemption,Any Exemption,States,Alabama,2021-22,1.7,60332,100,†,1005,Census
Exemption,Any Exemption,States,Illinois,2021-22,1.7,137699,100,>=. †. §,2400,Census
Exemption,Any Exemption,States,Maine,2021-22,1.8,12881,91.6,NULL,232,Census
Exemption,Any Exemption,States,Virginia,2021-22,1.8,95996,96.1,†,1638,Census
Exemption,Any Exemption,States,North Carolina,2021-22,1.9,118191,78.5,†,2210,Vol. response
Exemption,Any Exemption,States,Missouri,2022-23,3.8,69126,100,>=. †. §,2656,Census
Exemption,Any Exemption,States,Vermont,2022-23,3.6,5816,100,†,208,Census
Exemption,Any Exemption,States,Texas,2022-23,3.5,381680,98,||,13281,Census
Exemption,Any Exemption,States,New Hampshire,2022-23,3.4,11332,100,†,382,Census
Exemption,Any Exemption,States,New Jersey,2022-23,3.2,104468,100,†,3314,Census
Exemption,Any Exemption,States,West Virginia,2022-23,0,19175,86.1,<. †. ‡,7,"Vol. response (pub.), census (pvt.)"
Exemption,Any Exemption,States,New York,2022-23,0.1,205906,96.6,†. ‡,247,"Census (pub.), vol. response (pvt.)"
Exemption,Any Exemption,States,NY-City of New York,2022-23,0.1,85379,97.6,†. ‡,63,"Census (pub.), vol. response (pvt.)"
Exemption,Any Exemption,States,California,2022-23,0.2,541132,100,†. ‡,1036,Census
Exemption,Any Exemption,States,Mississippi,2022-23,0.2,36048,100,†. ‡,71,Census
Exemption,Any Exemption,States,Connecticut,2022-23,0.8,35580,100,†,297,Census
Exemption,Any Exemption,States,Maine,2022-23,0.9,12403,93.9,NULL,113,Census
Exemption,Any Exemption,States,District of Columbia,2022-23,1.3,8064,100,†,101,Census
Exemption,Any Exemption,States,Massachusetts,2022-23,1.4,66041,100,†,925,Census
Exemption,Any Exemption,States,Illinois,2024-25,2.8,132769,99.5,>=. †. §,3776,Census
Exemption,Any Exemption,States,District of Columbia,2024-25,2.7,7997,100,†,217,Census
Exemption,Any Exemption,States,Virginia,2024-25,2.7,91453,98,†,2433,Census
Exemption,Any Exemption,States,Delaware,2024-25,2.6,10393,14.2,†,275,"2-stage cluster sample (pub.), nonrandom 2-stage cluster sample (prv.)"
Exemption,Any Exemption,States,Indiana,2024-25,2.6,73744,92.7,†. ||||,1937,"Census (pub.), vol. response (prv.)"
Exemption,Any Exemption,States,TX-City of Houston,2024-25,2.5,36981,98.8,||,909,"Census (pub.), vol. response (prv.)"
Exemption,Any Exemption,States,Arizona,2022-23,7.4,80814,97.7,‡,6009,Census
Exemption,Any Exemption,States,Utah,2022-23,8.1,46635,100,NULL,3786,Census
Exemption,Any Exemption,States,Oregon,2022-23,8.2,40963,100,||,3358,Census
Exemption,Any Exemption,States,Idaho,2022-23,12.1,23721,99.3,||,2859,Census
Exemption,Any Exemption,States,Delaware,2022-23,2.1,10674,9.7,†,250,Stratified 2-stage cluster sample
Exemption,Any Exemption,States,Illinois,2022-23,2.1,135332,100,>=. †. §,2829,Census
Exemption,Any Exemption,States,Nevada,2025-26,8.7,32815,93.6,�,2856,"Census (pub.), vol. response (prv.)"
Exemption,Any Exemption,States,Alaska,2025-26,8.6,8253,60.9,�. ��,711,"Vol. response (public), not conducted (private)"
Exemption,Any Exemption,States,Wisconsin,2025-26,8.2,59360,96.6,||||. ��,4893,"Census (pub.), vol. response (prv.)"
Exemption,Any Exemption,States,North Dakota,2025-26,8.1,9344,98.6,NULL,760,Census
Exemption,Any Exemption,States,New Mexico,2023-24,1.6,20699,100,†,329,Census
Exemption,Any Exemption,States,Massachusetts,2023-24,1.4,65424,100,†,939,Census
Exemption,Any Exemption,States,Maine,2023-24,1,12087,93,NULL,119,Census
Exemption,Any Exemption,States,Mississippi,2023-24,0.7,36105,100,†,238,Census
Exemption,Any Exemption,States,Connecticut,2023-24,0.5,36184,100,†,179,Census
Exemption,Any Exemption,States,California,2023-24,0.1,569680,100,†. ‡,648,Census
Exemption,Any Exemption,States,New York,2023-24,0.1,200894,98.8,†. ‡,255,Census
Exemption,Any Exemption,States,NY-City of New York,2023-24,0.1,85360,99.3,†. ‡,61,Census
Exemption,Any Exemption,States,West Virginia,2023-24,0.1,18261,82.8,<. †. ‡,7,Vol. response
Exemption,Any Exemption,States,New Hampshire,2023-24,4.1,11871,100,†,492,Census
Exemption,Any Exemption,States,Vermont,2023-24,4,5630,100,†,227,Census
Exemption,Any Exemption,States,New Jersey,2023-24,3.9,105408,100,†,4071,Census
Exemption,Any Exemption,States,Texas,2023-24,3.9,381421,92.4,||,14727,"Census (pub.), vol. response (prv.)"
Exemption,Any Exemption,States,Tennessee,2023-24,3.6,79323,95.8,†,2829,Census
Exemption,Any Exemption,States,Georgia,2023-24,3.6,136943,100,†,4954,Census
Exemption,Any Exemption,States,Arkansas,2023-24,3.5,37535,95.4,NULL,1299,"Census (pub.), vol. response (prv.)"
Exemption,Any Exemption,States,Nebraska,2023-24,3.5,23118,100,†,813,Census
Exemption,Any Exemption,States,Iowa,2023-24,3.4,38611,100,†,1307,Census
Exemption,Any Exemption,States,Colorado,2023-24,4.2,61662,100,>=. §. ||,2584,Census
Exemption,Any Exemption,States,Delaware,2023-24,2.5,11043,12.1,†,274,Stratified 2-stage cluster sample
Exemption,Any Exemption,States,Illinois,2023-24,2.5,133578,100,>=. †. §,3405,Census
Exemption,Any Exemption,States,TX-City of Houston,2023-24,2.7,37882,67.7,||,1008,Vol. response
Exemption,Any Exemption,States,Louisiana,2023-24,2.8,51839,100,NULL,1462,Census
Exemption,Any Exemption,States,North Carolina,2023-24,2.9,125964,90.8,†,3636,"Census (pub.), vol. response (prv.)"
Exemption,Any Exemption,States,Hawaii,2023-24,5.3,13995,8.2,†,745,Stratified 2-stage cluster sample
Exemption,Any Exemption,States,Pennsylvania,2023-24,5,137593,96.5,NULL,6877,Census
Exemption,Any Exemption,States,Washington,2023-24,4.8,84053,97.2,||||. ¶¶,4025,Census
Exemption,Any Exemption,States,Florida,2023-24,4.8,228213,100,†,11031,Census
Exemption,Any Exemption,States,Missouri,2023-24,4.7,69014,100,>=. †. §,3245,Census
Exemption,Any Exemption,States,South Carolina,2023-24,4.4,58069,100,†,2556,Census
Exemption,Any Exemption,States,Ohio,2023-24,4.2,133716,94,||,5642,"Census (pub.), vol. response (prv.)"
Exemption,Any Exemption,States,Wisconsin,2024-25,7.6,61120,95.7,||||. ¶¶,4641,"Census (pub.), vol. response (prv.)"
Exemption,Any Exemption,States,Arizona,2024-25,9.1,75024,97.4,‡,6852,Census
Exemption,Any Exemption,States,Alaska,2024-25,9.4,7338,99.8,†. ‡‡,686,"Census (pub.), not conducted (prv.)"
Exemption,Any Exemption,States,Oregon,2024-25,9.8,38247,100,||,3746,Census
MMR (PAC),MMR (PAC),States,Wyoming,2024-25,94.5,6564,100,NULL,NULL,Census
MMR (PAC),MMR (PAC),States,West Virginia,2025-26,99.9,15445,93.3,NULL,NULL,Census
MMR (PAC),MMR (PAC),States,Connecticut,2025-26,99.5,33118,100,NULL,NULL,Census
Exemption,Any Exemption,States,Minnesota,2024-25,5.9,64898,99.7,>=. §. ||,3852,Census
Exemption,Any Exemption,States,Oklahoma,2024-25,5.7,47544,86.7,NULL,2709,Vol. response
Exemption,Any Exemption,States,Hawaii,2024-25,5.6,13804,10.5,NULL,765,Stratified 2-stage cluster sample
Exemption,Any Exemption,States,Missouri,2024-25,5.2,68163,100,>=. †. §,3551,Census
Exemption,Any Exemption,States,Florida,2024-25,5.1,221053,100,†,11287,Census
Exemption,Any Exemption,States,Washington,2024-25,4.8,76756,97.9,||||. ¶¶,3654,Census
Exemption,Any Exemption,States,Georgia,2024-25,4.8,114568,100,†,5535,Census
Exemption,Any Exemption,States,New Jersey,2024-25,4.7,104339,100,†,4930,Census
Exemption,Any Exemption,States,Ohio,2024-25,4.7,131589,93.2,||,6129,"Census (pub.), vol. response (prv.)"
Exemption,Any Exemption,States,South Carolina,2024-25,4.6,57718,100,†,2681,Census
Exemption,Any Exemption,States,Texas,2024-25,4.3,378860,97.3,||,16417,"Census (pub.), vol. response (prv.)"
Exemption,Any Exemption,States,Colorado,2024-25,4.2,60055,100,>=. §. ||,2545,Census
Exemption,Any Exemption,States,Kansas,2024-25,3.6,33892,81.6,†,1219,Census
Exemption,Any Exemption,States,California,2024-25,0.1,590849,100,†. ‡,492,Census
Exemption,Any Exemption,States,NY-City of New York,2024-25,0.1,85986,96.9,†. ‡,62,"Census (pub.), vol. response (prv.)"
Exemption,Any Exemption,States,New York,2024-25,0.1,234054,85.1,NULL,632,Vol. response
Exemption,Any Exemption,States,Connecticut,2024-25,0.4,30112,100,†,126,Census
Exemption,Any Exemption,States,Maine,2024-25,0.8,11761,95.4,†. ‡,97,Census
Exemption,Any Exemption,States,Nevada,2024-25,7.1,33272,92.6,†,2376,"Census (pub.), vol. response (prv.)"
Exemption,Any Exemption,States,North Dakota,2024-25,7,9659,98.8,NULL,672,Census
Exemption,Any Exemption,States,Michigan,2024-25,6.8,107636,100,NULL,7306,Census
Exemption,Any Exemption,States,South Dakota,2024-25,6.8,11367,99.3,†,768,Census
Exemption,Any Exemption,States,Arkansas,2024-25,3.6,37570,96.4,NULL,1337,"Census (pub.), vol. response (prv.)"
Exemption,Any Exemption,States,North Carolina,2024-25,3.2,124028,91,†,3948,"Census (pub.), vol. response (prv.)"
Exemption,Any Exemption,States,Louisiana,2024-25,3.1,49229,100,NULL,1519,Census
Exemption,Any Exemption,States,Connecticut,2025-26,0.5,33118,100,�,173,Census
Exemption,Any Exemption,States,California,2025-26,0.1,614405,100,�. �,558,Census
Exemption,Any Exemption,States,West Virginia,2025-26,0.1,15445,93.3,<. �. �. ��,6,Census
Exemption,Any Exemption,States,New York,2025-26,0.1,203514,95.8,�. �,272,"Census (pub.), vol. response (prv.)"
Exemption,Any Exemption,States,NY-City of New York,2025-26,0.1,82534,98.1,�. �,85,Census
Exemption,Any Exemption,States,Colorado,2025-26,4.7,60049,100,>=. �. ||,2814,Census
Exemption,Any Exemption,States,Idaho,2025-26,17.5,21728,100,||,3796,Census
Exemption,Any Exemption,States,Utah,2025-26,12.7,44001,100,NULL,5574,Census
Exemption,Any Exemption,States,Oregon,2025-26,11,37309,100,||,4095,Census
Exemption,Any Exemption,States,Arizona,2025-26,10.6,73907,92.5,�,7800,"Census (pub.), vol. response (prv.)"
Exemption,Non-Medical Exemption,States,Louisiana,2018-19,1.1,56203,NULL,NULL,618,Census
Exemption,Non-Medical Exemption,States,Rhode Island,2018-19,1.1,10964,NULL,†,123,Census
Exemption,Non-Medical Exemption,States,New York,2018-19,1.1,220495,NULL,†,2447,Census
Exemption,Any Exemption,States,Michigan,2025-26,7.7,104614,100,NULL,8050,Census
Exemption,Any Exemption,States,Oklahoma,2025-26,7.4,47844,90.7,NULL,3547,"Census (pub.), vol. response (prv.)"
Exemption,Any Exemption,States,Wyoming,2025-26,7.2,6146,100,�,443,Census
Exemption,Any Exemption,States,South Dakota,2025-26,6.9,11009,100,�,758,Census
Exemption,Any Exemption,States,Minnesota,2025-26,6.9,63451,99.9,>=. �. ||,4404,Census
Exemption,Any Exemption,States,New Hampshire,2025-26,5.4,11544,100,�,620,Census
Exemption,Any Exemption,States,Washington,2025-26,5.3,75631,99.1,||||. ��,3988,Census
Exemption,Any Exemption,States,Texas,2025-26,5.2,358586,98.3,||,18585,"Census (pub.), vol. response (prv.)"
Exemption,Any Exemption,States,Georgia,2025-26,5.1,118864,100,�,6087,Census
Exemption,Any Exemption,States,Iowa,2025-26,4.9,37490,100,�,1838,Census
Exemption,Any Exemption,States,Tennessee,2025-26,4.8,73415,97.4,�,3510,Census
Exemption,Any Exemption,States,Massachusetts,2025-26,1.8,65331,100,�,1170,Census
Exemption,Any Exemption,States,Mississippi,2025-26,2,34969,100,�,700,Census
Exemption,Any Exemption,States,New Mexico,2025-26,2.2,19843,100,�,428,Census
Exemption,Any Exemption,States,Rhode Island,2025-26,2.2,10123,97.1,�,221,Census
Exemption,Any Exemption,States,Delaware,2025-26,2.2,10729,12.9,�,233,"2-stage cluster sample (pub.), nonrandom 2-stage cluster sample (prv.)"
Exemption,Any Exemption,States,Maryland,2025-26,2.5,66945,97.8,�,1660,"Census (pub.), vol. response (prv.)"
Exemption,Any Exemption,States,Kentucky,2025-26,2.6,49937,100,�,1322,Census
Exemption,Any Exemption,States,TX-City of Houston,2025-26,2.9,36071,94.6,||,1060,"Census (pub.), vol. response (prv.)"
Exemption,Any Exemption,States,Alabama,2025-26,3,53378,100,�,1626,Census
Exemption,Any Exemption,States,Virginia,2025-26,3,88950,95.7,�,2667,Census
Exemption,Any Exemption,States,District of Columbia,2025-26,3.4,7871,100,�,264,Census
Exemption,Any Exemption,States,Illinois,2025-26,3.5,128598,99.8,>=. �. �,4559,Census
Exemption,Any Exemption,States,South Dakota,2023-24,5.7,11744,99.8,†,664,Census
Exemption,Any Exemption,States,Wyoming,2023-24,5.6,6754,100,†,378,Census
Exemption,Any Exemption,States,Michigan,2023-24,5.6,110156,100,NULL,6138,Census
Exemption,Any Exemption,States,Minnesota,2023-24,5.4,66032,99.1,>=. §. ||,3567,Census
MMR (PAC),MMR (PAC),States,Texas,2024-25,96,378860,97.3,NULL,NULL,"Census (pub.), vol. response (prv.)"
MMR (PAC),MMR (PAC),States,New Hampshire,2024-25,95.9,11713,100,NULL,NULL,Census
MMR (PAC),MMR (PAC),States,Ohio,2024-25,95.8,131589,93.2,NULL,NULL,"Census (pub.), vol. response (prv.)"
MMR (PAC),MMR (PAC),States,Colorado,2024-25,95.8,60055,100,NULL,NULL,Census
MMR (PAC),MMR (PAC),States,South Carolina,2024-25,95.4,57718,34.3,NULL,NULL,Stratified 1-stage cluster sample
MMR (PAC),MMR (PAC),States,New Jersey,2024-25,95.3,104339,100,NULL,NULL,Census
MMR (PAC),MMR (PAC),States,Georgia,2024-25,95.2,114568,100,NULL,NULL,Census
MMR (PAC),MMR (PAC),States,Florida,2024-25,94.9,221053,100,NULL,NULL,Census
MMR (PAC),MMR (PAC),States,Missouri,2024-25,94.8,68163,100,NULL,NULL,Census
MMR (PAC),MMR (PAC),States,Oklahoma,2024-25,94.6,47544,86.7,NULL,NULL,Vol. response
Exemption,Non-Medical Exemption,States,Rhode Island,2017-18,1,11025,NULL,†,110,Census
Exemption,Non-Medical Exemption,States,New York,2017-18,1,226456,NULL,†,2199,Census
Exemption,Non-Medical Exemption,States,Louisiana,2017-18,1,58277,NULL,NULL,601,Census
MMR (PAC),MMR (PAC),States,Maine,2025-26,99.5,11634,94.4,NULL,NULL,Census
MMR (PAC),MMR (PAC),States,Delaware,2025-26,97.8,10729,12.9,NULL,NULL,"2-stage cluster sample (pub.), nonrandom 2-stage cluster sample (prv.)"
MMR (PAC),MMR (PAC),States,Maryland,2025-26,97.5,66945,97.8,NULL,NULL,"Census (pub.), vol. response (prv.)"
MMR (PAC),MMR (PAC),States,Kentucky,2025-26,97.5,49937,100,NULL,NULL,Census
MMR (PAC),MMR (PAC),States,TX-City of Houston,2025-26,97.3,36071,94.6,NULL,NULL,"Census (pub.), vol. response (prv.)"
MMR (PAC),MMR (PAC),States,Alabama,2025-26,97,53378,100,NULL,NULL,Census
MMR (PAC),MMR (PAC),States,Virginia,2025-26,97,88950,95.7,NULL,NULL,Census
MMR (PAC),MMR (PAC),States,New Mexico,2025-26,97.8,19843,100,NULL,NULL,Census
MMR (PAC),MMR (PAC),States,District of Columbia,2025-26,97,7871,100,NULL,NULL,Census
MMR (PAC),MMR (PAC),States,Vermont,2025-26,96.8,5298,100,NULL,NULL,Census
MMR (PAC),MMR (PAC),States,Massachusetts,2025-26,98.4,65331,100,NULL,NULL,Census
MMR (PAC),MMR (PAC),States,Rhode Island,2025-26,98.1,10123,97.1,NULL,NULL,Census
MMR (PAC),MMR (PAC),States,Mississippi,2025-26,98,34969,100,NULL,NULL,Census
MMR (PAC),MMR (PAC),States,Ohio,2025-26,94.9,129087,95.9,NULL,NULL,"Census (pub.), vol. response (prv.)"
MMR (PAC),MMR (PAC),States,Iowa,2025-26,95.1,37490,100,NULL,NULL,Census
Exemption,Any Exemption,States,Alabama,2024-25,2.3,53589,99.9,†,1214,Census
Exemption,Any Exemption,States,Maryland,2024-25,2.2,66135,95.6,†,1472,"Census (pub.), vol. response (prv.)"
Exemption,Any Exemption,States,Kentucky,2024-25,2.2,51319,100,†,1114,Census
Exemption,Any Exemption,States,New Mexico,2024-25,2,20180,100,†,401,Census
Exemption,Any Exemption,States,Rhode Island,2024-25,1.9,10088,96.7,†,192,Census
Exemption,Any Exemption,States,Massachusetts,2024-25,1.5,65581,100,†,968,Census
Exemption,Any Exemption,States,Mississippi,2024-25,1.2,35293,100,†,441,Census
Exemption,Any Exemption,States,New Hampshire,2024-25,4.1,11713,100,†,481,Census
Exemption,Any Exemption,States,Nebraska,2024-25,4,24102,100,†,966,Census
Exemption,Any Exemption,States,Iowa,2024-25,3.9,38268,100,†,1499,Census
Exemption,Any Exemption,States,Vermont,2024-25,3.9,5432,100,†,212,Census
Exemption,Any Exemption,States,Tennessee,2024-25,3.8,78299,96.7,†,2985,Census
Exemption,Any Exemption,States,Maine,2025-26,0.8,11634,94.4,�. �,92,Census
Exemption,Non-Medical Exemption,States,Oregon,2018-19,7.5,45870,NULL,||,3457,Census
Exemption,Non-Medical Exemption,States,California,2018-19,NA,568947,NULL,‡.†,NULL,Census
Exemption,Non-Medical Exemption,States,Mississippi,2018-19,NA,37775,NULL,‡.†,NULL,Census
Exemption,Non-Medical Exemption,States,West Virginia,2018-19,NA,19442,NULL,†.‡.‡‡,NULL,Voluntary response
Exemption,Non-Medical Exemption,States,Alabama,2018-19,0.9,77739,NULL,†,667,Census
Exemption,Non-Medical Exemption,States,Indiana,2018-19,1,82324,NULL,†,783,Census
Exemption,Non-Medical Exemption,States,Delaware,2018-19,1,10798,NULL,†,106,Stratified 2-stage cluster sample
Exemption,Non-Medical Exemption,States,Massachusetts,2018-19,1.1,65279,NULL,†,749,Census
Exemption,Non-Medical Exemption,States,Maryland,2018-19,1.1,71431,NULL,†,772,Census
Exemption,Non-Medical Exemption,States,New Mexico,2019-20,1.3,23087,NULL,†,298,Census
Exemption,Non-Medical Exemption,States,Louisiana,2019-20,1.3,59685,NULL,NULL,792,Census
Exemption,Non-Medical Exemption,States,Kentucky,2018-19,1.2,55587,NULL,†,661,Census
Exemption,Non-Medical Exemption,States,New Mexico,2018-19,1.2,25269,NULL,†,303,Census
Exemption,Non-Medical Exemption,States,Virginia,2018-19,1.4,100394,NULL,†,1406,Stratified 2-stage cluster sample
Exemption,Non-Medical Exemption,States,Illinois,2018-19,1.5,143876,NULL,§. †,2220,Census
Exemption,Non-Medical Exemption,States,North Carolina,2018-19,1.5,124343,NULL,†,1871,Census (public). voluntary response (private)
Exemption,Any Exemption,States,Vermont,2025-26,3.8,5298,100,�,200,Census
Exemption,Any Exemption,States,Indiana,2025-26,3.8,70886,87.1,�. ||||,2680,Vol. response
Exemption,Any Exemption,States,North Carolina,2025-26,3.9,120045,90.1,�,4666,"Census (pub.), vol. response (prv.)"
Exemption,Any Exemption,States,Louisiana,2025-26,4,50223,100,NULL,2014,Census
Exemption,Any Exemption,States,Kansas,2025-26,4.5,33420,84.1,�,1496,Census
Exemption,Any Exemption,States,Arkansas,2025-26,4.6,35543,96.7,NULL,1629,"Census (pub.), vol. response (prv.)"
Exemption,Any Exemption,States,Nebraska,2025-26,4.7,23807,100,�,1123,Census
Exemption,Any Exemption,States,Missouri,2025-26,6.3,66610,100,>=. �. �,4219,Census
Exemption,Any Exemption,States,Pennsylvania,2025-26,6,134313,95.7,NULL,8097,"Census (pub.), vol. response (prv.)"
Exemption,Any Exemption,States,Hawaii,2025-26,6,13791,11.7,�,835,Stratified 2-stage cluster sample
Exemption,Any Exemption,States,Florida,2025-26,5.9,213535,100,�,12540,Census
Exemption,Any Exemption,States,New Jersey,2025-26,5.7,101602,92.3,�,5832,Census
Exemption,Any Exemption,States,South Carolina,2025-26,5.7,57542,100,�,3295,Census
Exemption,Any Exemption,States,Ohio,2025-26,5.7,129087,95.9,||,7337,"Census (pub.), vol. response (prv.)"
MMR (PAC),MMR (PAC),States,Alaska,2024-25,91,7338,99.8,NULL,NULL,"Census (pub.), not conducted (prv.)"
MMR (PAC),MMR (PAC),States,Utah,2024-25,90.4,45818,100,NULL,NULL,Census
MMR (PAC),MMR (PAC),States,Idaho,2024-25,85.5,22242,99.5,NULL,NULL,Census
MMR (PAC),MMR (PAC),States,Oregon,2024-25,91.6,38247,100,NULL,NULL,Census
MMR (PAC),MMR (PAC),States,Arizona,2024-25,91.7,75024,97.4,NULL,NULL,Census
MMR (PAC),MMR (PAC),States,Wisconsin,2024-25,93,61120,95.7,NULL,NULL,"Census (pub.), vol. response (prv.)"
MMR (PAC),MMR (PAC),States,North Dakota,2024-25,93,9659,98.8,NULL,NULL,Census
MMR (PAC),MMR (PAC),States,Michigan,2024-25,93.2,107636,100,NULL,NULL,Census
MMR (PAC),MMR (PAC),States,South Dakota,2024-25,93.2,11367,99.3,NULL,NULL,Census
MMR (PAC),MMR (PAC),States,Nevada,2024-25,93.5,33272,92.6,NULL,NULL,"Census (pub.), vol. response (prv.)"
Hepatitis B,,States,Maine,2016-17,NReq,13834,90.1,NULL,NULL,Voluntary response (public). census (private)
Hepatitis B,,States,Georgia,2016-17,93.3,136165,100,≥.*,NULL,Census
Hepatitis B,,States,Hawaii,2016-17,92.7,16325,6.7,NULL,NULL,Stratified 2-stage cluster sample
Hepatitis B,,States,Iowa,2016-17,92.6,39587,100,≥.*,NULL,Census
Hepatitis B,,States,Idaho,2016-17,92.6,22589,100,*,NULL,Census
Hepatitis B,,States,Kentucky,2016-17,92.1,51487,92.9,‡.§,NULL,Census
Exemption,Non-Medical Exemption,States,Kentucky,2017-18,1.1,55152,NULL,†,623,Census
Exemption,Non-Medical Exemption,States,Massachusetts,2017-18,1.1,63377,NULL,†,687,Census
Exemption,Non-Medical Exemption,States,Texas,2018-19,2.2,390034,NULL,||,8502,Census
Exemption,Non-Medical Exemption,States,New Jersey,2018-19,2.3,109161,NULL,†,2510,Census
Exemption,Non-Medical Exemption,States,Maryland,2017-18,0.9,68528,NULL,†,614,Census
Exemption,Non-Medical Exemption,States,Alabama,2017-18,0.8,57245,NULL,†,460,Census
Exemption,Non-Medical Exemption,States,Indiana,2017-18,0.7,84296,NULL,†,579,Voluntary Response
Exemption,Non-Medical Exemption,States,District of Columbia,2017-18,NA,NULL,NULL,NULL,NULL,Census
Exemption,Non-Medical Exemption,States,Mississippi,2017-18,NA,39284,NULL,‡.†,NULL,Census
Exemption,Non-Medical Exemption,States,West Virginia,2017-18,NA,19519,NULL,†.‡.‡‡,NULL,Voluntary response
Exemption,Non-Medical Exemption,States,Wyoming,2017-18,NA,NULL,NULL,NULL,NULL,Not conducted
Exemption,Non-Medical Exemption,States,South Dakota,2018-19,2.4,12062,NULL,†,293,Census
Exemption,Non-Medical Exemption,States,Idaho,2018-19,7.4,22995,NULL,||,1696,Census
Exemption,Non-Medical Exemption,States,Alaska,2018-19,6.6,10316,NULL,†,680,Voluntary response
Exemption,Non-Medical Exemption,States,Arizona,2018-19,5.9,79981,NULL,‡,4755,Census
Exemption,Non-Medical Exemption,States,Maine,2018-19,5.6,13419,NULL,NULL,752,Census
Exemption,Non-Medical Exemption,States,Wisconsin,2018-19,5.6,66344,NULL,NULL,3724,Stratified 2-stage cluster sample
Exemption,Non-Medical Exemption,States,Utah,2018-19,5.5,50179,NULL,NULL,2759,Census
Exemption,Non-Medical Exemption,States,Colorado,2018-19,4.7,64191,NULL,§,3017,Census
Exemption,Non-Medical Exemption,States,Washington,2018-19,4.5,87510,NULL,NULL,3964,Census
Exemption,Non-Medical Exemption,States,Hawaii,2018-19,4.4,16051,NULL,†,702,Stratified 2-stage cluster sample
Exemption,Non-Medical Exemption,States,Vermont,2018-19,4.4,6126,NULL,†,269,Census
Exemption,Non-Medical Exemption,States,Michigan,2018-19,4.3,118632,NULL,NULL,5099,Census
Exemption,Non-Medical Exemption,States,Montana,2018-19,4.2,12480,NULL,†,529,Census
Exemption,Non-Medical Exemption,States,North Dakota,2018-19,3.9,10382,NULL,NULL,409,Census
Exemption,Non-Medical Exemption,States,Minnesota,2018-19,3.5,70085,NULL,§. ||,2450,Census
Exemption,Non-Medical Exemption,States,Nevada,2018-19,3.2,37971,NULL,†,1197,Stratified 2-stage cluster sample
Exemption,Non-Medical Exemption,States,New Hampshire,2018-19,3.1,12421,NULL,†,379,Census
Exemption,Non-Medical Exemption,States,Florida,2018-19,2.9,224641,NULL,†,6472,Census
Exemption,Non-Medical Exemption,States,Wyoming,2018-19,2.7,7734,NULL,†,210,Census
Exemption,Non-Medical Exemption,States,Ohio,2018-19,2.6,139679,NULL,||,3673,Census (public). voluntary response (private)
Exemption,Non-Medical Exemption,States,Pennsylvania,2018-19,2.6,143560,NULL,NULL,3671,Census (public). voluntary response (private)
Exemption,Non-Medical Exemption,States,Missouri,2018-19,2.5,72687,NULL,§. †,1819,Census
Exemption,Non-Medical Exemption,States,Oklahoma,2018-19,2.5,54806,NULL,NULL,1355,Census (public). voluntary response (private)
Exemption,Non-Medical Exemption,States,Connecticut,2018-19,2.5,38230,NULL,†,941,Census
Exemption,Non-Medical Exemption,States,Georgia,2018-19,2.4,131275,NULL,†,3116,Census
Exemption,Non-Medical Exemption,States,Indiana,2019-20,1.9,88253,NULL,†,1701,Voluntary response
Exemption,Non-Medical Exemption,States,Arkansas,2019-20,1.9,39510,NULL,<,753,Census (public). voluntary response (private)
Exemption,Non-Medical Exemption,States,Nebraska,2019-20,1.8,26893,NULL,†,485,Census
Exemption,Non-Medical Exemption,States,Illinois,2019-20,1.7,145891,NULL,†,2487,Census
Exemption,Non-Medical Exemption,States,North Carolina,2019-20,1.6,124548,NULL,†,2003,Census
Exemption,Non-Medical Exemption,States,Kentucky,2019-20,1.4,59233,NULL,†,809,Census
Exemption,Non-Medical Exemption,States,Virginia,2019-20,1.4,99399,NULL,†,1378,Census
Hepatitis B,,States,Florida,2017-18,93.7,222397,100,≥.*.§,NULL,Census
Hepatitis B,,States,Arkansas,2017-18,93.7,39630,95.4,‡,NULL,Census
Exemption,Non-Medical Exemption,States,Massachusetts,2019-20,1.1,66756,NULL,†,737,Census
Exemption,Non-Medical Exemption,States,Alabama,2019-20,1.1,59477,NULL,†,650,Census
Hepatitis B,,States,Mississippi,2017-18,99.4,39284,100,≥.*,NULL,Census
Hepatitis B,,States,West Virginia,2017-18,99.2,19519,79.3,¶,NULL,Voluntary response
Hepatitis B,,States,Louisiana,2017-18,98.4,58277,100,*,NULL,Census
Hepatitis B,,States,North Carolina,2017-18,98.2,127197,90.9,‡.§,NULL,Census
Hepatitis B,,States,New York,2017-18,98,226456,100,*,NULL,Census
Hepatitis B,,States,Maryland,2017-18,97.9,68528,98.5,‡,NULL,Census
Hepatitis B,,States,Delaware,2017-18,97.9,10988,9.5,NULL,NULL,Stratified 2-stage cluster sample
Hepatitis B,,States,Rhode Island,2017-18,97.6,11025,100,*.‡.§,NULL,Census
Hepatitis B,,States,California,2017-18,97.6,574702,100,‡,NULL,Census
Hepatitis B,,States,Pennsylvania,2017-18,97.4,141571,93.3,NULL,NULL,Voluntary response
Hepatitis B,,States,Texas,2017-18,97.4,387981,99.4,‡.§,NULL,Census
Hepatitis B,,States,Massachusetts,2017-18,97.3,63377,100,*.‡,NULL,Census
Hepatitis B,,States,Tennessee,2017-18,97.1,78743,100,*.§,NULL,Census
Hepatitis B,,States,Nebraska,2017-18,97.1,26313,98.6,‡.‡‡,NULL,Census
Hepatitis B,,States,Connecticut,2017-18,97,39174,100,*,NULL,Census
Hepatitis B,,States,South Carolina,2017-18,96.9,58458,27,NULL,NULL,Stratified 1-stage cluster sample
Hepatitis B,,States,Missouri,2017-18,96.5,73113,100,*,NULL,Census
Hepatitis B,,States,Nevada,2017-18,96.4,37178,4.8,NULL,NULL,Stratified 2-stage cluster sample
Hepatitis B,,States,Michigan,2017-18,96.4,119028,100,*,NULL,Census
Hepatitis B,,States,Kansas,2017-18,96.4,38484,23.1,†.‡.§,NULL,Stratified 2-stage cluster sample
Hepatitis B,,States,Wisconsin,2017-18,96.1,66178,2.3,†.‡.§,NULL,Stratified 2-stage cluster sample
Hepatitis B,,States,New Jersey,2017-18,96.1,107630,100,≥.*,NULL,Census
Hepatitis B,,States,Hawaii,2017-18,96,16325,6.6,NULL,NULL,Stratified 2-stage cluster sample
Hepatitis B,,States,Alaska,2016-17,91.7,9815,7.6,†.§,NULL,Stratified 2-stage cluster sample
Hepatitis B,,States,New Hampshire,2016-17,91.5,12145,100,≥.*,NULL,Census
Hepatitis B,,States,Colorado,2016-17,91.4,64440,100,*,NULL,Census
Hepatitis B,,States,Indiana,2016-17,90.2,83263,80.3,NULL,NULL,Voluntary response
Hepatitis B,,States,Washington,2016-17,90.2,87142,98.2,§,NULL,Census
Hepatitis B,,States,Wyoming,2016-17,NA,NULL,NULL,NULL,NULL,Not conducted
Hepatitis B,,States,Oklahoma,2016-17,NA,52184,0,‡.¶,NULL,Census
Hepatitis B,,States,Montana,2016-17,NReq,11956,100,*,NULL,Census
Hepatitis B,,States,Illinois,2016-17,NReq,151309,97.7,NULL,NULL,Census
Hepatitis B,,States,Alabama,2016-17,NReq,58394,100,≥.*,NULL,Census
Exemption,Non-Medical Exemption,States,Nebraska,2018-19,1.6,26925,NULL,†.§§,441,Census
Exemption,Non-Medical Exemption,States,Tennessee,2018-19,1.8,78630,NULL,†,1390,Census
Exemption,Non-Medical Exemption,States,Arkansas,2018-19,1.8,39257,NULL,NULL,711,Census (public). voluntary response (private)
Exemption,Non-Medical Exemption,States,Kansas,2018-19,1.8,37838,NULL,†,688,Stratified 2-stage cluster sample
Exemption,Non-Medical Exemption,States,Iowa,2018-19,2.1,40624,NULL,†,873,Census
Exemption,Non-Medical Exemption,States,South Dakota,2020-21,3.2,11512,99.9,†,373,Census
Exemption,Non-Medical Exemption,States,Montana,2020-21,3.3,11279,100,†,376,Census
Exemption,Non-Medical Exemption,States,South Carolina,2018-19,2.4,58442,NULL,†,1420,Stratified 1-stage cluster sample
Exemption,Non-Medical Exemption,States,District of Columbia,2018-19,NA,NULL,NULL,NULL,NULL,Census
Exemption,Non-Medical Exemption,States,Idaho,2019-20,7.2,23301,NULL,||,1689,Census
Exemption,Non-Medical Exemption,States,Oregon,2019-20,6.9,45959,NULL,||,3192,Census
Exemption,Non-Medical Exemption,States,Hawaii,2019-20,5.9,15695,NULL,†,913,Stratified 2-stage cluster sample
Exemption,Non-Medical Exemption,States,Maine,2019-20,5.6,13450,NULL,NULL,755,Census
Exemption,Non-Medical Exemption,States,Wisconsin,2019-20,5.5,67391,NULL,NULL,3693,Census
Exemption,Non-Medical Exemption,States,Alaska,2019-20,5.4,10381,NULL,†,557,Voluntary response
Exemption,Non-Medical Exemption,States,Arizona,2019-20,5.4,83976,NULL,‡,4494,Census (public). voluntary response (private)
Exemption,Non-Medical Exemption,States,Utah,2019-20,5.2,49208,NULL,NULL,2580,Census
Exemption,Non-Medical Exemption,States,Washington,2019-20,5,87757,NULL,NULL,4359,Census
Exemption,Non-Medical Exemption,States,Colorado,2019-20,4.7,69088,NULL,§,3254,Census
Exemption,Non-Medical Exemption,States,Michigan,2019-20,4.2,120565,NULL,NULL,5030,Census
Exemption,Non-Medical Exemption,States,Montana,2019-20,4,12501,NULL,†,505,Census
Exemption,Non-Medical Exemption,States,North Dakota,2019-20,3.6,10587,NULL,NULL,381,Census
Exemption,Non-Medical Exemption,States,Vermont,2019-20,3.5,6293,NULL,†,223,Census
Exemption,Non-Medical Exemption,States,Nevada,2019-20,3.5,37724,NULL,†,1322,Census
Exemption,Non-Medical Exemption,States,Minnesota,2019-20,3.4,71223,NULL,§.||,2565,Census
Exemption,Non-Medical Exemption,States,Wyoming,2019-20,3.2,7913,NULL,†,256,Census
Exemption,Non-Medical Exemption,States,Florida,2019-20,3,228298,NULL,†,6903,Census
Exemption,Non-Medical Exemption,States,Georgia,2019-20,2.9,130102,NULL,†,3741,Census
Exemption,Non-Medical Exemption,States,New Hampshire,2019-20,2.9,12447,NULL,†,360,Census
Exemption,Non-Medical Exemption,States,South Dakota,2019-20,2.6,12367,NULL,†,319,Census
Exemption,Non-Medical Exemption,States,Pennsylvania,2019-20,2.6,140197,NULL,NULL,3630,Census
Exemption,Non-Medical Exemption,States,Ohio,2019-20,2.6,139103,NULL,||,3575,Census
Exemption,Non-Medical Exemption,States,Missouri,2019-20,2.5,72324,NULL,†.§,1820,Census
Exemption,Non-Medical Exemption,States,Oklahoma,2019-20,2.5,55348,NULL,NULL,1395,Voluntary response
Exemption,Non-Medical Exemption,States,South Carolina,2019-20,2.5,65938,NULL,†,1616,Stratified 1-stage cluster sample
Exemption,Non-Medical Exemption,States,New Jersey,2019-20,2.4,107900,NULL,†,2588,Census
Exemption,Non-Medical Exemption,States,Iowa,2019-20,2.3,40812,NULL,†,936,Census
Exemption,Non-Medical Exemption,States,Connecticut,2019-20,2.3,38888,NULL,†,891,Census
Exemption,Non-Medical Exemption,States,Texas,2019-20,2.2,398680,NULL,||,8965,Census
Exemption,Non-Medical Exemption,States,Tennessee,2019-20,1.9,80595,NULL,†,1509,Census
Exemption,Non-Medical Exemption,States,Kansas,2019-20,1.9,37865,NULL,†,705,Stratified 2-stage cluster sample
Hepatitis B,,States,Indiana,2017-18,92.8,84296,96.4,NULL,NULL,Voluntary Response
Hepatitis B,,States,Iowa,2017-18,93,39632,100,≥.*,NULL,Census
Hepatitis B,,States,Alaska,2017-18,93.1,9692,84.4,†.§,NULL,Stratified 2-stage cluster sample
Hepatitis B,,States,Oregon,2017-18,93.3,45818,100,*.‡,NULL,Census
Hepatitis B,,States,Georgia,2017-18,93.4,131459,100,≥.*,NULL,Census
Hepatitis B,,States,Colorado,2019-20,92.9,69088,98.2,NULL,NULL,Census
Hepatitis B,,States,Georgia,2019-20,93.1,130102,100,≥.*,NULL,Census
Hepatitis B,,States,Wyoming,2019-20,93.1,7913,100,*,NULL,Census
Hepatitis B,,States,Kentucky,2017-18,94,55152,99,‡.§,NULL,Census
Hepatitis B,,States,Oklahoma,2017-18,94.1,53898,92.1,§,NULL,Census (public). voluntary response (private)
Hepatitis B,,States,Utah,2017-18,94.3,48827,100,*,NULL,Census
Hepatitis B,,States,Virginia,2017-18,94.9,100581,4.4,†,NULL,Stratified 2-stage cluster sample
Hepatitis B,,States,Arizona,2017-18,94.9,81710,100,*,NULL,Census
Hepatitis B,,States,South Dakota,2017-18,95,12125,99.9,NULL,NULL,Census
Hepatitis B,,States,Minnesota,2017-18,95,69807,98.1,§,NULL,Census
Hepatitis B,,States,Ohio,2017-18,95.2,138753,94.9,NULL,NULL,Census
Hepatitis B,,States,Vermont,2017-18,95.3,6255,100,*,NULL,Census
Hepatitis B,,States,North Dakota,2017-18,95.8,10365,99.4,NULL,NULL,Census
Hepatitis B,,States,New Mexico,2017-18,96,26896,99.6,NULL,NULL,Stratified 2-stage cluster sample
Hepatitis B,,States,Wyoming,2018-19,95.7,7734,100,*,NULL,Census
Hepatitis B,,States,Oklahoma,2018-19,95.7,54806,92.1,§,NULL,Census (public). voluntary response (private)
Hepatitis B,,States,Michigan,2018-19,96,118632,100,*,NULL,Census
Hepatitis B,,States,Missouri,2018-19,96.1,72687,100,*,NULL,Census
Hepatitis B,,States,Connecticut,2018-19,96.3,38230,100,*,NULL,Census
Hepatitis B,,States,Arkansas,2018-19,96.4,39257,95.4,‡,NULL,Census (public). voluntary response (private)
Hepatitis B,,States,Kansas,2018-19,96.7,37838,23.1,†.‡.§,NULL,Stratified 2-stage cluster sample
Hepatitis B,,States,Tennessee,2018-19,96.8,78630,100,*.§,NULL,Census
Hepatitis B,,States,New Mexico,2018-19,96.8,25269,99.6,NULL,NULL,Census
Hepatitis B,,States,Pennsylvania,2018-19,97.1,143560,93.3,NULL,NULL,Census (public). voluntary response (private)
Hepatitis B,,States,California,2018-19,97.4,568947,97.7,‡,NULL,Census
Hepatitis B,,States,Nevada,2018-19,97.4,37971,4.8,NULL,NULL,Stratified 2-stage cluster sample
Hepatitis B,,States,Texas,2018-19,97.5,390034,99.4,‡.§,NULL,Census
Hepatitis B,,States,Nebraska,2018-19,97.5,26925,98.6,‡.‡‡,NULL,Census
Hepatitis B,,States,Massachusetts,2018-19,97.6,65279,100,*.‡,NULL,Census
Hepatitis B,,States,Maryland,2018-19,97.7,71431,100,‡,NULL,Census
Hepatitis B,,States,New York,2018-19,97.9,220495,100,*,NULL,Census
Hepatitis B,,States,Rhode Island,2018-19,98.3,10964,100,*.‡.§,NULL,Census
Hepatitis B,,States,Louisiana,2018-19,98.4,56203,100,*,NULL,Census
Hepatitis B,,States,Delaware,2018-19,98.5,10798,9.5,NULL,NULL,Stratified 2-stage cluster sample
Hepatitis B,,States,West Virginia,2018-19,99,19442,79.3,¶,NULL,Voluntary response
Hepatitis B,,States,Mississippi,2018-19,99.2,37775,100,≥.*,NULL,Census
Hepatitis B,,States,Wisconsin,2018-19,95.6,66344,2.3,†.‡.§,NULL,Stratified 2-stage cluster sample
Hepatitis B,,States,North Dakota,2018-19,95.2,10382,99.4,NULL,NULL,Census
Hepatitis B,,States,New Jersey,2018-19,95,109161,100,≥.*,NULL,Census
Exemption,Non-Medical Exemption,States,Minnesota,2020-21,2.7,66007,95.2,>=. §. ‡,1797,Census
Exemption,Non-Medical Exemption,States,Georgia,2020-21,2.8,83191,100,†,2358,Census
Exemption,Non-Medical Exemption,States,Vermont,2020-21,3.1,5535,100,†,170,Census
Exemption,Non-Medical Exemption,States,Florida,2020-21,2.7,207026,100,†,5635,Census
Exemption,Non-Medical Exemption,States,New Mexico,2021-22,1.1,20736,100,†,222,Census
Exemption,Non-Medical Exemption,States,Delaware,2021-22,1.2,11181,9.5,†,134,Stratified 2-stage cluster sample
Exemption,Non-Medical Exemption,States,TX-City of Houston,2021-22,1.4,40123,99.3,||,564,Census
Exemption,Non-Medical Exemption,States,Hawaii,2020-21,3.5,13074,93,†,457,Census
Exemption,Non-Medical Exemption,States,Michigan,2020-21,3.5,106657,100,NULL,3729,Census
Exemption,Non-Medical Exemption,States,Nevada,2020-21,3.6,34171,94.7,†,1232,Census (public). voluntary response (private)
Exemption,Non-Medical Exemption,States,Alaska,2020-21,3.8,9461,92.5,†,354,Census
Exemption,Non-Medical Exemption,States,North Dakota,2020-21,4,10116,99.1,NULL,401,Census
Exemption,Non-Medical Exemption,States,Colorado,2020-21,4,63619,97.3,>=. §,2545,Census
Exemption,Non-Medical Exemption,States,Maine,2020-21,4.1,13477,85,NULL,548,Voluntary response (public). census (private)
Exemption,Non-Medical Exemption,States,Wisconsin,2020-21,4.9,63486,84.5,NULL,3141,Voluntary response
Exemption,Non-Medical Exemption,States,Utah,2020-21,5,46247,100,NULL,2308,Census
Exemption,Non-Medical Exemption,States,Oregon,2020-21,5.3,39568,100,||,2079,Census
Exemption,Non-Medical Exemption,States,Arizona,2020-21,5.4,76382,93.4,‡,4139,Census (public). voluntary response (private)
Exemption,Non-Medical Exemption,States,Idaho,2020-21,7.9,22677,98.3,||,1797,Census
Exemption,Non-Medical Exemption,States,Iowa,2020-21,2.1,39141,100,†,803,Census
Exemption,Non-Medical Exemption,States,Washington,2020-21,2.1,74931,100,>=.,1563,Census
Exemption,Non-Medical Exemption,States,New Jersey,2020-21,2.1,100144,100,†,2113,Census
Exemption,Non-Medical Exemption,States,Texas,2020-21,2.1,377840,98.9,||,8118,Census
Exemption,Non-Medical Exemption,States,Arkansas,2020-21,1.9,37540,95.6,NULL,721,Census (public). voluntary response (private)
Exemption,Non-Medical Exemption,States,Kansas,2020-21,1.8,34687,32.7,†,613,Stratified 2-stage cluster sample
Exemption,Non-Medical Exemption,States,Tennessee,2020-21,1.8,73819,100,†,1332,Census
Exemption,Non-Medical Exemption,States,Indiana,2020-21,1.7,78694,71.4,†,1333,Voluntary response
Exemption,Non-Medical Exemption,States,Nebraska,2020-21,1.6,25681,94.8,†,413,Census (public). voluntary response (private)
Exemption,Non-Medical Exemption,States,North Carolina,2020-21,1.4,120995,89,†,1700,Census (public). voluntary response (private)
Exemption,Non-Medical Exemption,States,Virginia,2020-21,1.2,88273,2,†,1074,Stratified 2-stage cluster sample
Exemption,Non-Medical Exemption,States,Alabama,2020-21,1.1,56974,100,†,653,Census
Exemption,Non-Medical Exemption,States,TX-City of Houston,2020-21,1.1,39627,94.9,||,440,Census (public). voluntary response (private)
Exemption,Non-Medical Exemption,States,Louisiana,2020-21,1,61912,100,NULL,616,Census
Exemption,Non-Medical Exemption,States,Massachusetts,2020-21,0.9,60724,100,†,566,Census
Exemption,Non-Medical Exemption,States,Rhode Island,2020-21,0.9,10402,93,†,99,Census
Exemption,Non-Medical Exemption,States,Kentucky,2020-21,0.8,59233,86.4,†,478,Census (public). voluntary response (private)
Exemption,Non-Medical Exemption,States,Maryland,2020-21,0.8,65764,75.6,†,501,Census (public). voluntary response (private)
Hepatitis B,,States,Wyoming,2017-18,NA,NULL,NULL,NULL,NULL,Not conducted
Hepatitis B,,States,Colorado,2017-18,92,65718,100,*,NULL,Census
Hepatitis B,,States,Idaho,2017-18,92.1,22553,99,NULL,NULL,Census
Hepatitis B,,States,New Hampshire,2017-18,92.4,12165,100,≥,NULL,Census
Hepatitis B,,States,Washington,2017-18,92.5,85118,96.9,§,NULL,Census
Hepatitis B,,States,New Hampshire,2019-20,91.5,12447,100,≥.*,NULL,Census
Hepatitis B,,States,Alaska,2019-20,NA,10381,82.7,§,NULL,Voluntary response
Hepatitis B,,States,Alabama,2019-20,NReq,59477,94.9,≥,NULL,Census
Hepatitis B,,States,Idaho,2019-20,91.3,23301,98.5,NULL,NULL,Census
Hepatitis B,,States,Hawaii,2019-20,91.3,15695,8.9,NULL,NULL,Stratified 2-stage cluster sample
Hepatitis B,,States,Utah,2020-21,93.5,46247,100,*,NULL,Census
Hepatitis B,,States,Iowa,2020-21,93.4,39141,100,>=.*,NULL,Census
Hepatitis B,,States,North Dakota,2019-20,95.7,10587,99.5,NULL,NULL,Census
Hepatitis B,,States,Vermont,2019-20,95.8,6293,100,*,NULL,Census
Hepatitis B,,States,Missouri,2019-20,95.9,72324,100,*,NULL,Census
Hepatitis B,,States,Nevada,2019-20,95.9,37724,99.9,NULL,NULL,Census
Hepatitis B,,States,New Jersey,2019-20,95.9,107900,100,≥.*,NULL,Census
Hepatitis B,,States,Arkansas,2019-20,96,39510,96.2,‡,NULL,Census (public). voluntary response (private)
Hepatitis B,,States,Indiana,2019-20,96,88253,65.7,NULL,NULL,Voluntary response
Hepatitis B,,States,Michigan,2019-20,96.1,120565,100,*,NULL,Census
Hepatitis B,,States,North Carolina,2019-20,96.5,124548,97.8,‡.§,NULL,Census
Hepatitis B,,States,Connecticut,2019-20,96.6,38888,100,*,NULL,Census
Hepatitis B,,States,Tennessee,2019-20,97,80595,100,*.§,NULL,Census
Hepatitis B,,States,Pennsylvania,2019-20,97.2,140197,98.8,NULL,NULL,Census
Hepatitis B,,States,Kansas,2019-20,97.2,37865,34.3,†.‡.§,NULL,Stratified 2-stage cluster sample
Hepatitis B,,States,Iowa,2019-20,93.2,40812,100,≥.*,NULL,Census
Hepatitis B,,States,Oregon,2019-20,93.3,45959,100,*.‡,NULL,Census
Hepatitis B,,States,Florida,2019-20,93.5,228298,100,≥.*.§,NULL,Census
Hepatitis B,,States,Kentucky,2019-20,93.7,59233,92.9,‡.§,NULL,Census
Hepatitis B,,States,Utah,2019-20,94,49208,100,*,NULL,Census
Hepatitis B,,States,Arizona,2019-20,94.1,83976,98.7,NULL,NULL,Census (public). voluntary response (private)
Hepatitis B,,States,Virginia,2019-20,94.1,99399,1.2,†,NULL,Stratified 2-stage cluster sample
Hepatitis B,,States,Washington,2019-20,94.2,87757,91.9,§,NULL,Census
Exemption,Non-Medical Exemption,States,Maryland,2019-20,1,72443,NULL,†,718,Census (public). voluntary response (private)
Exemption,Non-Medical Exemption,States,Rhode Island,2019-20,1,11219,NULL,†,117,Census
Exemption,Non-Medical Exemption,States,Mississippi,2019-20,NA,37870,NULL,†. ‡,NULL,Census
Exemption,Non-Medical Exemption,States,District of Columbia,2019-20,NA,NULL,NULL,†,NULL,Not Conducted
Exemption,Non-Medical Exemption,States,Delaware,2019-20,NA,NULL,NULL,†,NULL,Not Conducted
Exemption,Non-Medical Exemption,States,California,2019-20,NA,566155,NULL,†.‡,NULL,Census
Exemption,Non-Medical Exemption,States,West Virginia,2019-20,NA,17114,NULL,†.‡.‡‡,NULL,Voluntary response
Exemption,Non-Medical Exemption,States,South Carolina,2020-21,2.3,56330,26.5,†,1288,Stratified 1-stage cluster sample
Exemption,Non-Medical Exemption,States,Oklahoma,2020-21,2.3,52656,90,NULL,1188,Census (public). voluntary response (private)
Exemption,Non-Medical Exemption,States,Connecticut,2020-21,2.3,34396,100,†,803,Census
Exemption,Non-Medical Exemption,States,Ohio,2020-21,2.4,128535,91.1,||,3022,Census (public). voluntary response (private)
Exemption,Non-Medical Exemption,States,Missouri,2020-21,2.4,63093,100,>=. †.§,1492,Census
Exemption,Non-Medical Exemption,States,Delaware,2020-21,2.4,10587,9.2,†,253,Stratified 2-stage cluster sample
Exemption,Non-Medical Exemption,States,Pennsylvania,2020-21,2.5,129307,95,NULL,3174,Census (public). voluntary response (private)
Exemption,Non-Medical Exemption,States,New Hampshire,2020-21,2.6,10242,57,†,263,Voluntary response
Exemption,Non-Medical Exemption,States,Massachusetts,2021-22,0.9,65582,100,†,572,Census
Exemption,Non-Medical Exemption,States,Maryland,2021-22,1,53866,98.4,†,543,Census
Exemption,Non-Medical Exemption,States,Kentucky,2021-22,1.1,59233,91.5,†,679,Census
Exemption,Non-Medical Exemption,States,Louisiana,2021-22,1.1,66518,100,NULL,724,Census
Exemption,Non-Medical Exemption,States,Rhode Island,2021-22,1.1,11002,96.9,†,119,Census
Exemption,Non-Medical Exemption,States,Alabama,2021-22,1.5,60332,100,†,912,Census
Exemption,Non-Medical Exemption,States,Virginia,2021-22,1.5,95996,96.1,†,1375,Census
Exemption,Non-Medical Exemption,States,North Carolina,2021-22,1.8,118191,78.5,†,2111,Vol. response
Exemption,Non-Medical Exemption,States,Kansas,2021-22,2.1,36526,79.4,†,750,Census
Exemption,Non-Medical Exemption,States,Connecticut,2021-22,2.1,35451,100,†,727,Census
Exemption,Non-Medical Exemption,States,Nebraska,2021-22,2.2,25018,99.5,†,543,Census
Exemption,Non-Medical Exemption,States,Indiana,2021-22,2.2,83198,75.1,†,1839,Vol. response
Exemption,Non-Medical Exemption,States,Tennessee,2021-22,2.3,79120,100,†,1834,Census
Exemption,Non-Medical Exemption,States,Iowa,2021-22,2.3,40111,100,†,913,Census
Exemption,Non-Medical Exemption,States,New Jersey,2021-22,2.5,104240,100,†,2584,Census
Exemption,Non-Medical Exemption,States,Washington,2021-22,2.5,87256,97.3,NULL,2215,"Census (pub.), vol. response (pvt.)"
Exemption,Non-Medical Exemption,States,Arkansas,2021-22,2.5,39358,96.3,NULL,988,"Census (pub.), vol. response (pvt.)"
Hepatitis B,,States,South Carolina,2018-19,95,58442,27,NULL,NULL,Stratified 1-stage cluster sample
Hepatitis B,,States,Minnesota,2018-19,95,70085,98.1,§,NULL,Census
Hepatitis B,,States,North Carolina,2018-19,94.6,124343,90.9,‡.§,NULL,Census (public). voluntary response (private)
Hepatitis B,,States,Ohio,2018-19,94.6,139679,94.9,NULL,NULL,Census (public). voluntary response (private)
Hepatitis B,,States,Vermont,2018-19,94.6,6126,100,*,NULL,Census
Hepatitis B,,States,South Dakota,2018-19,94.5,12062,99.9,NULL,NULL,Census
Hepatitis B,,States,Arizona,2018-19,94.4,79981,100,*,NULL,Census
Hepatitis B,,States,Utah,2018-19,93.8,50179,100,*,NULL,Census
Hepatitis B,,States,Florida,2018-19,93.8,224641,100,≥.*.§,NULL,Census
Hepatitis B,,States,Hawaii,2018-19,93.6,16051,6.7,NULL,NULL,Stratified 2-stage cluster sample
Hepatitis B,,States,Georgia,2018-19,93.6,131275,100,≥.*,NULL,Census
Hepatitis B,,States,Kentucky,2018-19,93.4,55587,99,‡.§,NULL,Census
Hepatitis B,,States,Iowa,2018-19,93.3,40624,100,≥.*,NULL,Census
Hepatitis B,,States,Oregon,2018-19,93.1,45870,100,*.‡,NULL,Census
Hepatitis B,,States,Virginia,2018-19,93.1,100394,4.4,†,NULL,Stratified 2-stage cluster sample
Hepatitis B,,States,Washington,2018-19,92.5,87510,96.9,§,NULL,Census
Hepatitis B,,States,Indiana,2018-19,92.4,82324,96.4,NULL,NULL,Census
Hepatitis B,,States,New Hampshire,2018-19,91.8,12421,100,≥,NULL,Census
Hepatitis B,,States,Idaho,2018-19,91.7,22995,99,NULL,NULL,Census
Hepatitis B,,States,Colorado,2018-19,90.8,64191,100,*,NULL,Census
Hepatitis B,,States,Maine,2019-20,NReq,13450,99.6,NULL,NULL,Census
Hepatitis B,,States,District of Columbia,2019-20,NA,NULL,NULL,NULL,NULL,Not Conducted
Hepatitis B,,States,Delaware,2019-20,NReq,NULL,NULL,NULL,NULL,Not Conducted
Hepatitis B,,States,Montana,2019-20,NReq,12501,100,*,NULL,Census
Hepatitis B,,States,Minnesota,2020-21,94.6,66007,95.2,NULL,NULL,Census
Hepatitis B,,States,Arizona,2020-21,94.5,76382,92.4,NULL,NULL,Census (public). voluntary response (private)
Hepatitis B,,States,Virginia,2020-21,94.4,88273,2,†,NULL,Stratified 2-stage cluster sample
Hepatitis B,,States,New Jersey,2020-21,94.3,100144,100,>=.*,NULL,Census
Hepatitis B,,States,Ohio,2020-21,94.1,128535,91.1,NULL,NULL,Census (public). voluntary response (private)
Hepatitis B,,States,Florida,2020-21,93.3,207026,100,>=.*,NULL,Census
Hepatitis B,,States,Colorado,2020-21,93,63619,97.3,NULL,NULL,Census
Hepatitis B,,States,Delaware,2020-21,92.9,10587,9.2,NULL,NULL,Stratified 2-stage cluster sample
Hepatitis B,,States,Hawaii,2020-21,92.7,13074,9.3,NULL,NULL,Stratified 2-stage cluster sample
Hepatitis B,,States,New Hampshire,2020-21,90.8,10242,57,>=. §,NULL,Voluntary response
Exemption,Non-Medical Exemption,States,New Mexico,2020-21,0.8,20589,100,†,166,Census
Exemption,Non-Medical Exemption,States,District of Columbia,2020-21,0.3,8262,100,†,25,Census
Exemption,Non-Medical Exemption,States,Wyoming,2020-21,NR,6923,100,†,NULL,Census
Exemption,Non-Medical Exemption,States,Illinois,2020-21,NR,NULL,NULL,†,NULL,Not Conducted
Exemption,Non-Medical Exemption,States,Texas,2021-22,2.7,389037,99.3,||,10316,Census
Exemption,Non-Medical Exemption,States,Ohio,2021-22,2.8,139077,91.9,||,3933,"Census (pub.), vol. response (pvt.)"
Exemption,Non-Medical Exemption,States,Missouri,2021-22,2.8,71034,100,>=. †. §,1997,Census
Exemption,Non-Medical Exemption,States,Pennsylvania,2021-22,3,139558,94.9,NULL,4178,"Census (pub.), vol. response (pvt.)"
Exemption,Non-Medical Exemption,States,Colorado,2021-22,3,66900,97.5,>=. §. ||,2036,Census
Exemption,Non-Medical Exemption,States,New Hampshire,2021-22,3.2,12157,100,†,390,Census
Exemption,Non-Medical Exemption,States,South Carolina,2021-22,3.2,58276,100,†,1870,Census
Exemption,Non-Medical Exemption,States,Vermont,2021-22,3.2,6126,100,†,196,Census
Exemption,Non-Medical Exemption,States,Oklahoma,2021-22,3.3,54042,84.3,NULL,1779,Vol. response
Exemption,Non-Medical Exemption,States,Hawaii,2021-22,3.3,13368,6.7,†,442,Stratified 2-stage cluster sample
Exemption,Non-Medical Exemption,States,South Dakota,2021-22,3.4,12251,100,†,416,Census
Exemption,Non-Medical Exemption,States,Florida,2021-22,3.5,229432,97.8,†,8084,Census
Exemption,Non-Medical Exemption,States,Minnesota,2021-22,3.6,69403,98.7,>=. §. ||,2504,Census
Exemption,Non-Medical Exemption,States,Wyoming,2021-22,3.7,7382,100,†,274,Census
Exemption,Non-Medical Exemption,States,Alaska,2021-22,4.1,9790,76.2,†. ‡‡,401,"Vol. response (pub.), not conducted (pvt.)"
Exemption,Non-Medical Exemption,States,Michigan,2021-22,4.3,114251,100,NULL,4925,Census
Exemption,Non-Medical Exemption,States,Nevada,2021-22,4.4,36855,99.2,†,1615,"Census (pub.), vol. response (pvt.)"
Exemption,Non-Medical Exemption,States,Georgia,2021-22,4.5,118742,100,†,5378,Census
Exemption,Non-Medical Exemption,States,North Dakota,2021-22,5.1,10755,96.6,NULL,546,Census
Exemption,Non-Medical Exemption,States,Wisconsin,2021-22,6,64275,96.8,NULL,3873,"Census (pub.), vol. response (pvt.)"
Exemption,Non-Medical Exemption,States,Arizona,2021-22,6.5,83463,97,‡,5405,Census
Exemption,Non-Medical Exemption,States,Oregon,2021-22,6.9,41538,100,||,2852,Census
Exemption,Non-Medical Exemption,States,Utah,2021-22,7.1,48995,100,NULL,3477,Census
Exemption,Non-Medical Exemption,States,Idaho,2021-22,9.2,23854,99.6,||,2206,Census
Exemption,Non-Medical Exemption,States,Maine,2021-22,0.3,12881,91.6,NULL,33,Census
Exemption,Non-Medical Exemption,States,District of Columbia,2021-22,0.5,8959,100,†,42,Census
Exemption,Non-Medical Exemption,States,Maine,2022-23,0.1,12403,93.9,NULL,15,Census
Exemption,Non-Medical Exemption,States,Georgia,2023-24,3.5,136943,100,†,4826,Census
Exemption,Non-Medical Exemption,States,Texas,2023-24,3.6,381421,92.4,||,13910,"Census (pub.), vol. response (prv.)"
Hepatitis B,,States,Ohio,2019-20,94.9,139103,98.8,NULL,NULL,Census
Hepatitis B,,States,Minnesota,2019-20,95.1,71223,98.7,§,NULL,Census
Hepatitis B,,States,South Dakota,2019-20,95.4,12367,99.8,NULL,NULL,Census
Hepatitis B,,States,Wisconsin,2019-20,95.7,67391,2.6,†.‡.§,NULL,Stratified 2-stage cluster sample
Hepatitis B,,States,West Virginia,2019-20,99.7,17114,49.6,¶,NULL,Voluntary response
Hepatitis B,,States,Mississippi,2019-20,99.1,37870,100,≥.*,NULL,Census
Hepatitis B,,States,New York,2019-20,98.6,234165,99.9,NULL,NULL,Census
Hepatitis B,,States,Rhode Island,2019-20,98.5,11219,98.5,*.‡.§,NULL,Census
Hepatitis B,,States,Maryland,2019-20,98.3,72443,98.3,‡,NULL,Census (public). voluntary response (private)
Hepatitis B,,States,Massachusetts,2019-20,98,66756,100,*.‡,NULL,Census
Hepatitis B,,States,Louisiana,2019-20,98,59685,100,*,NULL,Census
Hepatitis B,,States,New Mexico,2019-20,97.7,23087,100,*,NULL,Census
Hepatitis B,,States,California,2019-20,97.4,566155,97.9,‡,NULL,Census
Hepatitis B,,States,Texas,2019-20,97.4,398680,99.6,‡.§,NULL,Census
Hepatitis B,,States,Nebraska,2019-20,97.3,26893,96.7,‡.‡‡,NULL,Census
Hepatitis B,,States,Mississippi,2020-21,98.9,34028,100,>=.*,NULL,Census
Hepatitis B,,States,Louisiana,2020-21,98.5,61912,100,*,NULL,Census
Hepatitis B,,States,NY-City of New York,2020-21,98.5,91920,94.2,NULL,NULL,Census (public). voluntary response (private)
Hepatitis B,,States,Rhode Island,2020-21,98.3,10402,93,‡.§,NULL,Census
Hepatitis B,,States,Nevada,2020-21,97.4,34171,94.7,NULL,NULL,Census (public). voluntary response (private)
Hepatitis B,,States,Massachusetts,2020-21,97.2,60724,100,*.‡,NULL,Census
Hepatitis B,,States,Tennessee,2020-21,97.1,73819,100,*.§,NULL,Census
Hepatitis B,,States,California,2020-21,97,498214,97.5,‡,NULL,Census
Hepatitis B,,States,New Mexico,2020-21,96.9,20589,100,*,NULL,Census
Hepatitis B,,States,Pennsylvania,2020-21,96.8,129307,95,NULL,NULL,Census (public). voluntary response (private)
Hepatitis B,,States,Texas,2020-21,96.7,377840,98.9,‡.§,NULL,Census
Hepatitis B,,States,Nebraska,2020-21,96.6,25681,94.8,‡,NULL,Census (public). voluntary response (private)
Hepatitis B,,States,Michigan,2020-21,96.5,106657,100,*,NULL,Census
Hepatitis B,,States,Vermont,2020-21,96.3,5535,100,*,NULL,Census
Hepatitis B,,States,North Carolina,2020-21,96.2,120995,89,‡.§,NULL,Census (public). voluntary response (private)
Hepatitis B,,States,Connecticut,2020-21,96.1,34396,100,*,NULL,Census
Hepatitis B,,States,Arkansas,2020-21,95.9,37540,95.6,‡,NULL,Census (public). voluntary response (private)
Hepatitis B,,States,Oklahoma,2020-21,95.8,52656,90,‡.§,NULL,Census (public). voluntary response (private)
Hepatitis B,,States,South Dakota,2020-21,95.5,11512,99.9,NULL,NULL,Census
Hepatitis B,,States,Missouri,2020-21,95.3,63093,100,*,NULL,Census
Hepatitis B,,States,South Carolina,2020-21,95.3,56330,26.5,†,NULL,Stratified 1-stage cluster sample
Hepatitis B,,States,Indiana,2020-21,95.3,78694,71.4,§,NULL,Voluntary response
Hepatitis B,,States,Kansas,2020-21,95.2,34687,32.7,†.‡.§,NULL,Stratified 2-stage cluster sample
Hepatitis B,,States,North Dakota,2020-21,95,10116,99.1,NULL,NULL,Census
Hepatitis B,,States,Washington,2020-21,94.9,74931,100,§,NULL,Census
Exemption,Non-Medical Exemption,States,Pennsylvania,2022-23,3.5,137259,97.2,NULL,4716,"Census (pub.), vol. response (pvt.)"
Exemption,Non-Medical Exemption,States,Ohio,2022-23,3.6,134893,93.7,||,4852,"Census (pub.), vol. response (pvt.)"
Exemption,Non-Medical Exemption,States,Missouri,2022-23,3.6,69126,100,>=. †. §,2523,Census
Exemption,Non-Medical Exemption,States,Georgia,2022-23,3.7,123771,100,†,4536,Census
Exemption,Non-Medical Exemption,States,South Carolina,2022-23,3.9,58878,100,†,2281,Census
Hepatitis B,,States,Oregon,2020-21,94,39568,100,*.‡,NULL,Census
Exemption,Non-Medical Exemption,States,Oklahoma,2022-23,4.3,52548,89.5,NULL,2261,"Census (pub.), vol. response (pvt.)"
Exemption,Non-Medical Exemption,States,Minnesota,2022-23,4.3,68152,97.9,>=. §. ||,2948,Census
Exemption,Non-Medical Exemption,States,Wyoming,2022-23,4.6,7060,100,†,323,Census
Exemption,Non-Medical Exemption,States,North Dakota,2022-23,4.9,10554,99.4,NULL,520,Census
Exemption,Non-Medical Exemption,States,Alaska,2022-23,5,9650,88.8,†. ‡‡,478,"Vol. response (pub.), not conducted (pvt.)"
Exemption,Non-Medical Exemption,States,Michigan,2022-23,5.2,113678,100,NULL,5953,Census
Exemption,Non-Medical Exemption,States,Nevada,2022-23,5.2,34333,89.1,†,1776,"Vol. response (pub.), census (pvt.)"
Exemption,Non-Medical Exemption,States,Hawaii,2022-23,5.8,13195,8.1,†,768,Stratified 2-stage cluster sample
Exemption,Non-Medical Exemption,States,Wisconsin,2022-23,6.7,63593,93.9,NULL,4244,"Census (pub.), vol. response (pvt.)"
Exemption,Non-Medical Exemption,States,Arizona,2022-23,7.4,80814,97.7,‡,5944,Census
Exemption,Non-Medical Exemption,States,Utah,2022-23,8,46635,100,NULL,3729,Census
Exemption,Non-Medical Exemption,States,Oregon,2022-23,8.1,40963,100,||,3321,Census
Exemption,Non-Medical Exemption,States,Idaho,2022-23,11.5,23721,99.3,||,2733,Census
Exemption,Non-Medical Exemption,States,Tennessee,2022-23,3,79692,100,†,2407,Census
Exemption,Non-Medical Exemption,States,New Jersey,2022-23,3,104468,100,†,3181,Census
Exemption,Non-Medical Exemption,States,Iowa,2022-23,2.8,39178,100,†,1105,Census
Exemption,Non-Medical Exemption,States,Kansas,2022-23,2.6,35543,85,†,926,Census
Exemption,Non-Medical Exemption,States,Indiana,2022-23,2.5,81307,87.5,†,2071,"Vol. response (pub.), census (pvt.)"
Exemption,Non-Medical Exemption,States,North Carolina,2022-23,2.3,125679,83.1,†,2859,Vol. response
Exemption,Non-Medical Exemption,States,Louisiana,2022-23,2.1,54314,100,NULL,1155,Census
Exemption,Non-Medical Exemption,States,Nebraska,2022-23,2.1,23176,100,†,478,Census
Exemption,Non-Medical Exemption,States,TX-City of Houston,2022-23,2.1,37664,98.8,||,778,"Census (pub.), vol. response (pvt.)"
Exemption,Non-Medical Exemption,States,Delaware,2022-23,2,10674,9.7,†,235,Stratified 2-stage cluster sample
Exemption,Non-Medical Exemption,States,Virginia,2022-23,1.9,93271,99.1,†,1772,Census
Exemption,Non-Medical Exemption,States,Alabama,2022-23,1.9,59113,100,†,1101,Census
Exemption,Non-Medical Exemption,States,Illinois,2022-23,1.9,135332,100,†. §,2538,Census
Exemption,Non-Medical Exemption,States,Kentucky,2022-23,1.6,54742,96.9,†,863,Census
Exemption,Non-Medical Exemption,States,Maryland,2022-23,1.4,59684,100,†,836,Census
Exemption,Non-Medical Exemption,States,Rhode Island,2022-23,1.4,10532,96.5,†,143,Census
Exemption,Non-Medical Exemption,States,New Mexico,2022-23,1.4,21068,100,†,291,Census
Exemption,Non-Medical Exemption,States,Massachusetts,2022-23,1.2,66041,100,†,813,Census
Exemption,Non-Medical Exemption,States,District of Columbia,2022-23,0.9,8064,100,†,74,Census
Exemption,Non-Medical Exemption,States,Connecticut,2022-23,0.5,35580,100,†,185,Census
Hepatitis B,,States,Indiana,2021-22,94.9,83198,75.1,§,NULL,Vol. response
Hepatitis B,,States,Virginia,2021-22,94.9,95996,2.8,†,NULL,Stratified 2-stage cluster sample
Hepatitis B,,States,Vermont,2021-22,95.1,6126,100,*,NULL,Census
Hepatitis B,,States,Oklahoma,2021-22,95.2,54042,84.3,‡,NULL,Vol. response
Hepatitis B,,States,Arkansas,2021-22,95.5,39358,96.3,NULL,NULL,"Census (pub.), vol. response (pvt.)"
Hepatitis B,,States,Oklahoma,2019-20,95.1,55348,85.6,§,NULL,Voluntary response
Hepatitis B,,States,South Carolina,2019-20,95.3,65938,27.5,†,NULL,Stratified 1-stage cluster sample
Hepatitis B,,States,Pennsylvania,2021-22,96.3,139558,94.9,NULL,NULL,"Census (pub.), vol. response (pvt.)"
Hepatitis B,,States,Connecticut,2021-22,96.5,35451,100,*,NULL,Census
Hepatitis B,,States,North Carolina,2021-22,96.8,118191,78.5,§. ‡,NULL,Vol. response
Hepatitis B,,States,Massachusetts,2021-22,97,65582,100,*. ‡,NULL,Census
Hepatitis B,,States,California,2021-22,97.3,512144,98.4,‡,NULL,Census
Hepatitis B,,States,West Virginia,2021-22,97.3,18070,85.5,‡. §,NULL,Vol. response
Hepatitis B,,States,Nebraska,2021-22,97.7,25018,99.5,‡,NULL,Census
Hepatitis B,,States,Louisiana,2021-22,97.8,66518,100,*,NULL,Census
Hepatitis B,,States,Rhode Island,2021-22,98,11002,96.9,‡. §,NULL,Census
Hepatitis B,,States,Delaware,2021-22,98.1,11181,9.5,‡,NULL,Stratified 2-stage cluster sample
Hepatitis B,,States,NY-City of New York,2021-22,98.1,82938,99.8,NULL,NULL,Census
Hepatitis B,,States,Mississippi,2021-22,98.6,36524,100,>=. *,NULL,Census
Hepatitis B,,States,New York,2021-22,98.7,195377,99.3,NULL,NULL,Census
Hepatitis B,,States,Maine,2021-22,NReq,12881,91.6,NULL,NULL,Census
Hepatitis B,,States,Missouri,2021-22,94,71034,100,*,NULL,Census
Hepatitis B,,States,Maryland,2021-22,93.9,53866,98.4,‡,NULL,Census
Hepatitis B,,States,Nevada,2021-22,93.9,36855,99.2,NULL,NULL,"Census (pub.), vol. response (pvt.)"
Hepatitis B,,States,Washington,2021-22,93.8,87256,97.3,§,NULL,"Census (pub.), vol. response (pvt.)"
Hepatitis B,,States,Oregon,2021-22,93.8,41538,100,*. ‡,NULL,Census
Hepatitis B,,States,New Mexico,2021-22,93.7,20736,100,*,NULL,Census
Hepatitis B,,States,North Dakota,2021-22,93.7,10755,96.6,NULL,NULL,Census
Hepatitis B,,States,Minnesota,2021-22,93.5,69403,98.7,NULL,NULL,Census
Hepatitis B,,States,Arizona,2021-22,93.4,83463,97,NULL,NULL,Census
Hepatitis B,,States,South Carolina,2021-22,93.4,58276,27.2,†,NULL,1-stage cluster sample
Hepatitis B,,States,TX-City of Houston,2021-22,92.7,40123,99.3,‡. §,NULL,Census
Hepatitis B,,States,Ohio,2021-22,92.7,139077,91.9,NULL,NULL,"Census (pub.), vol. response (pvt.)"
Hepatitis B,,States,District of Columbia,2021-22,92.5,8959,100,*,NULL,Census
Hepatitis B,,States,Hawaii,2021-22,92.4,13368,6.7,NULL,NULL,Stratified 2-stage cluster sample
Hepatitis B,,States,Colorado,2021-22,92.3,66900,97.5,NULL,NULL,Census
Hepatitis B,,States,Utah,2021-22,92,48995,100,*,NULL,Census
Exemption,Non-Medical Exemption,States,Arkansas,2022-23,3,38358,95.8,NULL,1159,"Census (pub.), vol. response (pvt.)"
Exemption,Non-Medical Exemption,States,Washington,2022-23,3.2,86284,97.9,>=. §,2757,Census
Exemption,Non-Medical Exemption,States,New Hampshire,2022-23,3.2,11332,100,†,367,Census
Exemption,Non-Medical Exemption,States,Vermont,2022-23,3.3,5816,100,†,194,Census
Exemption,Non-Medical Exemption,States,Texas,2022-23,3.3,381680,98,||,12431,Census
Exemption,Non-Medical Exemption,States,Idaho,2023-24,13.9,22376,100,||,3101,Census
Exemption,Non-Medical Exemption,States,Arkansas,2023-24,3.4,37535,95.4,NULL,1289,"Census (pub.), vol. response (prv.)"
Exemption,Non-Medical Exemption,States,Tennessee,2023-24,3.4,79323,95.8,†,2722,Census
Exemption,Non-Medical Exemption,States,Iowa,2023-24,3.2,38611,100,†,1243,Census
Exemption,Non-Medical Exemption,States,Nebraska,2023-24,2.8,23118,100,†,658,Census
Exemption,Non-Medical Exemption,States,South Dakota,2022-23,4,12081,100,†,488,Census
Exemption,Non-Medical Exemption,States,Colorado,2022-23,4,65576,97.2,>=. §. ||,2621,Census
Exemption,Non-Medical Exemption,States,Florida,2022-23,4.1,230309,97.7,†,9495,Census
Exemption,Non-Medical Exemption,States,Delaware,2023-24,2.4,11043,12.1,†,267,Stratified 2-stage cluster sample
Exemption,Non-Medical Exemption,States,Illinois,2023-24,2.3,133578,100,>=. †. §,3041,Census
Exemption,Non-Medical Exemption,States,Alabama,2023-24,2.1,54565,100,†,1144,Census
Exemption,Non-Medical Exemption,States,Virginia,2023-24,2.1,92633,100,†,1930,Stratified 2-stage cluster sample
Exemption,Non-Medical Exemption,States,District of Columbia,2023-24,2.1,7874,100,†,166,Census
Exemption,Non-Medical Exemption,States,Kentucky,2023-24,2,52609,100,†,1073,Census
Exemption,Non-Medical Exemption,States,Rhode Island,2023-24,1.5,10539,97.8,†,159,Census
Exemption,Non-Medical Exemption,States,Maryland,2023-24,1.5,63224,100,†,942,Census
Exemption,Non-Medical Exemption,States,New Mexico,2023-24,1.4,20699,100,†,300,Census
Exemption,Non-Medical Exemption,States,Massachusetts,2023-24,1.2,65424,100,†,813,Census
Exemption,Non-Medical Exemption,States,Mississippi,2023-24,0.5,36105,100,†,186,Census
Exemption,Non-Medical Exemption,States,Maine,2023-24,0.1,12087,93,NULL,7,Census
Exemption,Non-Medical Exemption,States,Connecticut,2023-24,0.1,36184,100,†,51,Census
Exemption,Non-Medical Exemption,States,Iowa,2024-25,3.8,38268,100,†,1437,Census
Exemption,Non-Medical Exemption,States,New Hampshire,2024-25,3.9,11713,100,†,457,Census
Exemption,Non-Medical Exemption,States,Washington,2024-25,3.9,76756,97.9,>=. ||||. ¶¶,3006,Census
Exemption,Non-Medical Exemption,States,Texas,2024-25,4,378860,97.3,||,15207,"Census (pub.), vol. response (prv.)"
Hepatitis B,,States,Wyoming,2020-21,90.2,6923,100,>=.*,NULL,Census
Hepatitis B,,States,Idaho,2020-21,90.1,22677,98.3,NULL,NULL,Census
Hepatitis B,,States,District of Columbia,2020-21,90,8262,100,*,NULL,Census
Hepatitis B,,States,Maryland,2020-21,89.5,65764,75.6,‡,NULL,Voluntary response
Hepatitis B,,States,Kentucky,2020-21,89,59233,86.4,‡.§,NULL,Census (public). voluntary response (private)
Hepatitis B,,States,Georgia,2020-21,88.5,83191,100,>=.*,NULL,Census
Hepatitis B,,States,Wisconsin,2020-21,87.2,63486,84.5,>=.†.‡.§,NULL,Voluntary response
Hepatitis B,,States,TX-City of Houston,2020-21,86.5,39627,94.9,‡.§,NULL,Census (public). voluntary response (private)
Hepatitis B,,States,Montana,2020-21,0,11279,100,*,NULL,Census
Hepatitis B,,States,Alabama,2020-21,NR,56974,100,>=. *,NULL,Census
Hepatitis B,,States,Maine,2020-21,NReq,13477,85,NULL,NULL,Voluntary response (public). census (private)
Hepatitis B,,States,Illinois,2020-21,NR,NULL,NULL,NULL,NULL,Not Conducted
Hepatitis B,,States,West Virginia,2020-21,NR,NULL,NULL,NULL,NULL,Not Conducted
Hepatitis B,,States,New York,2020-21,98.9,216804,91.5,NULL,NULL,Census (public). voluntary response (private)
Hepatitis B,,States,Wyoming,2021-22,94.6,7382,100,*,NULL,Census
Hepatitis B,,States,South Dakota,2021-22,94.7,12251,100,*,NULL,Census
Hepatitis B,,States,Connecticut,2022-23,97.8,35580,100,*,NULL,Census
Hepatitis B,,States,NY-City of New York,2022-23,97.9,85379,97.6,NULL,NULL,"Census (pub.), vol. response (pvt.)"
Hepatitis B,,States,Mississippi,2022-23,98.4,36048,100,>=. *,NULL,Census
Hepatitis B,,States,New York,2022-23,98.6,205906,96.6,NULL,NULL,"Census (pub.), vol. response (pvt.)"
Hepatitis B,,States,Louisiana,2022-23,99.3,54314,100,*,NULL,Census
Hepatitis B,,States,Texas,2021-22,95.9,389037,99.3,‡. §,NULL,Census
Hepatitis B,,States,Michigan,2021-22,95.9,114251,100,*,NULL,Census
Hepatitis B,,States,Kansas,2021-22,96,36526,29.5,†. ‡. §,NULL,Stratified 1-stage cluster sample
Hepatitis B,,States,Tennessee,2021-22,96.3,79120,100,§. *,NULL,Census
Hepatitis B,,States,Minnesota,2022-23,93.3,68152,97.9,NULL,NULL,Census
Hepatitis B,,States,Ohio,2022-23,93,134893,93.7,NULL,NULL,"Census (pub.), vol. response (pvt.)"
Hepatitis B,,States,Washington,2022-23,92.9,86284,97.9,§,NULL,Census
Hepatitis B,,States,Oregon,2022-23,92.9,40963,100,*. ‡,NULL,Census
Hepatitis B,,States,Arizona,2022-23,92.9,80814,97.7,NULL,NULL,Census
Hepatitis B,,States,Wisconsin,2022-23,92.5,63593,93.9,‡,NULL,"Census (pub.), vol. response (pvt.)"
Hepatitis B,,States,District of Columbia,2022-23,92.2,8064,100,*,NULL,Census
Hepatitis B,,States,Utah,2022-23,91.9,46635,100,*,NULL,Census
Exemption,Non-Medical Exemption,States,New Jersey,2023-24,3.7,105408,100,†,3929,Census
Exemption,Non-Medical Exemption,States,Vermont,2023-24,3.8,5630,100,†,216,Census
Exemption,Non-Medical Exemption,States,Washington,2023-24,3.9,84053,97.2,>=. ||||. ¶¶,3276,Census
Exemption,Non-Medical Exemption,States,New Hampshire,2023-24,3.9,11871,100,†,458,Census
Exemption,Non-Medical Exemption,States,Ohio,2023-24,4,133716,94,||,5377,"Census (pub.), vol. response (prv.)"
Exemption,Non-Medical Exemption,States,Colorado,2023-24,4,61662,100,>=. §. ||,2479,Census
Exemption,Non-Medical Exemption,States,South Carolina,2023-24,4.2,58069,100,†,2448,Census
Exemption,Non-Medical Exemption,States,Florida,2023-24,4.5,228213,100,†,10302,Census
Exemption,Non-Medical Exemption,States,Missouri,2023-24,4.5,69014,100,>=. †. §,3094,Census
Exemption,Non-Medical Exemption,States,Pennsylvania,2023-24,4.7,137593,96.5,NULL,6439,Census
Exemption,Non-Medical Exemption,States,Minnesota,2023-24,5.2,66032,99.1,>=. §. ||,3456,Census
Exemption,Non-Medical Exemption,States,Hawaii,2023-24,5.3,13995,8.2,†,745,Stratified 2-stage cluster sample
Exemption,Non-Medical Exemption,States,South Dakota,2023-24,5.4,11744,99.8,†,637,Census
Exemption,Non-Medical Exemption,States,Wyoming,2023-24,5.4,6754,100,†,364,Census
Exemption,Non-Medical Exemption,States,Michigan,2023-24,5.4,110156,100,NULL,5922,Census
Exemption,Non-Medical Exemption,States,Oklahoma,2023-24,5.5,49979,93.8,NULL,2768,"Census (pub.), vol. response (prv.)"
Exemption,Non-Medical Exemption,States,Wisconsin,2023-24,6.2,62028,98.2,>=. ||||. ¶¶,3833,Census
Exemption,Non-Medical Exemption,States,Nevada,2023-24,6.2,31261,91.3,†,1942,Census
Exemption,Non-Medical Exemption,States,North Dakota,2023-24,6.3,9708,97.5,NULL,611,Census
Exemption,Non-Medical Exemption,States,Arizona,2023-24,8.1,74834,99.6,‡,6078,Census
Exemption,Non-Medical Exemption,States,Oregon,2023-24,8.8,39568,100,||,3486,Census
Exemption,Non-Medical Exemption,States,Utah,2023-24,9.1,46228,100,NULL,4218,Census
Exemption,Non-Medical Exemption,States,Alaska,2023-24,9.2,8644,88.9,†. ‡‡,794,"Census (pub.), not conducted (prv.)"
Exemption,Non-Medical Exemption,States,Rhode Island,2024-25,1.7,10088,96.7,†,172,Census
Exemption,Non-Medical Exemption,States,Massachusetts,2024-25,1.3,65581,100,†,870,Census
Exemption,Non-Medical Exemption,States,Mississippi,2024-25,1.1,35293,100,†,394,Census
Exemption,Non-Medical Exemption,States,Connecticut,2024-25,0.1,30112,100,<. †,6,Census
Exemption,Non-Medical Exemption,States,NY-City of New York,2024-25,NA,85986,96.9,†. ‡,NULL,"Census (pub.), vol. response (prv.)"
Exemption,Non-Medical Exemption,States,North Carolina,2023-24,2.8,125964,90.8,†,3466,"Census (pub.), vol. response (prv.)"
Exemption,Non-Medical Exemption,States,Kansas,2023-24,2.7,34178,83.9,†,937,Census
Exemption,Non-Medical Exemption,States,Louisiana,2023-24,2.7,51839,100,NULL,1406,Census
Exemption,Non-Medical Exemption,States,TX-City of Houston,2023-24,2.4,37882,67.7,||,928,Vol. response
Exemption,Non-Medical Exemption,States,Indiana,2023-24,2.4,80639,88.5,†,1899,"Census (pub.), vol. response (prv.)"
Hepatitis B,,States,New Hampshire,2021-22,88.7,12157,100,>=. §. *,NULL,Census
Hepatitis B,,States,Idaho,2021-22,88.2,23854,99.6,NULL,NULL,Census
Hepatitis B,,States,Kentucky,2021-22,87.7,59233,91.5,>=. ‡. §,NULL,Census
Hepatitis B,,States,Georgia,2021-22,83.2,118742,100,>=. *,NULL,Census
Hepatitis B,,States,Wisconsin,2021-22,82.6,64275,96.8,>=. ‡,NULL,"Census (pub.), vol. response (pvt.)"
Hepatitis B,,States,Alaska,2021-22,79.8,9790,76.2,¶,NULL,"Vol. response (pub.), not conducted (pvt.)"
Hepatitis B,,States,Alabama,2021-22,NReq,60332,100,>=. *,NULL,Census
Hepatitis B,,States,Illinois,2021-22,NReq,137699,100,*,NULL,Census
Hepatitis B,,States,Montana,2021-22,NReq,NULL,NULL,NULL,NULL,Not Conducted
Hepatitis B,,States,New Jersey,2021-22,94.1,104240,100,>=. §. *,NULL,Census
Hepatitis B,,States,TX-City of Houston,2022-23,94.3,37664,98.8,‡. §,NULL,"Census (pub.), vol. response (pvt.)"
Hepatitis B,,States,New Jersey,2022-23,94.3,104468,100,>=. §. *,NULL,Census
Hepatitis B,,States,Indiana,2022-23,94.4,81307,87.5,§,NULL,"Vol. response (pub.), census (pvt.)"
Hepatitis B,,States,Virginia,2022-23,94.5,93271,1.6,†,NULL,Stratified 2-stage cluster sample
Hepatitis B,,States,South Dakota,2022-23,94.5,12081,100,*,NULL,Census
Hepatitis B,,States,Arkansas,2022-23,94.6,38358,95.8,NULL,NULL,"Census (pub.), vol. response (pvt.)"
Hepatitis B,,States,Michigan,2022-23,95.1,113678,100,*,NULL,Census
Hepatitis B,,States,North Carolina,2022-23,95.3,125679,83.1,§. ‡,NULL,Vol. response
Hepatitis B,,States,Pennsylvania,2022-23,95.3,137259,97.2,NULL,NULL,"Census (pub.), vol. response (pvt.)"
Hepatitis B,,States,Vermont,2022-23,95.3,5816,100,*,NULL,Census
Hepatitis B,,States,West Virginia,2022-23,95.6,19175,86.1,>=. ‡. §,NULL,"Vol. response (pub.), census (pvt.)"
Hepatitis B,,States,Delaware,2022-23,95.6,10674,9.7,‡,NULL,Stratified 2-stage cluster sample
Hepatitis B,,States,Texas,2022-23,95.8,381680,98,‡. §,NULL,Census
Hepatitis B,,States,Tennessee,2022-23,95.8,79692,100,§. *,NULL,Census
Hepatitis B,,States,Kansas,2022-23,96.3,35543,30.8,†. ‡. §,NULL,Stratified 1-stage cluster sample
Hepatitis B,,States,New Mexico,2022-23,96.5,21068,100,*,NULL,Census
Hepatitis B,,States,Nebraska,2022-23,96.8,23176,100,*. ‡,NULL,Census
Hepatitis B,,States,Maryland,2022-23,97,59684,100,*. ‡,NULL,Census
Hepatitis B,,States,California,2022-23,97.3,541132,100,‡,NULL,Census
Hepatitis B,,States,Massachusetts,2022-23,97.3,66041,100,*. ‡,NULL,Census
Hepatitis B,,States,Rhode Island,2022-23,97.8,10532,96.5,‡. §,NULL,Census
Hepatitis B,,States,Colorado,2023-24,91.1,61662,100,*,NULL,Census
Hepatitis B,,States,Hawaii,2023-24,91.1,13995,8.2,NULL,NULL,Stratified 2-stage cluster sample
Hepatitis B,,States,Utah,2023-24,90.9,46228,100,*,NULL,Census
Exemption,Non-Medical Exemption,States,Colorado,2024-25,4.1,60055,100,>=. §. ||,2453,Census
Exemption,Non-Medical Exemption,States,South Carolina,2024-25,4.5,57718,100,†,2601,Census
Exemption,Non-Medical Exemption,States,Ohio,2024-25,4.5,131589,93.2,||,5905,"Census (pub.), vol. response (prv.)"
Hepatitis B,,States,Nevada,2022-23,94.2,34333,89.1,NULL,NULL,"Vol. response (pub.), census (pvt.)"
Hepatitis B,,States,Oklahoma,2022-23,94.1,52548,89.5,‡,NULL,"Census (pub.), vol. response (pvt.)"
Hepatitis B,,States,Wyoming,2022-23,94.1,7060,100,*,NULL,Census
Hepatitis B,,States,South Carolina,2022-23,93.8,58878,28.1,†,NULL,Stratified 1-stage cluster sample
Hepatitis B,,States,Missouri,2022-23,93.7,69126,100,*,NULL,Census
Hepatitis B,,States,North Dakota,2022-23,93.7,10554,99.4,NULL,NULL,Census
Exemption,Non-Medical Exemption,States,Wisconsin,2024-25,6.3,61120,95.7,>=. ||||. ¶¶,3881,"Census (pub.), vol. response (prv.)"
Exemption,Non-Medical Exemption,States,Michigan,2024-25,6.5,107636,100,NULL,7029,Census
Exemption,Non-Medical Exemption,States,Nevada,2024-25,6.7,33272,92.6,†,2222,"Census (pub.), vol. response (prv.)"
Exemption,Non-Medical Exemption,States,North Dakota,2024-25,6.7,9659,98.8,NULL,649,Census
Exemption,Non-Medical Exemption,States,South Dakota,2024-25,6.7,11367,99.3,†,761,Census
Exemption,Non-Medical Exemption,States,Arizona,2024-25,9,75024,97.4,‡,6784,Census
Exemption,Non-Medical Exemption,States,Alaska,2024-25,9,7338,99.8,†. ‡‡,660,"Census (pub.), not conducted (prv.)"
Exemption,Non-Medical Exemption,States,Oregon,2024-25,9.7,38247,100,||,3715,Census
Exemption,Non-Medical Exemption,States,Utah,2024-25,10,45818,100,NULL,4591,Census
Exemption,Non-Medical Exemption,States,Idaho,2024-25,15.1,22242,99.5,||,3363,Census
Exemption,Non-Medical Exemption,States,Vermont,2024-25,3.7,5432,100,†,201,Census
Exemption,Non-Medical Exemption,States,Tennessee,2024-25,3.7,78299,96.7,†,2884,Census
Exemption,Non-Medical Exemption,States,Arkansas,2024-25,3.5,37570,96.4,NULL,1324,"Census (pub.), vol. response (prv.)"
Exemption,Non-Medical Exemption,States,Nebraska,2024-25,3.5,24102,100,†,844,Census
Exemption,Non-Medical Exemption,States,Kansas,2024-25,3.3,33892,81.6,†,1115,Census
Exemption,Non-Medical Exemption,States,North Carolina,2024-25,3.1,124028,91,†,3803,"Census (pub.), vol. response (prv.)"
Exemption,Non-Medical Exemption,States,Louisiana,2024-25,3,49229,100,NULL,1458,Census
Exemption,Non-Medical Exemption,States,Delaware,2024-25,2.6,10393,14.2,†,273,"2-stage cluster sample (pub.), nonrandom 2-stage cluster sample (prv.)"
Exemption,Non-Medical Exemption,States,Indiana,2024-25,2.6,73744,92.7,†. ||||,1904,"Census (pub.), vol. response (prv.)"
Exemption,Non-Medical Exemption,States,Illinois,2024-25,2.5,132769,99.5,>=. †. §,3377,Census
Exemption,Non-Medical Exemption,States,District of Columbia,2024-25,2.5,7997,100,†,197,Census
Exemption,Non-Medical Exemption,States,Virginia,2024-25,2.4,91453,98,†,2131,Census
Exemption,Non-Medical Exemption,States,TX-City of Houston,2024-25,2.2,36981,98.8,||,830,"Census (pub.), vol. response (prv.)"
Exemption,Non-Medical Exemption,States,Alabama,2024-25,2.2,53589,99.9,†,1169,Census
Exemption,Non-Medical Exemption,States,Kentucky,2024-25,2,51319,100,†,1041,Census
Exemption,Non-Medical Exemption,States,New Mexico,2024-25,1.9,20180,100,†,382,Census
Exemption,Non-Medical Exemption,States,Maryland,2024-25,1.7,66135,95.6,†,1126,"Census (pub.), vol. response (prv.)"
Hepatitis B,,States,Hawaii,2022-23,88.7,13195,8.1,NULL,NULL,Stratified 2-stage cluster sample
Hepatitis B,,States,Georgia,2022-23,88.1,123771,100,>=. *,NULL,Census
Hepatitis B,,States,Idaho,2022-23,86.3,23721,99.3,NULL,NULL,Census
Hepatitis B,,States,Alaska,2022-23,85.5,9650,88.8,¶,NULL,"Vol. response (pub.), not conducted (pvt.)"
Hepatitis B,,States,Maine,2022-23,NReq,12403,93.9,NULL,NULL,Census
Hepatitis B,,States,Alabama,2022-23,NReq,59113,100,>=. *,NULL,Census
Hepatitis B,,States,Wyoming,2023-24,93.6,6754,100,*,NULL,Census
Exemption,Non-Medical Exemption,States,New York,2024-25,NA,234054,85.1,†. ‡,NULL,Vol. response
Exemption,Non-Medical Exemption,States,Maine,2024-25,NA,11761,95.4,†. ‡,NULL,Census
Exemption,Non-Medical Exemption,States,California,2024-25,NA,590849,100,†. ‡,NULL,Census
Exemption,Non-Medical Exemption,States,Iowa,2025-26,4.8,37490,100,�,1792,Census
Exemption,Non-Medical Exemption,States,Georgia,2025-26,5,118864,100,�,6002,Census
Hepatitis B,,States,Florida,2021-22,91.7,229432,97.8,>=. §,NULL,Census
Hepatitis B,,States,Iowa,2021-22,90.6,40111,100,>=. *,NULL,Census
Hepatitis B,,States,Nebraska,2023-24,95.7,23118,100,*. ‡,NULL,Census
Hepatitis B,,States,Texas,2023-24,95.7,381421,92.4,‡. §,NULL,"Census (pub.), vol. response (prv.)"
Hepatitis B,,States,TX-City of Houston,2023-24,95.8,37882,67.7,‡. §,NULL,Vol. response
Hepatitis B,,States,Louisiana,2023-24,95.9,51839,100,*,NULL,Census
Hepatitis B,,States,Kansas,2023-24,96.1,34178,37.1,†. ‡. §,NULL,Stratified 2-stage cluster sample
Hepatitis B,,States,New Mexico,2023-24,96.7,20699,100,*,NULL,Census
Hepatitis B,,States,Maryland,2023-24,96.9,63224,100,>=. *. ‡,NULL,Census
Hepatitis B,,States,California,2023-24,97.2,569680,100,*. ‡,NULL,Census
Hepatitis B,,States,Massachusetts,2023-24,97.3,65424,100,*. ‡,NULL,Census
Hepatitis B,,States,NY-City of New York,2023-24,97.5,85360,99.3,NULL,NULL,Census
Hepatitis B,,States,Mississippi,2023-24,97.5,36105,100,>=. *,NULL,Census
Hepatitis B,,States,Rhode Island,2023-24,97.9,10539,97.8,‡. §,NULL,Census
Hepatitis B,,States,New York,2023-24,98.3,200894,98.8,NULL,NULL,Census
Hepatitis B,,States,Connecticut,2023-24,98.4,36184,100,*,NULL,Census
Hepatitis B,,States,West Virginia,2023-24,98.8,18261,82.8,‡. §,NULL,Vol. response
Hepatitis B,,States,Nevada,2023-24,93.4,31261,91.3,NULL,NULL,Census
Hepatitis B,,States,Indiana,2023-24,93.3,80639,88.5,§,NULL,"Census (pub.), vol. response (prv.)"
Hepatitis B,,States,Missouri,2023-24,93.3,69014,100,*,NULL,Census
Hepatitis B,,States,North Dakota,2023-24,93.3,9708,97.5,NULL,NULL,Census
Hepatitis B,,States,New Jersey,2023-24,93.2,105408,100,>=. §. *,NULL,Census
Hepatitis B,,States,Oklahoma,2023-24,93.1,49979,93.8,‡,NULL,"Census (pub.), vol. response (prv.)"
Hepatitis B,,States,Ohio,2023-24,93,133716,94,NULL,NULL,"Census (pub.), vol. response (prv.)"
Hepatitis B,,States,Oregon,2023-24,92.9,39568,100,*. ‡,NULL,Census
Hepatitis B,,States,Arizona,2023-24,92.8,74834,99.6,NULL,NULL,Census
Hepatitis B,,States,South Carolina,2023-24,92.8,58069,26.7,†,NULL,Stratified 1-stage cluster sample
Hepatitis B,,States,Washington,2023-24,92.8,84053,97.2,§,NULL,Census
Hepatitis B,,States,Minnesota,2023-24,92.4,66032,99.1,NULL,NULL,Census
Hepatitis B,,States,Wisconsin,2023-24,91.7,62028,98.2,‡. §,NULL,Census
Exemption,Non-Medical Exemption,States,Wisconsin,2025-26,7.3,59360,96.6,>=. ||||. ��,4314,"Census (pub.), vol. response (prv.)"
Exemption,Non-Medical Exemption,States,Michigan,2025-26,7.5,104614,100,NULL,7818,Census
Exemption,Non-Medical Exemption,States,North Dakota,2025-26,8,9344,98.6,NULL,745,Census
Exemption,Non-Medical Exemption,States,Alaska,2025-26,8.2,8253,60.9,�. ��,675,"Vol. response (public), not conducted (private)"
Exemption,Non-Medical Exemption,States,Nevada,2025-26,8.3,32815,93.6,�,2729,"Census (pub.), vol. response (prv.)"
Exemption,Non-Medical Exemption,States,Arizona,2025-26,10.4,73907,92.5,�,7720,"Census (pub.), vol. response (prv.)"
Exemption,Non-Medical Exemption,States,Oregon,2025-26,10.9,37309,100,||,4060,Census
Exemption,Non-Medical Exemption,States,New Jersey,2024-25,4.6,104339,100,†,4790,Census
Exemption,Non-Medical Exemption,States,Georgia,2024-25,4.7,114568,100,†,5441,Census
Exemption,Non-Medical Exemption,States,Florida,2024-25,4.8,221053,100,†,10556,Census
Exemption,Non-Medical Exemption,States,Missouri,2024-25,5,68163,100,>=. †. §,3397,Census
Exemption,Non-Medical Exemption,States,Oklahoma,2024-25,5.4,47544,86.7,NULL,2589,Vol. response
Exemption,Non-Medical Exemption,States,Hawaii,2024-25,5.5,13804,10.5,NULL,744,Stratified 2-stage cluster sample
Exemption,Non-Medical Exemption,States,Pennsylvania,2024-25,5.6,140160,95.3,NULL,7878,"Census (pub.), vol. response (prv.)"
Exemption,Non-Medical Exemption,States,Wyoming,2024-25,5.7,6564,100,†,371,Census
Exemption,Non-Medical Exemption,States,Minnesota,2024-25,5.8,64898,99.7,>=. §. ||,3735,Census
Exemption,Non-Medical Exemption,States,Maryland,2025-26,2.1,66945,97.8,�,1406,"Census (pub.), vol. response (prv.)"
Exemption,Non-Medical Exemption,States,Delaware,2025-26,2.1,10729,12.9,�,229,"2-stage cluster sample (pub.), nonrandom 2-stage cluster sample (prv.)"
Exemption,Non-Medical Exemption,States,Kentucky,2025-26,2.4,49937,100,�,1219,Census
Exemption,Non-Medical Exemption,States,TX-City of Houston,2025-26,2.7,36071,94.6,||,976,"Census (pub.), vol. response (prv.)"
Exemption,Non-Medical Exemption,States,Virginia,2025-26,2.7,88950,95.7,�,2417,Census
Exemption,Non-Medical Exemption,States,Alabama,2025-26,2.9,53378,100,�,1563,Census
Exemption,Non-Medical Exemption,States,Illinois,2025-26,3.1,128598,99.8,>=. �. �,3989,Census
Exemption,Non-Medical Exemption,States,District of Columbia,2025-26,3.1,7871,100,�,247,Census
Exemption,Non-Medical Exemption,States,Indiana,2025-26,3.4,70886,87.1,�. ||||,2442,Vol. response
Exemption,Non-Medical Exemption,States,Vermont,2025-26,3.6,5298,100,�,192,Census
Exemption,Non-Medical Exemption,States,North Carolina,2025-26,3.8,120045,90.1,�,4543,"Census (pub.), vol. response (prv.)"
Exemption,Non-Medical Exemption,States,Louisiana,2025-26,3.8,50223,100,NULL,1933,Census
Exemption,Non-Medical Exemption,States,Nebraska,2025-26,3.9,23807,100,�,936,Census
Exemption,Non-Medical Exemption,States,Kansas,2025-26,4.1,33420,84.1,�,1379,Census
Exemption,Non-Medical Exemption,States,Washington,2025-26,4.4,75631,99.1,>=. ||||. ��,3364,Census
Exemption,Non-Medical Exemption,States,Arkansas,2025-26,4.5,35543,96.7,NULL,1615,"Census (pub.), vol. response (prv.)"
Exemption,Non-Medical Exemption,States,Colorado,2025-26,4.5,60049,100,>=. �. ||,2716,Census
Exemption,Non-Medical Exemption,States,Tennessee,2025-26,4.6,73415,97.4,�,3397,Census
Hepatitis B,,States,Colorado,2022-23,90.9,65576,97.2,NULL,NULL,Census
Hepatitis B,,States,Kentucky,2022-23,90.7,54742,96.9,>=. ‡. §,NULL,Census
Hepatitis B,,States,Florida,2022-23,90.6,230309,97.7,>=,NULL,Census
Hepatitis B,,States,Iowa,2022-23,89.9,39178,100,>=. *,NULL,Census
Hepatitis B,,States,New Hampshire,2022-23,89.4,11332,100,>=. §. *,NULL,Census
Hepatitis B,,States,Delaware,2024-25,95.7,10393,14.2,‡,NULL,"2-stage cluster sample (pub.), nonrandom 2-stage cluster sample (prv.)"
Hepatitis B,,States,Nebraska,2024-25,95.9,24102,100,*. ‡,NULL,Census
Hepatitis B,,States,New Mexico,2024-25,96.3,20180,100,*,NULL,Census
Hepatitis B,,States,Kansas,2024-25,96.4,33892,29.2,†. ‡. §,NULL,Stratified 2-stage cluster sample
Hepatitis B,,States,Maryland,2024-25,96.8,66135,95.6,‡,NULL,"Census (pub.), vol. response (prv.)"
Hepatitis B,,States,Louisiana,2024-25,97.1,49229,100,*,NULL,Census
Hepatitis B,,States,Virginia,2023-24,93.7,92633,1.9,†,NULL,Stratified 2-stage cluster sample
Hepatitis B,,States,Delaware,2023-24,93.8,11043,12.1,>=. ‡,NULL,Stratified 2-stage cluster sample
Hepatitis B,,States,District of Columbia,2023-24,93.9,7874,100,*,NULL,Census
Hepatitis B,,States,South Dakota,2023-24,94.1,11744,99.8,§,NULL,Census
Hepatitis B,,States,Michigan,2023-24,94.8,110156,100,*,NULL,Census
Hepatitis B,,States,North Carolina,2023-24,94.8,125964,90.8,§,NULL,"Census (pub.), vol. response (prv.)"
Hepatitis B,,States,Pennsylvania,2023-24,94.8,137593,96.5,NULL,NULL,Census
Hepatitis B,,States,Arkansas,2023-24,94.9,37535,95.4,NULL,NULL,"Census (pub.), vol. response (prv.)"
Hepatitis B,,States,Vermont,2023-24,95.2,5630,100,*,NULL,Census
Hepatitis B,,States,Tennessee,2023-24,95.3,79323,95.8,§,NULL,Census
Hepatitis B,,States,Michigan,2024-25,92.4,107636,100,*. ‡,NULL,Census
Hepatitis B,,States,Arizona,2024-25,92.3,75024,97.4,NULL,NULL,Census
Hepatitis B,,States,Ohio,2024-25,92.3,131589,93.2,NULL,NULL,"Census (pub.), vol. response (prv.)"
Hepatitis B,,States,Wisconsin,2024-25,92.3,61120,95.7,‡. §,NULL,"Census (pub.), vol. response (prv.)"
Hepatitis B,,States,Minnesota,2024-25,92.3,64898,99.7,NULL,NULL,Census
Hepatitis B,,States,Arkansas,2024-25,92,37570,96.4,NULL,NULL,"Census (pub.), vol. response (prv.)"
Hepatitis B,,States,South Carolina,2024-25,92,57718,34.3,†,NULL,Stratified 1-stage cluster sample
Hepatitis B,,States,Colorado,2024-25,91.3,60055,100,*. §,NULL,Census
Hepatitis B,,States,Utah,2024-25,90.2,45818,100,*,NULL,Census
Hepatitis B,,States,New Hampshire,2024-25,89.2,11713,100,>=. *. §,NULL,Census
Hepatitis B,,States,Iowa,2024-25,88.8,38268,100,>=. *,NULL,Census
Exemption,Non-Medical Exemption,States,Texas,2025-26,5,358586,98.3,||,17824,"Census (pub.), vol. response (prv.)"
Exemption,Non-Medical Exemption,States,New Hampshire,2025-26,5.2,11544,100,�,600,Census
Exemption,Non-Medical Exemption,States,Ohio,2025-26,5.5,129087,95.9,||,7089,"Census (pub.), vol. response (prv.)"
Exemption,Non-Medical Exemption,States,Florida,2025-26,5.5,213535,100,�,11803,Census
Exemption,Non-Medical Exemption,States,New Jersey,2025-26,5.6,101602,92.3,�,5687,Census
Exemption,Non-Medical Exemption,States,South Carolina,2025-26,5.6,57542,100,�,3197,Census
Exemption,Non-Medical Exemption,States,Pennsylvania,2025-26,5.7,134313,95.7,NULL,7720,"Census (pub.), vol. response (prv.)"
Exemption,Non-Medical Exemption,States,Hawaii,2025-26,6,13791,11.7,�,833,Stratified 2-stage cluster sample
Exemption,Non-Medical Exemption,States,Missouri,2025-26,6.1,66610,100,>=. �. �,4076,Census
Exemption,Non-Medical Exemption,States,South Dakota,2025-26,6.8,11009,100,�,747,Census
Exemption,Non-Medical Exemption,States,Minnesota,2025-26,6.8,63451,99.9,>=. �. ||,4293,Census
Exemption,Non-Medical Exemption,States,Wyoming,2025-26,7.1,6146,100,�,439,Census
Exemption,Non-Medical Exemption,States,Oklahoma,2025-26,7.2,47844,90.7,NULL,3440,"Census (pub.), vol. response (prv.)"
Exemption,Any Exemption,States,New Hampshire,2009-10,NA,NULL,NULL,NULL,NULL,Not conducted
Exemption,Any Exemption,States,Illinois,2009-10,NA,165845,NULL,§,NULL,Census
Exemption,Any Exemption,States,Wyoming,2009-10,NA,NULL,NULL,NULL,NULL,Not conducted
Exemption,Any Exemption,States,Colorado,2009-10,NA,NULL,NULL,NULL,NULL,Not conducted
Exemption,Any Exemption,States,Mississippi,2009-10,0.1,46922,NULL,<. ‡. †,12,Census
Exemption,Any Exemption,States,Alabama,2009-10,0.5,75358,NULL,‡. ¶,373,Census
Exemption,Any Exemption,States,Rhode Island,2009-10,0.5,11818,NULL,†,60,Random sample
Exemption,Any Exemption,States,Tennessee,2009-10,0.5,90811,NULL,††. †,421,Voluntary response
Exemption,Non-Medical Exemption,States,Utah,2025-26,12.2,44001,100,NULL,5388,Census
Exemption,Non-Medical Exemption,States,Idaho,2025-26,17,21728,100,||,3704,Census
Exemption,Non-Medical Exemption,States,NY-City of New York,2025-26,NA,82534,98.1,�. �,NULL,Census
Exemption,Non-Medical Exemption,States,New York,2025-26,NA,203514,95.8,�. �,NULL,"Census (pub.), vol. response (prv.)"
Exemption,Non-Medical Exemption,States,Maine,2025-26,NA,11634,94.4,�. �,NULL,Census
Exemption,Non-Medical Exemption,States,West Virginia,2025-26,NA,15445,93.3,�. �. ��,NULL,Census
Exemption,Non-Medical Exemption,States,California,2025-26,NA,614405,100,�. �,NULL,Census
Exemption,Non-Medical Exemption,States,Connecticut,2025-26,0.1,33118,100,<. �,4,Census
Exemption,Non-Medical Exemption,States,Massachusetts,2025-26,1.6,65331,100,�,1069,Census
Exemption,Non-Medical Exemption,States,Mississippi,2025-26,1.9,34969,100,�,666,Census
Exemption,Non-Medical Exemption,States,New Mexico,2025-26,2,19843,100,�,399,Census
Exemption,Non-Medical Exemption,States,Rhode Island,2025-26,2,10123,97.1,�,202,Census
Exemption,Any Exemption,States,Washington,2010-11,NA,NULL,NULL,NULL,NULL,NA
Hepatitis B,,States,Kentucky,2023-24,90.8,52609,100,>=. *. ‡. §,NULL,Census
Hepatitis B,,States,New Hampshire,2023-24,89.2,11871,100,>=. §. *,NULL,Census
Hepatitis B,,States,Iowa,2023-24,89.1,38611,100,>=. *,NULL,Census
Hepatitis B,,States,Georgia,2023-24,88.4,136943,100,>=. *,NULL,Census
Hepatitis B,,States,Florida,2023-24,88.1,228213,100,>=. *,NULL,Census
Hepatitis B,,States,Alaska,2023-24,85.6,8644,88.9,¶,NULL,"Census (pub.), not conducted (prv.)"
Hepatitis B,,States,Idaho,2023-24,84.8,22376,100,*,NULL,Census
Hepatitis B,,States,Illinois,2023-24,NReq,133578,100,*,NULL,Census
Hepatitis B,,States,Alabama,2023-24,NReq,54565,100,>=. *,NULL,Census
Hepatitis B,,States,Maine,2023-24,Nreq,12087,93,NULL,NULL,Census
Hepatitis B,,States,TX-City of Houston,2024-25,93,36981,98.8,‡. §,NULL,"Census (pub.), vol. response (prv.)"
Hepatitis B,,States,Indiana,2024-25,93.2,73744,92.7,§,NULL,"Census (pub.), vol. response (prv.)"
Hepatitis B,,States,Oklahoma,2024-25,93.6,47544,86.7,‡,NULL,Vol. response
Hepatitis B,,States,Wyoming,2024-25,93.9,6564,100,*,NULL,Census
Hepatitis B,,States,Pennsylvania,2024-25,93.9,140160,95.3,NULL,NULL,"Census (pub.), vol. response (prv.)"
Hepatitis B,,States,District of Columbia,2024-25,94.1,7997,100,*,NULL,Census
Hepatitis B,,States,Texas,2024-25,94.7,378860,97.3,‡. §,NULL,"Census (pub.), vol. response (prv.)"
Hepatitis B,,States,Virginia,2024-25,95.1,91453,1.7,†,NULL,Stratified 2-stage cluster sample
Hepatitis B,,States,North Carolina,2024-25,95.2,124028,91,§,NULL,"Census (pub.), vol. response (prv.)"
Hepatitis B,,States,Vermont,2024-25,95.2,5432,100,*,NULL,Census
Hepatitis B,,States,Tennessee,2024-25,95.4,78299,96.7,§,NULL,Census
Hepatitis B,,States,Missouri,2025-26,92.1,66610,100,*,NULL,Census
Hepatitis B,,States,Oregon,2025-26,92,37309,100,*. �,NULL,Census
Hepatitis B,,States,Ohio,2025-26,91.9,129087,95.9,NULL,NULL,"Census (pub.), vol. response (prv.)"
Hepatitis B,,States,Minnesota,2025-26,91.8,63451,99.9,NULL,NULL,Census
Hepatitis B,,States,North Dakota,2025-26,91.6,9344,98.6,NULL,NULL,Census
Hepatitis B,,States,Michigan,2025-26,91.5,104614,100,*. �,NULL,Census
Hepatitis B,,States,Arizona,2025-26,91.5,73907,92.5,NULL,NULL,"Census (pub.), vol. response (prv.)"
Hepatitis B,,States,Alaska,2025-26,91.3,8253,60.9,�,NULL,"Vol. response (public), not conducted (private)"
Hepatitis B,,States,California,2024-25,97.2,590849,100,*. ‡,NULL,Census
Hepatitis B,,States,Massachusetts,2024-25,97.5,65581,100,*. ‡,NULL,Census
Hepatitis B,,States,Mississippi,2024-25,97.6,35293,100,>=. *,NULL,Census
Hepatitis B,,States,Rhode Island,2024-25,97.9,10088,96.7,‡. §,NULL,Census
Hepatitis B,,States,NY-City of New York,2024-25,98.1,85986,96.9,NULL,NULL,"Census (pub.), vol. response (prv.)"
Hepatitis B,,States,New York,2024-25,98.4,234054,85.1,NULL,NULL,Vol. response
Hepatitis B,,States,Connecticut,2024-25,98.7,30112,100,*,NULL,Census
Hepatitis B,,States,Nevada,2024-25,92.9,33272,92.6,NULL,NULL,"Census (pub.), vol. response (prv.)"
Hepatitis B,,States,Hawaii,2024-25,92.8,13804,10.5,NULL,NULL,Stratified 2-stage cluster sample
Hepatitis B,,States,New Jersey,2024-25,92.8,104339,100,>=. *,NULL,Census
Hepatitis B,,States,Missouri,2024-25,92.7,68163,100,*,NULL,Census
Hepatitis B,,States,Washington,2024-25,92.7,76756,97.9,NULL,NULL,Census
Hepatitis B,,States,North Dakota,2024-25,92.7,9659,98.8,NULL,NULL,Census
Hepatitis B,,States,Oregon,2024-25,92.5,38247,100,*. ‡,NULL,Census
Exemption,Any Exemption,States,Nevada,2009-10,2,35209,NULL,†,714,Random sample
Exemption,Any Exemption,States,California,2009-10,2.2,507191,NULL,‡,11278,Census
Exemption,Any Exemption,States,Arizona,2009-10,3,89287,NULL,‡,2665,Census
Exemption,Any Exemption,States,Pennsylvania,2009-10,3.1,149656,NULL,||,4701,Census
Exemption,Any Exemption,States,Montana,2009-10,3.1,12335,NULL,†,380,Census
Exemption,Any Exemption,States,Maine,2009-10,3.3,14162,NULL,NULL,470,Voluntary response
Exemption,Any Exemption,States,Hawaii,2009-10,3.6,18427,NULL,†,660,Random sample
Exemption,Any Exemption,States,Wisconsin,2009-10,3.7,61095,NULL,NULL,2260,Random sample
Exemption,Any Exemption,States,Nebraska,2009-10,3.8,29607,NULL,†,1076,Census
Exemption,Any Exemption,States,Utah,2009-10,3.8,49957,NULL,NULL,1904,Census
Exemption,Any Exemption,States,Idaho,2009-10,3.8,22624,NULL,NULL,860,Census
Exemption,Any Exemption,States,Michigan,2009-10,4.4,129810,NULL,NULL,5730,Census
Exemption,Any Exemption,States,Oregon,2009-10,5.4,44676,NULL,†,2416,Census
Exemption,Any Exemption,States,Alaska,2009-10,5.5,9641,NULL,†,530,Voluntary response
Exemption,Any Exemption,States,Vermont,2009-10,5.8,6713,NULL,NULL,389,Census
Exemption,Any Exemption,States,Washington,2009-10,6.2,81511,NULL,NULL,5015,Census
Exemption,Any Exemption,States,Minnesota,2009-10,NA,70653,NULL,NULL,NULL,Not conducted
Exemption,Any Exemption,States,Missouri,2009-10,NA,75958,NULL,§,NULL,Random sample
Exemption,Any Exemption,States,Texas,2009-10,NA,381425,NULL,§,NULL,Census
Exemption,Any Exemption,States,Illinois,2011-12,5.5,163311,NULL,§,9015,Census
Exemption,Any Exemption,States,Michigan,2011-12,5.5,124962,NULL,NULL,6932,Census
Exemption,Any Exemption,States,Colorado,2011-12,5.6,70142,NULL,**. ||,18,Simple Random Sample
Exemption,Any Exemption,States,Vermont,2011-12,5.7,6548,NULL,NULL,372,Census
Hepatitis B,,States,Florida,2024-25,88.8,221053,100,>=. *,NULL,Census
Hepatitis B,,States,Kentucky,2024-25,87.8,51319,100,*. §,NULL,Census
Hepatitis B,,States,Georgia,2024-25,86.8,114568,100,>=. *,NULL,Census
Exemption,Any Exemption,States,New York,2009-10,0.6,229273,NULL,†,1426,Census
Exemption,Any Exemption,States,Arkansas,2009-10,0.6,34733,NULL,NULL,193,Census
Exemption,Any Exemption,States,Kentucky,2009-10,0.6,56526,NULL,†,363,Census
Exemption,Any Exemption,States,New Mexico,2009-10,0.7,26318,NULL,††. †,183,Random sample
Exemption,Any Exemption,States,South Carolina,2009-10,0.8,53725,NULL,†,450,Random sample
Exemption,Any Exemption,States,North Dakota,2009-10,0.8,8323,NULL,††,67,Random sample
Exemption,Any Exemption,States,North Carolina,2009-10,0.8,116087,NULL,†,914,Census
Exemption,Any Exemption,States,Maryland,2009-10,0.8,75061,NULL,†,629,Voluntary response
Exemption,Any Exemption,States,Louisiana,2009-10,0.8,53846,NULL,NULL,411,Census
Exemption,Any Exemption,States,Delaware,2009-10,0.8,11327,NULL,†,87,Random sample
Exemption,Any Exemption,States,Virginia,2009-10,0.9,100891,NULL,†,911,Random sample
Exemption,Any Exemption,States,Kansas,2009-10,1,39073,NULL,†,393,Census
Exemption,Any Exemption,States,New Jersey,2009-10,1,118347,NULL,†,1072,Census
Exemption,Any Exemption,States,Connecticut,2009-10,1.1,46158,NULL,†,495,Census
Exemption,Any Exemption,States,Oklahoma,2009-10,1.1,51128,NULL,NULL,575,Voluntary response
Hepatitis B,,States,District of Columbia,2025-26,95.7,7871,100,*,NULL,Census
Hepatitis B,,States,New Mexico,2025-26,96.1,19843,100,*. �,NULL,Census
Hepatitis B,,States,Louisiana,2025-26,96.5,50223,100,*,NULL,Census
Hepatitis B,,States,Delaware,2025-26,96.8,10729,12.9,NULL,NULL,"2-stage cluster sample (pub.), nonrandom 2-stage cluster sample (prv.)"
Hepatitis B,,States,Mississippi,2025-26,97,34969,100,>=. *,NULL,Census
Hepatitis B,,States,California,2025-26,97,614405,100,*. �,NULL,Census
Hepatitis B,,States,Maryland,2025-26,97.4,66945,97.8,�,NULL,"Census (pub.), vol. response (prv.)"
Hepatitis B,,States,Massachusetts,2025-26,97.7,65331,100,�,NULL,Census
Hepatitis B,,States,Rhode Island,2025-26,97.8,10123,97.1,�,NULL,Census
Hepatitis B,,States,NY-City of New York,2025-26,98.1,82534,98.1,NULL,NULL,Census
Hepatitis B,,States,New York,2025-26,98.6,203514,95.8,NULL,NULL,"Census (pub.), vol. response (prv.)"
Hepatitis B,,States,Connecticut,2025-26,98.9,33118,100,*,NULL,Census
Hepatitis B,,States,West Virginia,2025-26,99.6,15445,93.3,�. �,NULL,Census
Hepatitis B,,States,Kentucky,2025-26,92.6,49937,100,*. �,NULL,Census
Hepatitis B,,States,New Jersey,2025-26,92.5,101602,92.3,>=. �,NULL,Census
Hepatitis B,,States,Washington,2025-26,92.5,75631,99.1,�,NULL,Census
Hepatitis B,,States,Nevada,2025-26,92.4,32815,93.6,NULL,NULL,"Census (pub.), vol. response (prv.)"
Hepatitis B,,States,Oklahoma,2025-26,92.3,47844,90.7,NULL,NULL,"Census (pub.), vol. response (prv.)"
Hepatitis B,,States,Wisconsin,2025-26,92.2,59360,96.6,�. �,NULL,"Census (pub.), vol. response (prv.)"
Exemption,Any Exemption,States,New Mexico,2010-11,NA,NULL,NULL,NULL,NULL,NA
Exemption,Any Exemption,States,New Jersey,2010-11,NA,NULL,NULL,NULL,NULL,NA
Exemption,Any Exemption,States,New Hampshire,2010-11,NA,NULL,NULL,NULL,NULL,NA
Exemption,Any Exemption,States,Nevada,2010-11,NA,NULL,NULL,NULL,NULL,NA
Exemption,Any Exemption,States,Nebraska,2010-11,NA,NULL,NULL,NULL,NULL,NA
Exemption,Any Exemption,States,Montana,2010-11,NA,NULL,NULL,NULL,NULL,NA
Exemption,Any Exemption,States,Missouri,2010-11,NA,NULL,NULL,NULL,NULL,NA
Exemption,Any Exemption,States,Mississippi,2010-11,NA,NULL,NULL,NULL,NULL,NA
Exemption,Any Exemption,States,Indiana,2010-11,NA,NULL,NULL,NULL,NULL,NA
Exemption,Any Exemption,States,Iowa,2010-11,NA,NULL,NULL,NULL,NULL,NA
Hepatitis B,,States,Colorado,2025-26,91.1,60049,100,*. �,NULL,Census
Hepatitis B,,States,Hawaii,2025-26,90.3,13791,11.7,NULL,NULL,Stratified 2-stage cluster sample
Hepatitis B,,States,Utah,2025-26,89.2,44001,100,*,NULL,Census
Hepatitis B,,States,Georgia,2025-26,89.1,118864,100,>=. *,NULL,Census
Hepatitis B,,States,Iowa,2025-26,88.9,37490,100,>=. *,NULL,Census
Hepatitis B,,States,Florida,2025-26,88.9,213535,100,>=. *,NULL,Census
Exemption,Any Exemption,States,District of Columbia,2009-10,1.1,6092,NULL,NULL,66,Census
Exemption,Any Exemption,States,Georgia,2009-10,1.1,141949,NULL,†,1565,Random sample
Exemption,Any Exemption,States,Indiana,2009-10,1.1,84390,NULL,†,909,Census
Exemption,Any Exemption,States,South Dakota,2009-10,1.1,11499,NULL,†,121,Census
Exemption,Any Exemption,States,Massachusetts,2009-10,1.1,74476,NULL,†,836,Census
Exemption,Any Exemption,States,West Virginia,2009-10,1.3,22730,NULL,‡. †,303,Voluntary response
Exemption,Any Exemption,States,Florida,2009-10,1.3,218630,NULL,†,2797,Census
Exemption,Any Exemption,States,Ohio,2009-10,1.4,131137,NULL,||,1799,Census
Exemption,Any Exemption,States,Iowa,2009-10,1.4,42698,NULL,†,577,Census
Exemption,Any Exemption,States,Ohio,2011-12,1.5,146144,NULL,||,1857,Convenient
Exemption,Any Exemption,States,Texas,2011-12,1.5,388178,NULL,§,5947,Census
Exemption,Any Exemption,States,Minnesota,2011-12,1.6,71213,NULL,§,1145,Census
Exemption,Any Exemption,States,Pennsylvania,2011-12,1.8,148042,NULL,||,2681,Census
Exemption,Any Exemption,States,Nevada,2011-12,1.8,36557,NULL,†,42,2-stage Cluster Sample
Exemption,Any Exemption,States,New Mexico,2011-12,2,29159,NULL,†,12,2-stage Cluster Sample
Exemption,Any Exemption,States,District of Columbia,2011-12,2.1,6854,NULL,NULL,144,Census
Exemption,Any Exemption,States,New Hampshire,2011-12,2.2,13022,NULL,†,285,Census
Exemption,Any Exemption,States,Missouri,2011-12,2.4,75240,NULL,§,90,2-stage Cluster Sample
Exemption,Any Exemption,States,California,2011-12,2.6,542544,NULL,‡,13536,Census
Exemption,Any Exemption,States,Montana,2011-12,3,12128,NULL,†,364,Census
Exemption,Any Exemption,States,Arizona,2011-12,3.7,88293,NULL,‡,3187,Census
Exemption,Any Exemption,States,Utah,2011-12,3.8,53800,NULL,NULL,2032,Census
Exemption,Any Exemption,States,Hawaii,2011-12,3.9,19443,NULL,†,60,2-stage Cluster Sample
Exemption,Any Exemption,States,Maine,2011-12,3.9,13829,NULL,NULL,517,Census
Exemption,Any Exemption,States,Wisconsin,2011-12,4.5,70672,NULL,NULL,76,2-stage Cluster Sample
Exemption,Any Exemption,States,Washington,2011-12,4.7,85134,NULL,NULL,3472,Voluntary Response
Exemption,Any Exemption,States,Idaho,2011-12,5.4,22762,NULL,NULL,1226,Census
Polio,,States,Arkansas,2009-10,98,34733,100,*,NULL,Census
Polio,,States,Utah,2009-10,97.9,49957,100,*,NULL,Census
Polio,,States,Kansas,2009-10,97.9,39073,39.1,†,NULL,Stratified 1-stage sample  (Public);  Census (Private)
Polio,,States,South Dakota,2009-10,97.8,11499,100,*,NULL,Census
Polio,,States,Oklahoma,2009-10,97.6,51128,88.9,NULL,NULL,Voluntary response
Polio,,States,Tennessee,2009-10,97.4,90811,88.1,≥,NULL,Voluntary response
Polio,,States,Montana,2009-10,96.9,12335,98.8,NULL,NULL,Census
Hepatitis B,,States,Alaska,2024-25,84.1,7338,99.8,¶,NULL,"Census (pub.), not conducted (prv.)"
Hepatitis B,,States,Idaho,2024-25,84,22242,99.5,NULL,NULL,Census
Hepatitis B,,States,South Dakota,2024-25,NReq,11367,99.3,§,NULL,Census
Hepatitis B,,States,Maine,2024-25,NReq,11761,95.4,NULL,NULL,Census
Hepatitis B,,States,Illinois,2024-25,NReq,132769,99.5,NULL,NULL,Census
Hepatitis B,,States,Alabama,2024-25,NReq,53589,99.9,NULL,NULL,Census
Hepatitis B,,States,South Carolina,2025-26,93.7,57542,26.2,�,NULL,Stratified 1-stage cluster sample
Hepatitis B,,States,Arkansas,2025-26,94,35543,96.7,NULL,NULL,"Census (pub.), vol. response (prv.)"
Hepatitis B,,States,Pennsylvania,2025-26,94.4,134313,95.7,NULL,NULL,"Census (pub.), vol. response (prv.)"
Hepatitis B,,States,TX-City of Houston,2025-26,94.4,36071,94.6,�. �,NULL,"Census (pub.), vol. response (prv.)"
Hepatitis B,,States,Texas,2025-26,94.6,358586,98.3,�. �,NULL,"Census (pub.), vol. response (prv.)"
Hepatitis B,,States,Virginia,2025-26,94.7,88950,95.7,NULL,NULL,Census
Hepatitis B,,States,North Carolina,2025-26,94.8,120045,90.1,�,NULL,"Census (pub.), vol. response (prv.)"
Hepatitis B,,States,Vermont,2025-26,94.9,5298,100,*,NULL,Census
Hepatitis B,,States,Nebraska,2025-26,95,23807,100,*. �,NULL,Census
Hepatitis B,,States,Tennessee,2025-26,95.6,73415,97.4,�,NULL,Census
Polio,,States,Washington,2009-10,91.8,81511,93.3,NULL,NULL,Census
Polio,,States,Vermont,2009-10,92.1,6713,100,*,NULL,Census
Polio,,States,North Dakota,2009-10,92.2,8323,6,¶,NULL,Random sample
Polio,,States,Idaho,2009-10,92.8,22624,100,*,NULL,Census
Polio,,States,Indiana,2009-10,92.9,84390,94.7,NULL,NULL,Census
Polio,,States,Massachusetts,2009-10,92.9,74476,100,*,NULL,Census
Polio,,States,California,2009-10,93.6,507191,100,*,NULL,Census
Polio,,States,Alabama,2009-10,94,75358,100,≥. *. **,NULL,Census
Exemption,Any Exemption,States,Virginia,2010-11,NA,NULL,NULL,NULL,NULL,NA
Exemption,Any Exemption,States,Vermont,2010-11,NA,NULL,NULL,NULL,NULL,NA
Exemption,Any Exemption,States,Utah,2010-11,NA,NULL,NULL,NULL,NULL,NA
Exemption,Any Exemption,States,Texas,2010-11,NA,NULL,NULL,NULL,NULL,NA
Exemption,Any Exemption,States,Tennessee,2010-11,NA,NULL,NULL,NULL,NULL,NA
Exemption,Any Exemption,States,South Dakota,2010-11,NA,NULL,NULL,NULL,NULL,NA
Exemption,Any Exemption,States,South Carolina,2010-11,NA,NULL,NULL,NULL,NULL,NA
Exemption,Any Exemption,States,Rhode Island,2010-11,NA,NULL,NULL,NULL,NULL,NA
Exemption,Any Exemption,States,Pennsylvania,2010-11,NA,NULL,NULL,NULL,NULL,NA
Exemption,Any Exemption,States,Oregon,2010-11,NA,NULL,NULL,NULL,NULL,NA
Exemption,Any Exemption,States,Oklahoma,2010-11,NA,NULL,NULL,NULL,NULL,NA
Exemption,Any Exemption,States,Ohio,2010-11,NA,NULL,NULL,NULL,NULL,NA
Exemption,Any Exemption,States,North Dakota,2010-11,NA,NULL,NULL,NULL,NULL,NA
Exemption,Any Exemption,States,North Carolina,2010-11,NA,NULL,NULL,NULL,NULL,NA
Exemption,Any Exemption,States,New York,2010-11,NA,NULL,NULL,NULL,NULL,NA
Exemption,Any Exemption,States,North Dakota,2012-13,1.8,9503,NULL,NULL,130,2-stage Cluster Sample
Exemption,Any Exemption,States,Florida,2012-13,1.8,234628,NULL,†,4186,Census
Exemption,Any Exemption,States,Missouri,2012-13,1.8,78416,NULL,§,2042,2-stage Cluster Sample
Exemption,Any Exemption,States,South Dakota,2012-13,1.8,12468,NULL,†,223,Census
Exemption,Any Exemption,States,Ohio,2012-13,2,163687,NULL,||,3315,Census
Exemption,Any Exemption,States,Kansas,2010-11,NA,NULL,NULL,NULL,NULL,NA
Exemption,Any Exemption,States,Kentucky,2010-11,NA,NULL,NULL,NULL,NULL,NA
Exemption,Any Exemption,States,Louisiana,2010-11,NA,NULL,NULL,NULL,NULL,NA
Exemption,Any Exemption,States,Maine,2010-11,NA,NULL,NULL,NULL,NULL,NA
Exemption,Any Exemption,States,Maryland,2010-11,NA,NULL,NULL,NULL,NULL,NA
Exemption,Any Exemption,States,Massachusetts,2010-11,NA,NULL,NULL,NULL,NULL,NA
Exemption,Any Exemption,States,Michigan,2010-11,NA,NULL,NULL,NULL,NULL,NA
Exemption,Any Exemption,States,Minnesota,2010-11,NA,NULL,NULL,NULL,NULL,NA
Exemption,Any Exemption,States,Alabama,2010-11,NA,NULL,NULL,NULL,NULL,NA
Exemption,Any Exemption,States,Alaska,2010-11,NA,NULL,NULL,NULL,NULL,NA
Exemption,Any Exemption,States,Arizona,2010-11,NA,NULL,NULL,NULL,NULL,NA
Exemption,Any Exemption,States,Arkansas,2010-11,NA,NULL,NULL,NULL,NULL,NA
Exemption,Any Exemption,States,California,2010-11,NA,NULL,NULL,NULL,NULL,NA
Exemption,Any Exemption,States,Colorado,2010-11,NA,NULL,NULL,NULL,NULL,NA
Exemption,Any Exemption,States,Connecticut,2010-11,NA,NULL,NULL,NULL,NULL,NA
Exemption,Any Exemption,States,Delaware,2010-11,NA,NULL,NULL,NULL,NULL,NA
Exemption,Any Exemption,States,District of Columbia,2010-11,NA,NULL,NULL,NULL,NULL,NA
Exemption,Any Exemption,States,Florida,2010-11,NA,NULL,NULL,NULL,NULL,NA
Exemption,Any Exemption,States,Georgia,2010-11,NA,NULL,NULL,NULL,NULL,NA
Exemption,Any Exemption,States,Hawaii,2010-11,NA,NULL,NULL,NULL,NULL,NA
Exemption,Any Exemption,States,Idaho,2010-11,NA,NULL,NULL,NULL,NULL,NA
Exemption,Any Exemption,States,Illinois,2010-11,NA,NULL,NULL,NULL,NULL,NA
Exemption,Any Exemption,States,Wyoming,2010-11,NA,NULL,NULL,NULL,NULL,NA
Exemption,Any Exemption,States,Wisconsin,2010-11,NA,NULL,NULL,NULL,NULL,NA
Exemption,Any Exemption,States,West Virginia,2010-11,NA,NULL,NULL,NULL,NULL,NA
Exemption,Any Exemption,States,Iowa,2011-12,1.5,40978,NULL,†,607,Census
Exemption,Any Exemption,States,Florida,2011-12,1.5,225532,NULL,†,3495,Census
Hepatitis B,,States,Illinois,2025-26,NReq,128598,99.8,NULL,NULL,Census
Hepatitis B,,States,Kansas,2025-26,NA,NULL,NULL,NULL,NULL,Stratified 2-stage cluster sample
Hepatitis B,,States,Maine,2025-26,NReq,11634,94.4,NULL,NULL,Census
Hepatitis B,,States,Alabama,2025-26,NReq,53378,100,*,NULL,Census
Hepatitis B,,States,South Dakota,2025-26,NReq,11009,100,*. �,NULL,Census
Hepatitis B,,States,Indiana,2025-26,92.6,70886,87.1,�,NULL,Vol. response
Hepatitis B,,States,Wyoming,2025-26,93,6146,100,*,NULL,Census
Polio,,States,Mississippi,2009-10,99.7,46922,100,≥. *,NULL,Census
Polio,,States,New Mexico,2009-10,99.3,26318,2.2,NULL,NULL,Random sample
Polio,,States,Virginia,2009-10,99.1,100891,4.4,NULL,NULL,Random sample
Polio,,States,Louisiana,2009-10,98.9,53846,100,*,NULL,Census
Polio,,States,Nevada,2009-10,98.7,35209,5.6,NULL,NULL,Random sample
Polio,,States,Nebraska,2009-10,98.7,29607,96.4,NULL,NULL,Census
Polio,,States,New York,2009-10,98.4,229273,100,*,NULL,Census
Polio,,States,Connecticut,2009-10,98.3,46158,100,*,NULL,Census
Polio,,States,Wisconsin,2009-10,98.2,61095,2.3,¶,NULL,Random sample
Polio,,States,Texas,2009-10,98.1,381425,98.3,NULL,NULL,Census
Polio,,States,Missouri,2009-10,98.1,75958,3,NULL,NULL,Random sample
Polio,,States,Rhode Island,2010-11,NA,NULL,NULL,NULL,NULL,NA
Polio,,States,South Carolina,2010-11,NA,NULL,NULL,NULL,NULL,NA
Polio,,States,South Dakota,2010-11,NA,NULL,NULL,NULL,NULL,NA
Polio,,States,Tennessee,2010-11,NA,NULL,NULL,NULL,NULL,NA
Polio,,States,Texas,2010-11,NA,NULL,NULL,NULL,NULL,NA
Polio,,States,Utah,2010-11,NA,NULL,NULL,NULL,NULL,NA
Polio,,States,Vermont,2010-11,NA,NULL,NULL,NULL,NULL,NA
Polio,,States,Virginia,2010-11,NA,NULL,NULL,NULL,NULL,NA
Polio,,States,Michigan,2009-10,96.6,129810,100,*,NULL,Census
Polio,,States,Illinois,2009-10,95.8,165845,100,NULL,NULL,Census
Polio,,States,Arizona,2009-10,95.5,89287,93.9,NULL,NULL,Census
Polio,,States,Maine,2009-10,95.4,14162,75.3,NULL,NULL,Voluntary response
Polio,,States,West Virginia,2009-10,91.5,22730,86.7,NULL,NULL,Voluntary response
Polio,,States,Florida,2009-10,91.3,218630,100,≥. * .§,NULL,Census
Polio,,States,Rhode Island,2009-10,90.1,11818,11.6,NULL,NULL,Random sample
Polio,,States,Delaware,2009-10,89.4,11327,9.2,NULL,NULL,Random sample
Polio,,States,Ohio,2009-10,88.3,131137,100,*,NULL,Census
Polio,,States,South Carolina,2009-10,87.7,53725,10.2,NULL,NULL,Random sample
Polio,,States,Iowa,2009-10,84.5,42698,100,≥,NULL,Census
Polio,,States,New Jersey,2009-10,NA,118347,95.1,NULL,NULL,Census
Polio,,States,North Carolina,2009-10,NA,116087,96,NULL,NULL,Census
Polio,,States,New Hampshire,2009-10,NA,NULL,NULL,NULL,NULL,Not conducted
Polio,,States,Wyoming,2009-10,NA,NULL,NULL,NULL,NULL,Not conducted
Polio,,States,Hawaii,2009-10,NA,18427,6.4,NULL,NULL,Random sample
Polio,,States,District of Columbia,2009-10,NA,6092,100,*,NULL,Census
Polio,,States,Colorado,2009-10,NA,NULL,NULL,NULL,NULL,Not conducted
Polio,,States,Alaska,2009-10,NA,9641,76.4,NULL,NULL,Voluntary response
Exemption,Any Exemption,States,Rhode Island,2011-12,1,12552,NULL,†,17,2-stage Cluster Sample
Exemption,Any Exemption,States,Virginia,2011-12,1,101121,NULL,†,76,2-stage Cluster Sample
Exemption,Any Exemption,States,North Dakota,2011-12,1,8412,NULL,NULL,5,Convenient
Exemption,Any Exemption,States,Maryland,2011-12,0.9,72957,NULL,†,454,Voluntary Response
Exemption,Any Exemption,States,Arkansas,2011-12,0.9,38754,NULL,NULL,391,Census
Exemption,Any Exemption,States,North Carolina,2011-12,0.8,128854,NULL,†,1003,Census
Exemption,Any Exemption,States,Louisiana,2011-12,0.8,69013,NULL,NULL,550,Census
Exemption,Any Exemption,States,Tennessee,2011-12,0.7,83950,NULL,†,570,Census
Exemption,Any Exemption,States,New York,2011-12,0.7,236016,NULL,†,1614,Census
Exemption,Any Exemption,States,Alabama,2011-12,0.6,73190,NULL,†. ¶,465,Census
Exemption,Any Exemption,States,Delaware,2011-12,0.6,11327,NULL,†,7,2-stage Cluster Sample
Exemption,Any Exemption,States,Kentucky,2011-12,0.6,58185,NULL,†,318,Census
Exemption,Any Exemption,States,West Virginia,2011-12,0.2,22449,NULL,‡. †,44,Convenient
Exemption,Any Exemption,States,Mississippi,2011-12,0.1,44912,NULL,<. ‡. †,16,Census
Exemption,Any Exemption,States,Wyoming,2011-12,NA,NULL,NULL,NULL,NULL,Not conducted
Exemption,Any Exemption,States,Indiana,2013-14,1.2,87193,NULL,†,1075,Voluntary response
Exemption,Any Exemption,States,Arkansas,2013-14,1.2,42649,NULL,NULL,493,Census
Exemption,Any Exemption,States,Illinois,2013-14,1.3,163316,NULL,§,2123,Census
Exemption,Any Exemption,States,South Carolina,2013-14,1.4,61661,NULL,†. *,855,1-stage stratified sample
Exemption,Any Exemption,States,Massachusetts,2013-14,1.5,79894,NULL,†,1192,Census
Exemption,Any Exemption,States,Oklahoma,2013-14,1.5,57377,NULL,NULL,880,Voluntary response
Exemption,Any Exemption,States,District of Columbia,2013-14,1.5,7856,NULL,NULL,118,Census
Exemption,Any Exemption,States,Pennsylvania,2012-13,2,151364,NULL,||,2982,Census
Exemption,Any Exemption,States,Wyoming,2012-13,2.3,8133,NULL,†.‡‡,183,Census
Exemption,Any Exemption,States,Georgia,2012-13,2.3,142732,NULL,†,77,2-stage Cluster Sample
Exemption,Any Exemption,States,Hawaii,2012-13,2.5,20104,NULL,†. *,156,2-stage Cluster Sample
Exemption,Any Exemption,States,New Hampshire,2012-13,2.5,12943,NULL,†,328,Census
Exemption,Any Exemption,States,Nevada,2012-13,2.5,36070,NULL,†,309,2-stage Cluster Sample
Exemption,Any Exemption,States,California,2012-13,3,535523,NULL,‡,15845,Census
Exemption,Any Exemption,States,Montana,2012-13,3.5,12516,NULL,†,439,Census
Exemption,Any Exemption,States,Utah,2012-13,3.8,54605,NULL,NULL,2099,Census
Exemption,Any Exemption,States,Arizona,2012-13,4.2,90054,NULL,‡,3790,Census
Exemption,Any Exemption,States,Maine,2012-13,4.3,14313,NULL,NULL,620,Census
Exemption,Any Exemption,States,Colorado,2012-13,4.3,70657,NULL,NULL,2869,Simple Random Sample
Exemption,Any Exemption,States,Wisconsin,2012-13,4.5,72416,NULL,NULL,4380,2-stage Cluster Sample
Exemption,Any Exemption,States,Washington,2012-13,4.6,87773,NULL,*,4077,Census
Exemption,Any Exemption,States,Alaska,2012-13,5.6,10319,NULL,†,564,Census
Exemption,Any Exemption,States,Idaho,2012-13,5.9,23888,NULL,NULL,1399,Census
Exemption,Any Exemption,States,Michigan,2012-13,5.9,124662,NULL,NULL,7325,Census
Exemption,Any Exemption,States,Illinois,2012-13,6.1,166884,NULL,§,10099,Census
Hepatitis B,,States,New Hampshire,2025-26,88.2,11544,100,>=. *. �,NULL,Census
Hepatitis B,,States,Idaho,2025-26,82.1,21728,100,*,NULL,Census
Polio,,States,Delaware,2010-11,NA,NULL,NULL,NULL,NULL,NA
Polio,,States,Missouri,2010-11,NA,NULL,NULL,NULL,NULL,NA
Polio,,States,Montana,2010-11,NA,NULL,NULL,NULL,NULL,NA
Polio,,States,Nebraska,2010-11,NA,NULL,NULL,NULL,NULL,NA
Polio,,States,Nevada,2010-11,NA,NULL,NULL,NULL,NULL,NA
Polio,,States,New Hampshire,2010-11,NA,NULL,NULL,NULL,NULL,NA
Polio,,States,New Jersey,2010-11,NA,NULL,NULL,NULL,NULL,NA
Polio,,States,New Mexico,2010-11,NA,NULL,NULL,NULL,NULL,NA
Polio,,States,New York,2010-11,NA,NULL,NULL,NULL,NULL,NA
Polio,,States,North Carolina,2010-11,NA,NULL,NULL,NULL,NULL,NA
Polio,,States,North Dakota,2010-11,NA,NULL,NULL,NULL,NULL,NA
Polio,,States,Ohio,2010-11,NA,NULL,NULL,NULL,NULL,NA
Polio,,States,Oklahoma,2010-11,NA,NULL,NULL,NULL,NULL,NA
Polio,,States,Oregon,2010-11,NA,NULL,NULL,NULL,NULL,NA
Polio,,States,Pennsylvania,2010-11,NA,NULL,NULL,NULL,NULL,NA
Exemption,Any Exemption,States,Oregon,2012-13,6.5,47102,NULL,†,3082,Census
Exemption,Any Exemption,States,Connecticut,2012-13,1.7,41604,NULL,†,725,Census
Exemption,Any Exemption,States,Nebraska,2012-13,1.7,24999,NULL,†,418,Census
Exemption,Any Exemption,States,Iowa,2012-13,1.7,41701,NULL,†,688,Census
Exemption,Any Exemption,States,District of Columbia,2012-13,1.6,7842,NULL,NULL,128,Census
Exemption,Any Exemption,States,Minnesota,2012-13,1.6,73310,NULL,§,1181,Census
Exemption,Any Exemption,States,Massachusetts,2012-13,1.5,79661,NULL,†,1216,Census
Exemption,Any Exemption,States,New Jersey,2012-13,1.4,122516,NULL,†,1719,Census
Polio,,States,Washington,2010-11,NA,NULL,NULL,NULL,NULL,NA
Polio,,States,West Virginia,2010-11,NA,NULL,NULL,NULL,NULL,NA
Polio,,States,Wisconsin,2010-11,NA,NULL,NULL,NULL,NULL,NA
Polio,,States,Wyoming,2010-11,NA,NULL,NULL,NULL,NULL,NA
Polio,,States,Illinois,2010-11,NA,NULL,NULL,NULL,NULL,NA
Polio,,States,Arizona,2010-11,NA,NULL,NULL,NULL,NULL,NA
Polio,,States,Alaska,2010-11,NA,NULL,NULL,NULL,NULL,NA
Polio,,States,Minnesota,2011-12,95.8,71213,99.2,NULL,NULL,Census
Polio,,States,Michigan,2011-12,95.9,124962,100,*,NULL,Census
Exemption,Any Exemption,States,Oregon,2011-12,5.9,45855,NULL,†,2728,Census
Exemption,Any Exemption,States,Alaska,2011-12,7,10286,NULL,†,53,Non-random Cluster Sample
Exemption,Any Exemption,States,Nebraska,2011-12,1.5,26715,NULL,†,377,Census
Exemption,Any Exemption,States,Massachusetts,2011-12,1.4,79551,NULL,†,1067,Census
Exemption,Any Exemption,States,Connecticut,2011-12,1.3,45695,NULL,†,609,Census
Exemption,Any Exemption,States,Georgia,2011-12,1.3,143065,NULL,†,59,2-stage Cluster Sample
Exemption,Any Exemption,States,Kansas,2011-12,1.3,38402,NULL,†,494,Census
Exemption,Any Exemption,States,New Jersey,2011-12,1.3,118669,NULL,†,1504,Census
Exemption,Any Exemption,States,Indiana,2011-12,1.2,83416,NULL,†,651,Voluntary Response
Exemption,Any Exemption,States,South Dakota,2011-12,1.2,12127,NULL,†,150,Census
Exemption,Any Exemption,States,Oklahoma,2011-12,1.1,52987,NULL,NULL,548,Census
Exemption,Any Exemption,States,South Carolina,2011-12,1.1,59307,NULL,†,64,1-stage Cluster Sample
Exemption,Any Exemption,States,West Virginia,2013-14,0.2,22814,NULL,‡. †,35,Voluntary response
Exemption,Any Exemption,States,Virginia,2013-14,0.6,105692,NULL,†,619,2-stage cluster  sample
Exemption,Any Exemption,States,Alabama,2013-14,0.7,76927,NULL,†. ¶,517,Census
Exemption,Any Exemption,States,Louisiana,2013-14,0.8,63976,NULL,NULL,505,Census
Exemption,Any Exemption,States,New York,2013-14,0.8,240318,NULL,†,1849,Census
Exemption,Any Exemption,States,Delaware,2013-14,0.8,11997,NULL,†,92,Stratified  2-stage cluster sample
Exemption,Any Exemption,States,Kentucky,2013-14,0.9,57857,NULL,†,505,Census
Exemption,Any Exemption,States,Maryland,2013-14,1,75659,NULL,†,758,Census
Exemption,Any Exemption,States,North Carolina,2013-14,1,126084,NULL,†,1266,Census
Exemption,Any Exemption,States,Rhode Island,2013-14,1,11521,NULL,†,114,Census
Exemption,Any Exemption,States,Tennessee,2013-14,1.1,80212,NULL,†,906,Census
Exemption,Any Exemption,States,New Mexico,2013-14,1.1,30725,NULL,†,349,Stratified  2-stage cluster sample
Polio,,States,Tennessee,2011-12,97.3,83950,99.9,≥,NULL,Census
Polio,,States,New Mexico,2011-12,97.6,29159,2,NULL,NULL,2-stage Cluster Sample
Polio,,States,Connecticut,2011-12,97.7,45695,100,*,NULL,Census
Polio,,States,Utah,2011-12,98.1,53800,100,*,NULL,Census
Polio,,States,Nevada,2011-12,98.3,36557,5.2,NULL,NULL,2-stage Cluster Sample
Polio,,States,New York,2011-12,98.4,236016,100,*,NULL,Census
Polio,,States,Mississippi,2011-12,99.2,44912,100,≥. *,NULL,Census
Polio,,States,Texas,2011-12,99.3,388178,100,*,NULL,Census
Polio,,States,Kentucky,2009-10,94.1,56526,92.9,NULL,NULL,Census
Polio,,States,Oregon,2009-10,94.3,44676,100,*,NULL,Census
Polio,,States,Pennsylvania,2009-10,94.4,149656,100,*,NULL,Census
Polio,,States,Minnesota,2009-10,94.8,70653,100,*,NULL,Census
Polio,,States,Georgia,2009-10,100,141949,1.2,NULL,NULL,Random sample
Polio,,States,Maryland,2009-10,99.8,75061,75,NULL,NULL,Voluntary response
Polio,,States,Indiana,2010-11,NA,NULL,NULL,NULL,NULL,NA
Polio,,States,Iowa,2010-11,NA,NULL,NULL,NULL,NULL,NA
Polio,,States,Idaho,2010-11,NA,NULL,NULL,NULL,NULL,NA
Polio,,States,Kansas,2010-11,NA,NULL,NULL,NULL,NULL,NA
Polio,,States,Kentucky,2010-11,NA,NULL,NULL,NULL,NULL,NA
Polio,,States,Alabama,2010-11,NA,NULL,NULL,NULL,NULL,NA
Polio,,States,Arkansas,2010-11,NA,NULL,NULL,NULL,NULL,NA
Polio,,States,Louisiana,2010-11,NA,NULL,NULL,NULL,NULL,NA
Polio,,States,Hawaii,2010-11,NA,NULL,NULL,NULL,NULL,NA
Polio,,States,California,2010-11,NA,NULL,NULL,NULL,NULL,NA
Polio,,States,Maine,2010-11,NA,NULL,NULL,NULL,NULL,NA
Polio,,States,Maryland,2010-11,NA,NULL,NULL,NULL,NULL,NA
Polio,,States,Georgia,2010-11,NA,NULL,NULL,NULL,NULL,NA
Polio,,States,Massachusetts,2010-11,NA,NULL,NULL,NULL,NULL,NA
Polio,,States,Michigan,2010-11,NA,NULL,NULL,NULL,NULL,NA
Polio,,States,Florida,2010-11,NA,NULL,NULL,NULL,NULL,NA
Polio,,States,Colorado,2010-11,NA,NULL,NULL,NULL,NULL,NA
Polio,,States,Minnesota,2010-11,NA,NULL,NULL,NULL,NULL,NA
Polio,,States,Mississippi,2010-11,NA,NULL,NULL,NULL,NULL,NA
Polio,,States,Connecticut,2010-11,NA,NULL,NULL,NULL,NULL,NA
Polio,,States,District of Columbia,2010-11,NA,NULL,NULL,NULL,NULL,NA
Polio,,States,Kentucky,2011-12,95,58185,91.8,NULL,NULL,Census
Polio,,States,Pennsylvania,2011-12,95.5,148042,99,NULL,NULL,Census
Polio,,States,Montana,2011-12,95.7,12128,100,*,NULL,Census
Polio,,States,Minnesota,2012-13,96.7,73310,100,*. ‡,NULL,Census
Polio,,States,Ohio,2012-13,96.5,163687,86.9,NULL,NULL,Census
Polio,,States,West Virginia,2012-13,96.3,22588,86.5,NULL,NULL,Voluntary Response
Polio,,States,Delaware,2012-13,95.7,11997,7.8,≥,NULL,2-stage Cluster Sample
Polio,,States,Rhode Island,2012-13,95.5,12552,75.2,‡,NULL,Voluntary Response
Exemption,Any Exemption,States,Vermont,2012-13,6.1,6792,NULL,NULL,415,Census
Polio,,States,Washington,2016-17,90.6,87142,98.2,§,NULL,Census
Polio,,States,Nevada,2016-17,90.4,36885,3.7,NULL,NULL,Stratified 2-stage cluster sample
Polio,,States,Idaho,2016-17,90.3,22589,100,*,NULL,Census
Polio,,States,Indiana,2016-17,89.5,83263,80.3,NULL,NULL,Voluntary response
Polio,,States,Arkansas,2016-17,89,39666,75.9,‡,NULL,Voluntary response
Polio,,States,Kansas,2016-17,88.2,38298,22.9,†.‡.§,NULL,Stratified 2-stage cluster sample
Polio,,States,Colorado,2016-17,86.1,64440,100,*,NULL,Census
Exemption,Any Exemption,States,Indiana,2012-13,1.3,86983,NULL,†,1129,Voluntary Response
Exemption,Any Exemption,States,Oklahoma,2012-13,1.3,56943,NULL,NULL,738,Census
Exemption,Any Exemption,States,West Virginia,2012-13,1.2,22588,NULL,‡. †,262,Voluntary Response
Exemption,Any Exemption,States,Tennessee,2012-13,1.2,85801,NULL,†,1066,Census
Exemption,Any Exemption,States,Kansas,2012-13,1.1,40738,NULL,†,436,Census
Exemption,Any Exemption,States,Rhode Island,2012-13,1.1,12552,NULL,†,139,Voluntary Response
Exemption,Any Exemption,States,Arkansas,2012-13,1.1,43212,NULL,NULL,458,Census
Exemption,Any Exemption,States,Maryland,2012-13,1,75007,NULL,†,731,Voluntary Response
Exemption,Any Exemption,States,North Carolina,2012-13,0.8,130612,NULL,†. *,1032,Census
Exemption,Any Exemption,States,Kentucky,2012-13,0.7,58466,NULL,†,414,Census
Exemption,Any Exemption,States,Louisiana,2012-13,0.7,68874,NULL,NULL,458,Census
Exemption,Any Exemption,States,Delaware,2012-13,0.7,11997,NULL,†,7,2-stage Cluster Sample
Exemption,Any Exemption,States,New York,2012-13,0.7,239484,NULL,†. *,1666,Census
Exemption,Any Exemption,States,Alabama,2012-13,0.7,72929,NULL,†. ¶,501,Census
Exemption,Any Exemption,States,Virginia,2012-13,0.5,104826,NULL,†,474,2-stage Cluster Sample
Exemption,Any Exemption,States,New Mexico,2012-13,0.4,29279,NULL,†,47,2-stage Cluster Sample
Exemption,Any Exemption,States,Mississippi,2012-13,0.1,46595,NULL,<. ‡. †,23,Census
Exemption,Any Exemption,States,Texas,2012-13,NA,414688,NULL,§,NULL,Census
Exemption,Any Exemption,States,South Carolina,2012-13,NA,61799,NULL,NULL,NULL,Not conducted
Exemption,Any Exemption,States,Nebraska,2013-14,1.7,27000,NULL,†,465,Census
Exemption,Any Exemption,States,Minnesota,2013-14,1.7,72087,NULL,§,1225,Census
Exemption,Any Exemption,States,Iowa,2013-14,1.7,43728,NULL,†,726,Census
Exemption,Any Exemption,States,Wyoming,2013-14,NA,NULL,NULL,NULL,NULL,Not conducted
Exemption,Any Exemption,States,Texas,2013-14,NA,409255,NULL,§,NULL,Census
Exemption,Any Exemption,States,Mississippi,2013-14,0.1,45719,NULL,<. ‡. †,17,Census
Polio,,States,Ohio,2011-12,96.2,146144,94.5,NULL,NULL,Convenient
Polio,,States,Illinois,2011-12,96.2,163311,100,*,NULL,Census
Polio,,States,South Carolina,2011-12,96.7,59307,10.7,NULL,NULL,1-stage Cluster Sample
Polio,,States,Georgia,2011-12,96.7,143065,1.9,NULL,NULL,2-stage Cluster Sample
Polio,,States,Kansas,2011-12,96.9,38402,52.7,†,NULL,Stratified 1-stage sample  (Public);  Census (Private)
Polio,,States,Delaware,2011-12,96.9,11327,7.4,≥,NULL,2-stage Cluster Sample
Polio,,States,Wisconsin,2011-12,96.9,70672,2.3,NULL,NULL,2-stage Cluster Sample
Polio,,States,Missouri,2011-12,97.2,75240,4.7,NULL,NULL,2-stage Cluster Sample
Polio,,States,South Dakota,2011-12,97.2,12127,100,*,NULL,Census
Polio,,States,Hawaii,2017-18,95.3,16325,6.6,NULL,NULL,Stratified 2-stage cluster sample
Polio,,States,Wyoming,2017-18,NA,NULL,NULL,NULL,NULL,Not conducted
Polio,,States,Colorado,2017-18,88.6,65718,100,*,NULL,Census
Polio,,States,Kansas,2017-18,88.8,38484,23.1,†.‡.§,NULL,Stratified 2-stage cluster sample
Polio,,States,Washington,2017-18,89.9,85118,96.9,§,NULL,Census
Polio,,States,Idaho,2017-18,89.9,22553,99,NULL,NULL,Census
Polio,,States,Nebraska,2011-12,99.5,26715,96.6,NULL,NULL,Census
Polio,,States,Louisiana,2011-12,99.6,69013,100,*,NULL,Census
Polio,,States,Maryland,2011-12,99.7,72957,67.2,NULL,NULL,Voluntary Response
Polio,,States,New Jersey,2011-12,NA,118669,96.6,NULL,NULL,Census
Polio,,States,North Carolina,2011-12,NA,128854,95.4,NULL,NULL,Census
Polio,,States,Hawaii,2011-12,NA,19443,7.7,NULL,NULL,2-stage Cluster Sample
Polio,,States,District of Columbia,2011-12,NA,6854,100,*,NULL,Census
Polio,,States,Wyoming,2011-12,NA,NULL,NULL,NULL,NULL,Not conducted
Polio,,States,Alaska,2011-12,NA,10286,7.3,NULL,NULL,Non-random Cluster Sample
Polio,,States,New Hampshire,2011-12,NA,13022,100,*,NULL,Census
Polio,,States,Arkansas,2011-12,84.3,38754,92.2,NULL,NULL,Census
Polio,,States,Colorado,2011-12,87.4,70142,0.5,NULL,NULL,Simple Random Sample
Polio,,States,Idaho,2011-12,89.6,22762,100,*,NULL,Census
Polio,,States,Indiana,2011-12,90.4,83416,67.5,NULL,NULL,Voluntary Response
Polio,,States,North Dakota,2011-12,90.6,8412,5.8,¶,NULL,Convenient
Polio,,States,Washington,2011-12,91,85134,89.1,NULL,NULL,Voluntary Response
Polio,,States,Iowa,2011-12,91.1,40978,100,≥. *,NULL,Census
Polio,,States,West Virginia,2011-12,92.6,22449,94.9,NULL,NULL,Convenient
Polio,,States,Florida,2011-12,92.6,225532,100,≥. * .§,NULL,Census
Polio,,States,Rhode Island,2011-12,92.6,12552,13.9,NULL,NULL,2-stage Cluster Sample
Polio,,States,Vermont,2011-12,92.7,6548,100,*,NULL,Census
Polio,,States,Virginia,2011-12,93,101121,4.3,NULL,NULL,2-stage Cluster Sample
Polio,,States,California,2011-12,93.2,542544,97.6,NULL,NULL,Census
Polio,,States,Massachusetts,2011-12,93.3,79551,97.5,NULL,NULL,Census
Polio,,States,Alabama,2011-12,93.6,73190,100,≥. * .**,NULL,Census
Polio,,States,Oregon,2011-12,94,45855,100,*,NULL,Census
Polio,,States,Oklahoma,2011-12,94.6,52987,90.9,¶,NULL,Census
Polio,,States,Arizona,2011-12,94.9,88293,96.9,NULL,NULL,Census
Polio,,States,Illinois,2016-17,94.8,151309,97.7,NULL,NULL,Census
Polio,,States,New Mexico,2016-17,95.1,27119,4.5,NULL,NULL,Stratified 2-stage cluster sample
Polio,,States,Missouri,2016-17,95.6,73355,100,*,NULL,Census
Polio,,States,Rhode Island,2016-17,95.8,11100,98.4,‡.§,NULL,Census
Polio,,States,Kentucky,2016-17,92.7,51487,92.9,‡.§,NULL,Census
Polio,,States,Iowa,2016-17,92.6,39587,100,≥.*,NULL,Census
Polio,,States,Alaska,2016-17,91.8,9815,7.6,†.§,NULL,Stratified 2-stage cluster sample
Polio,,States,New Hampshire,2016-17,91.5,12145,100,≥.*,NULL,Census
Polio,,States,Nebraska,2019-20,97.4,26893,96.7,‡.‡‡,NULL,Census
Polio,,States,Rhode Island,2019-20,97.5,11219,98.5,*.‡.§,NULL,Census
Polio,,States,Louisiana,2019-20,98,59685,100,*,NULL,Census
Polio,,States,Maryland,2019-20,98.4,72443,98.3,‡,NULL,Census (public). voluntary response (private)
Polio,,States,West Virginia,2019-20,99,17114,49.6,¶,NULL,Voluntary response
Polio,,States,Wyoming,2016-17,NA,NULL,NULL,NULL,NULL,Not conducted
Polio,,States,Oklahoma,2016-17,NA,52184,0,‡.¶,NULL,Census
Polio,,States,Louisiana,2016-17,97.1,55257,100,*,NULL,Census
Polio,,States,New York,2016-17,97.1,227050,100,*,NULL,Census
Polio,,States,Pennsylvania,2016-17,97.2,143888,84.4,NULL,NULL,Voluntary response
Polio,,States,California,2016-17,97.3,575305,97.8,‡,NULL,Census
Polio,,States,Texas,2016-17,97.3,389999,99,‡.§,NULL,Census
Polio,,States,Nebraska,2016-17,97.6,27117,100,*.‡.‡‡,NULL,Census
Polio,,States,Maryland,2016-17,98.5,71467,98.1,‡,NULL,Census
Polio,,States,Mississippi,2016-17,99.4,40509,100,≥.*,NULL,Census
Polio,,States,Delaware,2016-17,99.4,11490,9.3,NULL,NULL,Stratified 2-stage cluster sample
Polio,,States,Tennessee,2016-17,96.8,78169,100,*.§,NULL,Census
Polio,,States,Connecticut,2016-17,96.8,39002,100,*,NULL,Census
Polio,,States,Massachusetts,2016-17,96.6,70109,100,*.‡,NULL,Census
Polio,,States,New Jersey,2016-17,96.5,109577,100,≥.*,NULL,Census
Polio,,States,South Carolina,2016-17,96.5,59177,8.9,NULL,NULL,Stratified 1-stage cluster sample
Polio,,States,Oregon,2017-18,92.7,45818,100,*.‡,NULL,Census
Polio,,States,Alabama,2017-18,92.7,57245,100,≥.*,NULL,Census
Polio,,States,Indiana,2017-18,92.7,84296,96.4,NULL,NULL,Voluntary Response
Polio,,States,Alaska,2017-18,92.9,9692,84.4,†.§,NULL,Stratified 2-stage cluster sample
Polio,,States,Minnesota,2017-18,93,69807,98.1,§,NULL,Census
Polio,,States,Iowa,2017-18,93,39632,100,≥.*,NULL,Census
Polio,,States,Mississippi,2017-18,99.4,39284,100,≥.*,NULL,Census
Polio,,States,West Virginia,2017-18,98.2,19519,79.3,¶,NULL,Voluntary response
Polio,,States,Maryland,2017-18,98.1,68528,98.5,‡,NULL,Census
Polio,,States,Delaware,2017-18,97.1,10988,9.5,NULL,NULL,Stratified 2-stage cluster sample
Polio,,States,South Carolina,2017-18,97,58458,27,NULL,NULL,Stratified 1-stage cluster sample
Polio,,States,North Carolina,2017-18,97,127197,90.9,‡.§,NULL,Census
Polio,,States,Maine,2011-12,96.1,13829,97,NULL,NULL,Census
Polio,,States,Nevada,2017-18,93.8,37178,4.8,NULL,NULL,Stratified 2-stage cluster sample
Polio,,States,Montana,2017-18,93.8,12188,100,*,NULL,Census
Polio,,States,Florida,2017-18,93.7,222397,100,≥.*.§,NULL,Census
Polio,,States,Oklahoma,2017-18,93.7,53898,92.1,§,NULL,Census (public). voluntary response (private)
Polio,,States,Virginia,2017-18,93.5,100581,4.4,†,NULL,Stratified 2-stage cluster sample
Polio,,States,Utah,2017-18,93.5,48827,100,*,NULL,Census
Polio,,States,Georgia,2017-18,93.4,131459,100,≥.*,NULL,Census
Polio,,States,Illinois,2017-18,95.1,144858,100,*,NULL,Census
Polio,,States,Connecticut,2020-21,95.2,34396,100,*,NULL,Census
Polio,,States,North Carolina,2020-21,95.2,120995,89,‡.§,NULL,Census (public). voluntary response (private)
Polio,,States,California,2020-21,95.2,498214,97.5,‡,NULL,Census
Polio,,States,Alabama,2020-21,94.7,56974,100,>=.*,NULL,Census
Polio,,States,Arkansas,2017-18,91.3,39630,95.4,‡,NULL,Census
Polio,,States,Ohio,2017-18,92.3,138753,94.9,NULL,NULL,Census
Polio,,States,Wisconsin,2017-18,92.4,66178,2.3,†.‡.§,NULL,Stratified 2-stage cluster sample
Polio,,States,New Hampshire,2017-18,92.4,12165,100,≥,NULL,Census
Polio,,States,Ohio,2018-19,92,139679,94.9,NULL,NULL,Census (public). voluntary response (private)
Polio,,States,Wisconsin,2018-19,92.3,66344,2.3,†.‡.§,NULL,Stratified 2-stage cluster sample
Polio,,States,Vermont,2018-19,92.5,6126,100,*,NULL,Census
Polio,,States,Utah,2018-19,92.6,50179,100,*,NULL,Census
Polio,,States,Oregon,2018-19,92.7,45870,100,*.‡,NULL,Census
Polio,,States,Minnesota,2018-19,92.8,70085,98.1,§,NULL,Census
Polio,,States,Hawaii,2018-19,92.8,16051,6.7,NULL,NULL,Stratified 2-stage cluster sample
Polio,,States,Connecticut,2018-19,96,38230,100,*,NULL,Census
Polio,,States,South Dakota,2018-19,95.9,12062,99.9,NULL,NULL,Census
Polio,,States,Nevada,2018-19,95.4,37971,4.8,NULL,NULL,Stratified 2-stage cluster sample
Polio,,States,Wyoming,2018-19,95.3,7734,100,*,NULL,Census
Polio,,States,Michigan,2018-19,95.2,118632,100,*,NULL,Census
Polio,,States,South Carolina,2018-19,95,58442,27,NULL,NULL,Stratified 1-stage cluster sample
Polio,,States,New Jersey,2018-19,95,109161,100,≥.*,NULL,Census
Polio,,States,Missouri,2018-19,95,72687,100,*,NULL,Census
Polio,,States,Maine,2016-17,96.1,13834,90.1,NULL,NULL,Voluntary response (public). census (private)
Polio,,States,Minnesota,2016-17,93.7,69140,96.7,§,NULL,Census
Polio,,States,Alabama,2016-17,93.8,58394,100,≥.*,NULL,Census
Polio,,States,Wisconsin,2016-17,93.8,67607,2.2,†.‡.§,NULL,Stratified 2-stage cluster sample
Polio,,States,Utah,2016-17,93.9,49073,100,*,NULL,Census
Polio,,States,North Dakota,2016-17,94,9799,98.7,NULL,NULL,Census
Polio,,States,Florida,2016-17,94.1,224463,100,≥.*.§,NULL,Census
Polio,,States,Montana,2016-17,94.2,11956,100,*,NULL,Census
Polio,,States,Arizona,2016-17,94.4,83627,100,*,NULL,Census
Polio,,States,Hawaii,2016-17,94.5,16325,6.7,NULL,NULL,Stratified 2-stage cluster sample
Polio,,States,Delaware,2018-19,98.1,10798,9.5,NULL,NULL,Stratified 2-stage cluster sample
Polio,,States,Maryland,2018-19,97.9,71431,100,‡,NULL,Census
Polio,,States,Rhode Island,2018-19,97.6,10964,100,*.‡.§,NULL,Census
Polio,,States,Nebraska,2018-19,97.5,26925,98.6,‡.‡‡,NULL,Census
Polio,,States,Massachusetts,2018-19,96.9,65279,100,*.‡,NULL,Census
Polio,,States,New York,2019-20,97.2,234165,99.9,NULL,NULL,Census
Polio,,States,New Mexico,2019-20,96.9,23087,100,*,NULL,Census
Polio,,States,Texas,2019-20,96.8,398680,99.6,‡.§,NULL,Census
Polio,,States,Massachusetts,2019-20,97.3,66756,100,*.‡,NULL,Census
Polio,,States,Wyoming,2019-20,94.7,7913,100,*,NULL,Census
Polio,,States,North Dakota,2019-20,94.6,10587,99.5,NULL,NULL,Census
Polio,,States,Maine,2019-20,94.2,13450,99.6,NULL,NULL,Census
Polio,,States,Mississippi,2019-20,99.1,37870,100,≥.*,NULL,Census
Polio,,States,California,2019-20,96.6,566155,97.9,‡,NULL,Census
Polio,,States,Tennessee,2019-20,96.5,80595,100,*.§,NULL,Census
Polio,,States,Pennsylvania,2019-20,96.5,140197,98.8,NULL,NULL,Census
Polio,,States,Illinois,2019-20,96.5,145891,100,*,NULL,Census
Polio,,States,Connecticut,2019-20,96.3,38888,100,*,NULL,Census
Polio,,States,South Dakota,2019-20,96,12367,99.8,NULL,NULL,Census
Polio,,States,New Jersey,2019-20,95.9,107900,100,≥.*,NULL,Census
Polio,,States,North Carolina,2019-20,95.5,124548,97.8,‡.§,NULL,Census
Polio,,States,South Carolina,2019-20,95.4,65938,27.5,†,NULL,Stratified 1-stage cluster sample
Polio,,States,New York,2017-18,97,226456,100,*,NULL,Census
Polio,,States,Texas,2017-18,96.9,387981,99.4,‡.§,NULL,Census
Polio,,States,California,2017-18,96.8,574702,100,‡,NULL,Census
Polio,,States,Nebraska,2017-18,96.7,26313,98.6,‡.‡‡,NULL,Census
Polio,,States,Tennessee,2017-18,96.7,78743,100,*.§,NULL,Census
Polio,,States,Pennsylvania,2017-18,96.5,141571,93.3,NULL,NULL,Voluntary response
Polio,,States,South Dakota,2017-18,96.5,12125,99.9,NULL,NULL,Census
Polio,,States,Connecticut,2017-18,96.5,39174,100,*,NULL,Census
Polio,,States,Massachusetts,2017-18,96.3,63377,100,*.‡,NULL,Census
Polio,,States,Rhode Island,2017-18,96.3,11025,100,*.‡.§,NULL,Census
Polio,,States,New Jersey,2017-18,96.1,107630,100,≥.*,NULL,Census
Polio,,States,Louisiana,2017-18,95.8,58277,100,*,NULL,Census
Polio,,States,Michigan,2017-18,95.7,119028,100,*,NULL,Census
Polio,,States,Missouri,2017-18,95.5,73113,100,*,NULL,Census
Polio,,States,Maine,2017-18,95.3,13255,95.9,NULL,NULL,Census
Polio,,States,New Mexico,2017-18,94.8,26896,99.6,NULL,NULL,Stratified 2-stage cluster sample
Polio,,States,North Dakota,2017-18,94.4,10365,99.4,NULL,NULL,Census
Polio,,States,Vermont,2017-18,94.1,6255,100,*,NULL,Census
Polio,,States,Kentucky,2017-18,94,55152,99,‡.§,NULL,Census
Polio,,States,Arizona,2017-18,93.9,81710,100,*,NULL,Census
Polio,,States,Tennessee,2020-21,96.5,73819,100,*.§,NULL,Census
Polio,,States,Nevada,2020-21,96.1,34171,94.7,NULL,NULL,Census (public). voluntary response (private)
Polio,,States,Delaware,2020-21,95.9,10587,9.2,NULL,NULL,Stratified 2-stage cluster sample
Polio,,States,Michigan,2020-21,95.9,106657,100,*,NULL,Census
Polio,,States,New Mexico,2020-21,95.7,20589,100,*,NULL,Census
Polio,,States,Massachusetts,2020-21,95.6,60724,100,*.‡,NULL,Census
Polio,,States,Pennsylvania,2020-21,95.4,129307,95,NULL,NULL,Census (public). voluntary response (private)
Polio,,States,South Carolina,2020-21,95.3,56330,26.5,†,NULL,Stratified 1-stage cluster sample
Polio,,States,Texas,2020-21,95.2,377840,98.9,‡.§,NULL,Census
Polio,,States,Oregon,2020-21,92,39568,100,*.‡,NULL,Census
Polio,,States,Utah,2020-21,91.3,46247,100,*,NULL,Census
Polio,,States,Oklahoma,2020-21,91.3,52656,90,‡.§,NULL,Census (public). voluntary response (private)
Polio,,States,New Hampshire,2020-21,90.8,10242,57,>=. §,NULL,Voluntary response
Polio,,States,Wyoming,2020-21,90.2,6923,100,>=.*,NULL,Census
Polio,,States,South Dakota,2020-21,94.5,11512,99.9,NULL,NULL,Census
Polio,,States,Illinois,2018-19,94.6,143876,100,*,NULL,Census
Polio,,States,Maine,2018-19,94.5,13419,95.9,NULL,NULL,Census
Polio,,States,Kentucky,2018-19,94.1,55587,99,‡.§,NULL,Census
Polio,,States,Florida,2018-19,93.8,224641,100,≥.*.§,NULL,Census
Polio,,States,North Dakota,2018-19,93.8,10382,99.4,NULL,NULL,Census
Polio,,States,Montana,2018-19,93.7,12480,100,*,NULL,Census
Polio,,States,Georgia,2018-19,93.6,131275,100,≥.*,NULL,Census
Polio,,States,Arkansas,2018-19,93.6,39257,95.4,‡,NULL,Census (public). voluntary response (private)
Polio,,States,Virginia,2018-19,93.5,100394,4.4,†,NULL,Stratified 2-stage cluster sample
Polio,,States,Iowa,2018-19,93.3,40624,100,≥.*,NULL,Census
Polio,,States,North Carolina,2018-19,93.3,124343,90.9,‡.§,NULL,Census (public). voluntary response (private)
Polio,,States,Arizona,2018-19,93.2,79981,100,*,NULL,Census
Polio,,States,Oklahoma,2018-19,93,54806,92.1,§,NULL,Census (public). voluntary response (private)
Polio,,States,New Mexico,2018-19,96.1,25269,99.6,NULL,NULL,Census
Polio,,States,Pennsylvania,2018-19,96.2,143560,93.3,NULL,NULL,Census (public). voluntary response (private)
Polio,,States,Tennessee,2018-19,96.2,78630,100,*.§,NULL,Census
Polio,,States,California,2018-19,96.5,568947,97.7,‡,NULL,Census
Polio,,States,New York,2018-19,96.8,220495,100,*,NULL,Census
Polio,,States,Texas,2018-19,96.9,390034,99.4,‡.§,NULL,Census
Polio,,States,New Hampshire,2018-19,91.8,12421,100,≥,NULL,Census
Polio,,States,Indiana,2018-19,91.3,82324,96.4,NULL,NULL,Census
Polio,,States,Alabama,2018-19,90.6,77739,100,≥.*,NULL,Census
Polio,,States,Washington,2018-19,90.2,87510,96.9,§,NULL,Census
Polio,,States,Kansas,2018-19,89.3,37838,23.1,†.‡.§,NULL,Stratified 2-stage cluster sample
Polio,,States,Idaho,2018-19,89.1,22995,99,NULL,NULL,Census
Polio,,States,Colorado,2018-19,87.2,64191,100,*,NULL,Census
Polio,,States,Mississippi,2018-19,99.2,37775,100,≥.*,NULL,Census
Polio,,States,West Virginia,2018-19,98.8,19442,79.3,¶,NULL,Voluntary response
Polio,,States,Louisiana,2018-19,98.4,56203,100,*,NULL,Census
Polio,,States,New Jersey,2021-22,94.1,104240,100,>=. §. *,NULL,Census
Polio,,States,Texas,2021-22,94,389037,99.3,‡. §,NULL,Census
Polio,,States,Wyoming,2021-22,93.8,7382,100,*,NULL,Census
Polio,,States,South Dakota,2021-22,93.6,12251,100,*,NULL,Census
Polio,,States,Michigan,2019-20,95.3,120565,100,*,NULL,Census
Polio,,States,Nevada,2019-20,95,37724,99.9,NULL,NULL,Census
Polio,,States,Missouri,2019-20,94.9,72324,100,*,NULL,Census
Polio,,States,Ohio,2021-22,88.9,139077,91.9,NULL,NULL,"Census (pub.), vol. response (pvt.)"
Polio,,States,Colorado,2021-22,88.8,66900,97.5,NULL,NULL,Census
Polio,,States,New Hampshire,2021-22,88.7,12157,100,>=. §. *,NULL,Census
Polio,,States,TX-City of Houston,2021-22,88.3,40123,99.3,‡. §,NULL,Census
Polio,,States,Oklahoma,2019-20,94.1,55348,85.6,§,NULL,Voluntary response
Polio,,States,Kentucky,2019-20,94.1,59233,92.9,‡.§,NULL,Census
Polio,,States,Vermont,2019-20,94.1,6293,100,*,NULL,Census
Polio,,States,Montana,2019-20,93.8,12501,100,*,NULL,Census
Polio,,States,Kansas,2019-20,93.7,37865,34.3,†.‡.§,NULL,Stratified 2-stage cluster sample
Polio,,States,Wisconsin,2019-20,93.7,67391,2.6,†.‡.§,NULL,Stratified 2-stage cluster sample
Polio,,States,Florida,2019-20,93.5,228298,100,≥.*.§,NULL,Census
Polio,,States,Arkansas,2019-20,93.4,39510,96.2,‡,NULL,Census (public). voluntary response (private)
Polio,,States,Iowa,2019-20,93.2,40812,100,≥.*,NULL,Census
Polio,,States,Georgia,2019-20,93.1,130102,100,≥.*,NULL,Census
Polio,,States,Arizona,2019-20,93.1,83976,98.7,NULL,NULL,Census (public). voluntary response (private)
Polio,,States,Oregon,2019-20,92.8,45959,100,*.‡,NULL,Census
Polio,,States,Washington,2019-20,92.8,87757,91.9,§,NULL,Census
Polio,,States,Minnesota,2019-20,92.8,71223,98.7,§,NULL,Census
Polio,,States,Ohio,2019-20,92.7,139103,98.8,NULL,NULL,Census
Polio,,States,Virginia,2019-20,92.7,99399,1.2,†,NULL,Stratified 2-stage cluster sample
Polio,,States,District of Columbia,2019-20,NA,NULL,NULL,NULL,NULL,Not Conducted
Polio,,States,Delaware,2019-20,NA,NULL,NULL,NULL,NULL,Not Conducted
Polio,,States,Alaska,2019-20,NA,10381,82.7,§,NULL,Voluntary response
Polio,,States,Alabama,2019-20,86.6,59477,94.9,≥,NULL,Census
Polio,,States,Idaho,2019-20,89.1,23301,98.5,NULL,NULL,Census
Polio,,States,Indiana,2019-20,90.4,88253,65.7,NULL,NULL,Voluntary response
Polio,,States,Colorado,2019-20,90.6,69088,98.2,NULL,NULL,Census
Polio,,States,New Hampshire,2019-20,91.5,12447,100,≥.*,NULL,Census
Polio,,States,Hawaii,2019-20,91.6,15695,8.9,NULL,NULL,Stratified 2-stage cluster sample
Polio,,States,Utah,2019-20,92.5,49208,100,*,NULL,Census
Polio,,States,Mississippi,2020-21,98.9,34028,100,>=.*,NULL,Census
Polio,,States,Louisiana,2020-21,98.6,61912,100,*,NULL,Census
Polio,,States,New York,2020-21,97.9,216804,91.5,NULL,NULL,Census (public). voluntary response (private)
Polio,,States,Nebraska,2020-21,97,25681,94.8,‡,NULL,Census (public). voluntary response (private)
Polio,,States,Rhode Island,2020-21,96.9,10402,93,‡.§,NULL,Census
Polio,,States,NY-City of New York,2020-21,96.8,91920,94.2,NULL,NULL,Census (public). voluntary response (private)
Polio,,States,North Dakota,2020-21,93.2,10116,99.1,NULL,NULL,Census
Polio,,States,Missouri,2020-21,92.9,63093,100,*,NULL,Census
Polio,,States,Montana,2020-21,92.9,11279,100,*,NULL,Census
Polio,,States,Arkansas,2020-21,92.7,37540,95.6,‡,NULL,Census (public). voluntary response (private)
Polio,,States,Kansas,2020-21,92.5,34687,32.7,†.‡.§,NULL,Stratified 2-stage cluster sample
Polio,,States,Arizona,2020-21,92.3,76382,92.4,NULL,NULL,Census (public). voluntary response (private)
Polio,,States,Mississippi,2023-24,97.5,36105,100,>=. *,NULL,Census
Polio,,States,Maine,2023-24,97.4,12087,93,NULL,NULL,Census
Polio,,States,Maryland,2020-21,90.1,65764,75.6,‡,NULL,Voluntary response
Polio,,States,Kentucky,2020-21,90.1,59233,86.4,‡.§,NULL,Census (public). voluntary response (private)
Polio,,States,Indiana,2020-21,89.9,78694,71.4,§,NULL,Voluntary response
Polio,,States,Colorado,2020-21,89.8,63619,97.3,NULL,NULL,Census
Polio,,States,Minnesota,2020-21,89.7,66007,95.2,NULL,NULL,Census
Polio,,States,Ohio,2020-21,89.4,128535,91.1,NULL,NULL,Census (public). voluntary response (private)
Polio,,States,Georgia,2020-21,88.5,83191,100,>=.*,NULL,Census
Polio,,States,Hawaii,2020-21,88.4,13074,9.3,NULL,NULL,Stratified 2-stage cluster sample
Polio,,States,Wisconsin,2020-21,87.2,63486,84.5,>=.†.‡.§,NULL,Voluntary response
Polio,,States,Idaho,2020-21,86.6,22677,98.3,NULL,NULL,Census
Polio,,States,TX-City of Houston,2020-21,83.4,39627,94.9,‡.§,NULL,Census (public). voluntary response (private)
Polio,,States,District of Columbia,2020-21,80.4,8262,100,*,NULL,Census
Polio,,States,Illinois,2020-21,NR,NULL,NULL,NULL,NULL,Not Conducted
Polio,,States,West Virginia,2020-21,NR,NULL,NULL,NULL,NULL,Not Conducted
Polio,,States,Washington,2020-21,93.4,74931,100,§,NULL,Census
Polio,,States,Florida,2020-21,93.3,207026,100,>=.*,NULL,Census
Polio,,States,Nebraska,2021-22,97.6,25018,99.5,‡,NULL,Census
Polio,,States,New York,2021-22,97.4,195377,99.3,NULL,NULL,Census
Polio,,States,Rhode Island,2021-22,97.1,11002,96.9,‡. §,NULL,Census
Polio,,States,Delaware,2021-22,97.1,11181,9.5,‡,NULL,Stratified 2-stage cluster sample
Polio,,States,West Virginia,2021-22,96.6,18070,85.5,‡. §,NULL,Vol. response
Polio,,States,Maine,2021-22,96.5,12881,91.6,NULL,NULL,Census
Polio,,States,NY-City of New York,2021-22,96.4,82938,99.8,NULL,NULL,Census
Polio,,States,California,2021-22,96.2,512144,98.4,‡,NULL,Census
Polio,,States,North Carolina,2021-22,96.1,118191,78.5,§. ‡,NULL,Vol. response
Polio,,States,Massachusetts,2021-22,96,65582,100,*. ‡,NULL,Census
Polio,,States,Connecticut,2021-22,96,35451,100,*,NULL,Census
Polio,,States,Tennessee,2021-22,95.4,79120,100,§. *,NULL,Census
Polio,,States,Pennsylvania,2021-22,95.1,139558,94.9,NULL,NULL,"Census (pub.), vol. response (pvt.)"
Polio,,States,Alabama,2021-22,94.9,60332,100,>=. *,NULL,Census
Polio,,States,Maryland,2021-22,94.8,53866,98.4,‡,NULL,Census
Polio,,States,Michigan,2021-22,94.8,114251,100,*,NULL,Census
Polio,,States,Virginia,2021-22,94.7,95996,2.8,†,NULL,Stratified 2-stage cluster sample
Polio,,States,New Mexico,2021-22,94.3,20736,100,*,NULL,Census
Polio,,States,Arkansas,2021-22,91.4,39358,96.3,NULL,NULL,"Census (pub.), vol. response (pvt.)"
Polio,,States,Arizona,2021-22,90.9,83463,97,NULL,NULL,Census
Polio,,States,Iowa,2021-22,90.6,40111,100,>=. *,NULL,Census
Polio,,States,Utah,2021-22,90,48995,100,*,NULL,Census
Polio,,States,Minnesota,2021-22,89.3,69403,98.7,NULL,NULL,Census
Polio,,States,Indiana,2021-22,89.3,83198,75.1,§,NULL,Vol. response
Polio,,States,Virginia,2024-25,95.1,91453,1.7,†,NULL,Stratified 2-stage cluster sample
Polio,,States,Nebraska,2024-25,96,24102,100,*. ‡,NULL,Census
Polio,,States,Kentucky,2021-22,87.8,59233,91.5,>=. ‡. §,NULL,Census
Polio,,States,District of Columbia,2021-22,84.7,8959,100,*,NULL,Census
Polio,,States,Idaho,2021-22,84,23854,99.6,NULL,NULL,Census
Polio,,States,Georgia,2021-22,83.2,118742,100,>=. *,NULL,Census
Polio,,States,Wisconsin,2021-22,82.6,64275,96.8,>=. ‡,NULL,"Census (pub.), vol. response (pvt.)"
Polio,,States,Louisiana,2021-22,97.6,66518,100,*,NULL,Census
Polio,,States,Nebraska,2022-23,97,23176,100,*. ‡,NULL,Census
Polio,,States,Rhode Island,2022-23,96.9,10532,96.5,‡. §,NULL,Census
Polio,,States,Maine,2022-23,96.8,12403,93.9,NULL,NULL,Census
Polio,,States,NY-City of New York,2022-23,96.6,85379,97.6,NULL,NULL,"Census (pub.), vol. response (pvt.)"
Polio,,States,Massachusetts,2022-23,96.3,66041,100,*. ‡,NULL,Census
Polio,,States,California,2022-23,96.3,541132,100,‡,NULL,Census
Polio,,States,West Virginia,2022-23,95.6,19175,86.1,>=. ‡. §,NULL,"Vol. response (pub.), census (pvt.)"
Polio,,States,New Mexico,2022-23,95,21068,100,*,NULL,Census
Polio,,States,Tennessee,2022-23,95,79692,100,§. *,NULL,Census
Polio,,States,New Jersey,2022-23,94.3,104468,100,>=. §. *,NULL,Census
Polio,,States,Virginia,2022-23,94.2,93271,1.6,†,NULL,Stratified 2-stage cluster sample
Polio,,States,Pennsylvania,2022-23,94.1,137259,97.2,NULL,NULL,"Census (pub.), vol. response (pvt.)"
Polio,,States,Texas,2022-23,94.1,381680,98,‡. §,NULL,Census
Polio,,States,Delaware,2022-23,94,10674,9.7,‡,NULL,Stratified 2-stage cluster sample
Polio,,States,North Carolina,2022-23,93.9,125679,83.1,§. ‡,NULL,Vol. response
Polio,,States,Alabama,2022-23,93.9,59113,100,>=. *,NULL,Census
Polio,,States,Michigan,2022-23,93.7,113678,100,*,NULL,Census
Polio,,States,Vermont,2022-23,92.8,5816,100,*,NULL,Census
Polio,,States,Nevada,2022-23,92.8,34333,89.1,NULL,NULL,"Vol. response (pub.), census (pvt.)"
Polio,,States,South Carolina,2022-23,92.4,58878,28.1,†,NULL,Stratified 1-stage cluster sample
Polio,,States,South Dakota,2022-23,92.3,12081,100,*,NULL,Census
Polio,,States,Maryland,2022-23,97.2,59684,100,*. ‡,NULL,Census
Polio,,States,New Jersey,2020-21,94.3,100144,100,>=.*,NULL,Census
Polio,,States,Maine,2020-21,94.2,13477,85,NULL,NULL,Voluntary response (public). census (private)
Polio,,States,Virginia,2020-21,94.1,88273,2,†,NULL,Stratified 2-stage cluster sample
Polio,,States,Vermont,2020-21,93.7,5535,100,*,NULL,Census
Polio,,States,Iowa,2020-21,93.4,39141,100,>=.*,NULL,Census
Polio,,States,District of Columbia,2022-23,87.8,8064,100,*,NULL,Census
Polio,,States,Colorado,2022-23,87,65576,97.2,NULL,NULL,Census
Polio,,States,Hawaii,2022-23,87,13195,8.1,NULL,NULL,Stratified 2-stage cluster sample
Polio,,States,Idaho,2022-23,81.8,23721,99.3,NULL,NULL,Census
Polio,,States,Alaska,2022-23,84.4,9650,88.8,¶,NULL,"Vol. response (pub.), not conducted (pvt.)"
Polio,,States,West Virginia,2023-24,98.4,18261,82.8,‡. §,NULL,Vol. response
Polio,,States,Connecticut,2023-24,97.8,36184,100,*,NULL,Census
Polio,,States,Louisiana,2025-26,91.1,50223,100,*,NULL,Census
Polio,,States,Kentucky,2025-26,91.1,49937,100,*. �,NULL,Census
Polio,,States,Michigan,2025-26,91.5,104614,100,*. �,NULL,Census
Polio,,States,New York,2023-24,97.1,200894,98.8,NULL,NULL,Census
Polio,,States,Maryland,2023-24,97,63224,100,>=. *. ‡,NULL,Census
Polio,,States,Rhode Island,2023-24,96.7,10539,97.8,‡. §,NULL,Census
Polio,,States,Massachusetts,2023-24,96.2,65424,100,*. ‡,NULL,Census
Polio,,States,California,2023-24,96.1,569680,100,*. ‡,NULL,Census
Polio,,States,Nebraska,2023-24,95.7,23118,100,*. ‡,NULL,Census
Polio,,States,NY-City of New York,2023-24,95.7,85360,99.3,NULL,NULL,Census
Polio,,States,New Mexico,2023-24,95,20699,100,*,NULL,Census
Polio,,States,Louisiana,2023-24,95,51839,100,*,NULL,Census
Polio,,States,Tennessee,2023-24,94.6,79323,95.8,§,NULL,Census
Polio,,States,Texas,2023-24,94.2,381421,92.4,‡. §,NULL,"Census (pub.), vol. response (prv.)"
Polio,,States,Alabama,2023-24,93.8,54565,100,>=. *,NULL,Census
Polio,,States,North Carolina,2023-24,93.8,125964,90.8,§,NULL,"Census (pub.), vol. response (prv.)"
Polio,,States,Delaware,2023-24,93.8,11043,12.1,>=. ‡,NULL,Stratified 2-stage cluster sample
Polio,,States,TX-City of Houston,2023-24,93.6,37882,67.7,‡. §,NULL,Vol. response
Polio,,States,Pennsylvania,2023-24,93.4,137593,96.5,NULL,NULL,Census
Polio,,States,New Jersey,2023-24,93.2,105408,100,>=. §. *,NULL,Census
Polio,,States,Virginia,2023-24,93,92633,1.9,†,NULL,Stratified 2-stage cluster sample
Polio,,States,Michigan,2023-24,92.7,110156,100,*,NULL,Census
Polio,,States,Hawaii,2021-22,93.2,13368,6.7,NULL,NULL,Stratified 2-stage cluster sample
Polio,,States,Vermont,2021-22,93.1,6126,100,*,NULL,Census
Polio,,States,Alaska,2021-22,77.1,9790,76.2,¶,NULL,"Vol. response (pub.), not conducted (pvt.)"
Polio,,States,Mississippi,2021-22,98.6,36524,100,>=. *,NULL,Census
Polio,,States,Oregon,2021-22,92.3,41538,100,*. ‡,NULL,Census
Polio,,States,Nevada,2021-22,92.2,36855,99.2,NULL,NULL,"Census (pub.), vol. response (pvt.)"
Polio,,States,Kansas,2021-22,92.1,36526,29.5,†. ‡. §,NULL,Stratified 1-stage cluster sample
Polio,,States,South Carolina,2021-22,91.9,58276,27.2,†,NULL,1-stage cluster sample
Polio,,States,Oklahoma,2021-22,91.9,54042,84.3,‡,NULL,Vol. response
Polio,,States,Missouri,2021-22,91.9,71034,100,*,NULL,Census
Polio,,States,Illinois,2021-22,91.9,137699,100,*,NULL,Census
Polio,,States,Washington,2021-22,91.9,87256,97.3,§,NULL,"Census (pub.), vol. response (pvt.)"
Polio,,States,Florida,2021-22,91.7,229432,97.8,>=. §,NULL,Census
Polio,,States,North Dakota,2021-22,91.7,10755,96.6,NULL,NULL,Census
Polio,,States,Vermont,2024-25,93.5,5432,100,*,NULL,Census
Polio,,States,Tennessee,2024-25,94.2,78299,96.7,§,NULL,Census
Polio,,States,North Carolina,2024-25,94.2,124028,91,§,NULL,"Census (pub.), vol. response (prv.)"
Polio,,States,New Mexico,2024-25,94.9,20180,100,*,NULL,Census
Polio,,States,Delaware,2024-25,94.9,10393,14.2,‡,NULL,"2-stage cluster sample (pub.), nonrandom 2-stage cluster sample (prv.)"
Polio,,States,Wisconsin,2024-25,86.8,61120,95.7,‡. §,NULL,"Census (pub.), vol. response (prv.)"
Polio,,States,Minnesota,2024-25,87.5,64898,99.7,NULL,NULL,Census
Polio,,States,Colorado,2024-25,87.6,60055,100,*. §,NULL,Census
Polio,,States,Alabama,2024-25,96,53589,99.9,NULL,NULL,Census
Polio,,States,California,2024-25,96,590849,100,*. ‡,NULL,Census
Polio,,States,NY-City of New York,2024-25,96.4,85986,96.9,NULL,NULL,"Census (pub.), vol. response (prv.)"
Polio,,States,Massachusetts,2024-25,96.5,65581,100,*. ‡,NULL,Census
Polio,,States,Rhode Island,2024-25,96.7,10088,96.7,‡. §,NULL,Census
Polio,,States,Maryland,2024-25,96.9,66135,95.6,‡,NULL,"Census (pub.), vol. response (prv.)"
Polio,,States,Louisiana,2024-25,96.9,49229,100,*,NULL,Census
Polio,,States,Mississippi,2024-25,97.6,35293,100,>=. *,NULL,Census
Polio,,States,New York,2024-25,97.6,234054,85.1,NULL,NULL,Vol. response
Polio,,States,Maine,2024-25,97.7,11761,95.4,NULL,NULL,Census
Polio,,States,Connecticut,2024-25,98.3,30112,100,*,NULL,Census
Polio,,States,Connecticut,2022-23,97.3,35580,100,*,NULL,Census
Polio,,States,New York,2022-23,97.5,205906,96.6,NULL,NULL,"Census (pub.), vol. response (pvt.)"
Polio,,States,Louisiana,2022-23,98.3,54314,100,*,NULL,Census
Polio,,States,Mississippi,2022-23,98.4,36048,100,>=. *,NULL,Census
Polio,,States,Georgia,2022-23,88.1,123771,100,>=. *,NULL,Census
Polio,,States,Wisconsin,2022-23,88.2,63593,93.9,‡,NULL,"Census (pub.), vol. response (pvt.)"
Polio,,States,Minnesota,2022-23,88.6,68152,97.9,NULL,NULL,Census
Polio,,States,Indiana,2022-23,88.8,81307,87.5,§,NULL,"Vol. response (pub.), census (pvt.)"
Polio,,States,New Hampshire,2022-23,89.4,11332,100,>=. §. *,NULL,Census
Polio,,States,Ohio,2022-23,89.7,134893,93.7,NULL,NULL,"Census (pub.), vol. response (pvt.)"
Polio,,States,Iowa,2022-23,89.9,39178,100,>=. *,NULL,Census
Polio,,States,Utah,2022-23,89.9,46635,100,*,NULL,Census
Polio,,States,Wyoming,2022-23,90.1,7060,100,*,NULL,Census
Polio,,States,Washington,2022-23,90.2,86284,97.9,§,NULL,Census
Polio,,States,Arizona,2022-23,90.3,80814,97.7,NULL,NULL,Census
Polio,,States,Florida,2022-23,90.6,230309,97.7,>=,NULL,Census
Polio,,States,Arkansas,2022-23,90.7,38358,95.8,NULL,NULL,"Census (pub.), vol. response (pvt.)"
Polio,,States,TX-City of Houston,2022-23,91,37664,98.8,‡. §,NULL,"Census (pub.), vol. response (pvt.)"
Polio,,States,Oklahoma,2022-23,91,52548,89.5,‡,NULL,"Census (pub.), vol. response (pvt.)"
Polio,,States,Kentucky,2022-23,91.2,54742,96.9,>=. ‡. §,NULL,Census
Polio,,States,Illinois,2022-23,91.4,135332,100,*,NULL,Census
Polio,,States,Missouri,2022-23,91.5,69126,100,*,NULL,Census
Polio,,States,Oregon,2022-23,91.5,40963,100,*. ‡,NULL,Census
Polio,,States,North Dakota,2022-23,91.9,10554,99.4,NULL,NULL,Census
Polio,,States,Kansas,2022-23,92.2,35543,30.8,†. ‡. §,NULL,Stratified 1-stage cluster sample
Polio,,States,North Carolina,2025-26,93.6,120045,90.1,�,NULL,"Census (pub.), vol. response (prv.)"
Polio,,States,South Carolina,2025-26,93.6,57542,26.2,�,NULL,Stratified 1-stage cluster sample
Polio,,States,Nevada,2025-26,90.4,32815,93.6,NULL,NULL,"Census (pub.), vol. response (prv.)"
Varicella,UTD (or disease history),,,,,,,,,
Varicella,UTD (or disease history),,,,,,,,,
Varicella,UTD (or disease history),,,,,,,,,
Polio,,States,Wyoming,2025-26,91.8,6146,100,*,NULL,Census
Polio,,States,TX-City of Houston,2025-26,92.1,36071,94.6,�. �,NULL,"Census (pub.), vol. response (prv.)"
Polio,,States,South Carolina,2023-24,92.6,58069,26.7,†,NULL,Stratified 1-stage cluster sample
Polio,,States,Vermont,2023-24,92.6,5630,100,*,NULL,Census
Polio,,States,Wyoming,2023-24,92.5,6754,100,*,NULL,Census
Polio,,States,Idaho,2023-24,80.1,22376,100,*,NULL,Census
Polio,,States,Alaska,2023-24,84.4,8644,88.9,¶,NULL,"Census (pub.), not conducted (prv.)"
Polio,,States,Wisconsin,2023-24,86.3,62028,98.2,‡. §,NULL,Census
Polio,,States,Indiana,2023-24,87.6,80639,88.5,§,NULL,"Census (pub.), vol. response (prv.)"
Polio,,States,Colorado,2023-24,87.9,61662,100,*,NULL,Census
Polio,,States,Florida,2023-24,88.1,228213,100,>=. *,NULL,Census
Polio,,States,Minnesota,2023-24,88.1,66032,99.1,NULL,NULL,Census
Polio,,States,Utah,2023-24,88.2,46228,100,*,NULL,Census
Polio,,States,Georgia,2023-24,88.4,136943,100,>=. *,NULL,Census
Polio,,States,Iowa,2023-24,89.1,38611,100,>=. *,NULL,Census
Polio,,States,New Hampshire,2023-24,89.2,11871,100,>=. §. *,NULL,Census
Polio,,States,District of Columbia,2023-24,89.4,7874,100,*,NULL,Census
Polio,,States,Ohio,2023-24,89.6,133716,94,NULL,NULL,"Census (pub.), vol. response (prv.)"
Polio,,States,Arizona,2023-24,90,74834,99.6,NULL,NULL,Census
Polio,,States,Hawaii,2023-24,90.2,13995,8.2,NULL,NULL,Stratified 2-stage cluster sample
Polio,,States,Washington,2023-24,90.4,84053,97.2,§,NULL,Census
Polio,,States,North Dakota,2023-24,91,9708,97.5,NULL,NULL,Census
Polio,,States,South Dakota,2023-24,91,11744,99.8,§,NULL,Census
Polio,,States,Missouri,2023-24,91,69014,100,*,NULL,Census
Polio,,States,Oregon,2023-24,91.1,39568,100,*. ‡,NULL,Census
Polio,,States,Oklahoma,2023-24,91.4,49979,93.8,‡,NULL,"Census (pub.), vol. response (prv.)"
Polio,,States,Arkansas,2023-24,91.4,37535,95.4,NULL,NULL,"Census (pub.), vol. response (prv.)"
Polio,,States,Illinois,2023-24,91.5,133578,100,*,NULL,Census
Polio,,States,Nevada,2023-24,91.5,31261,91.3,NULL,NULL,Census
Polio,,States,Kansas,2023-24,91.6,34178,37.1,†. ‡. §,NULL,Stratified 2-stage cluster sample
Polio,,States,Kentucky,2023-24,91.7,52609,100,>=. *. ‡. §,NULL,Census
Polio,,States,Pennsylvania,2024-25,92.4,140160,95.3,NULL,NULL,"Census (pub.), vol. response (prv.)"
Polio,,States,Hawaii,2024-25,92.5,13804,10.5,NULL,NULL,Stratified 2-stage cluster sample
Polio,,States,New Jersey,2024-25,92.8,104339,100,>=. *,NULL,Census
Polio,,States,Wyoming,2024-25,93,6564,100,*,NULL,Census
Polio,,States,Texas,2024-25,93.2,378860,97.3,‡. §,NULL,"Census (pub.), vol. response (prv.)"
Polio,,States,Georgia,2024-25,86.8,114568,100,>=. *,NULL,Census
Polio,,States,Idaho,2024-25,78.9,22242,99.5,NULL,NULL,Census
Polio,,States,Alaska,2024-25,81.5,7338,99.8,¶,NULL,"Census (pub.), not conducted (prv.)"
Varicella,UTD (or disease history),,,,,,,,,
Polio,,States,Kentucky,2024-25,86.7,51319,100,*. §,NULL,Census
Varicella,UTD (or disease history),,,,,,,,,
Varicella,UTD (or disease history),,,,,,,,,
Polio,,States,Indiana,2024-25,87.7,73744,92.7,§,NULL,"Census (pub.), vol. response (prv.)"
Polio,,States,Utah,2024-25,87.7,45818,100,*,NULL,Census
Polio,,States,Ohio,2024-25,88.6,131589,93.2,NULL,NULL,"Census (pub.), vol. response (prv.)"
Polio,,States,TX-City of Houston,2024-25,88.6,36981,98.8,‡. §,NULL,"Census (pub.), vol. response (prv.)"
Polio,,States,Florida,2024-25,88.8,221053,100,>=. *,NULL,Census
Polio,,States,Arkansas,2024-25,88.8,37570,96.4,NULL,NULL,"Census (pub.), vol. response (prv.)"
Polio,,States,Iowa,2024-25,88.8,38268,100,>=. *,NULL,Census
Polio,,States,North Dakota,2024-25,89.1,9659,98.8,NULL,NULL,Census
Polio,,States,Arizona,2024-25,89.1,75024,97.4,NULL,NULL,Census
Polio,,States,New Hampshire,2024-25,89.2,11713,100,>=. *. §,NULL,Census
Polio,,States,South Dakota,2024-25,89.9,11367,99.3,§,NULL,Census
Polio,,States,Washington,2024-25,90,76756,97.9,NULL,NULL,Census
Polio,,States,Oregon,2024-25,90.4,38247,100,*. ‡,NULL,Census
Polio,,States,Oklahoma,2024-25,90.4,47544,86.7,‡,NULL,Vol. response
Polio,,States,Missouri,2024-25,90.7,68163,100,*,NULL,Census
Polio,,States,Nevada,2024-25,90.9,33272,92.6,NULL,NULL,"Census (pub.), vol. response (prv.)"
Polio,,States,Illinois,2024-25,91.5,132769,99.5,NULL,NULL,Census
Polio,,States,South Carolina,2024-25,91.8,57718,34.3,†,NULL,Stratified 1-stage cluster sample
Polio,,States,Michigan,2024-25,92.2,107636,100,*. ‡,NULL,Census
Polio,,States,Kansas,2024-25,92.3,33892,29.2,†. ‡. §,NULL,Stratified 2-stage cluster sample
Polio,,States,District of Columbia,2024-25,92.3,7997,100,*,NULL,Census
Polio,,States,West Virginia,2025-26,99.1,15445,93.3,�. �,NULL,Census
Polio,,States,Connecticut,2025-26,98.5,33118,100,*,NULL,Census
Polio,,States,Maine,2025-26,97.9,11634,94.4,NULL,NULL,Census
Polio,,States,New York,2025-26,97.6,203514,95.8,NULL,NULL,"Census (pub.), vol. response (prv.)"
Polio,,States,Mississippi,2025-26,97,34969,100,>=. *,NULL,Census
Polio,,States,Maryland,2025-26,96.9,66945,97.8,�,NULL,"Census (pub.), vol. response (prv.)"
Polio,,States,Delaware,2025-26,96.5,10729,12.9,NULL,NULL,"2-stage cluster sample (pub.), nonrandom 2-stage cluster sample (prv.)"
Polio,,States,Massachusetts,2025-26,96.5,65331,100,�,NULL,Census
Polio,,States,Rhode Island,2025-26,96.5,10123,97.1,�,NULL,Census
Polio,,States,NY-City of New York,2025-26,96.4,82534,98.1,NULL,NULL,Census
Polio,,States,Nebraska,2025-26,95.6,23807,100,*. �,NULL,Census
Polio,,States,California,2025-26,95.5,614405,100,*. �,NULL,Census
Polio,,States,Alabama,2025-26,95.2,53378,100,*,NULL,Census
Polio,,States,New Mexico,2025-26,94.9,19843,100,*. �,NULL,Census
Polio,,States,District of Columbia,2025-26,94.5,7871,100,*,NULL,Census
Polio,,States,Tennessee,2025-26,94.2,73415,97.4,�,NULL,Census
Polio,,States,Virginia,2025-26,93.7,88950,95.7,NULL,NULL,Census
Varicella,UTD (or disease history),,,,,,,,,
Varicella,UTD (or disease history),,,,,,,,,
Varicella,UTD (or disease history),,,,,,,,,
Varicella,UTD (or disease history),,,,,,,,,
Varicella,UTD (or disease history),,,,,,,,,
Varicella,UTD (or disease history),,,,,,,,,
Varicella,UTD (or disease history),,,,,,,,,
Varicella,UTD (or disease history),,,,,,,,,
Varicella,UTD (or disease history),,,,,,,,,
Varicella,UTD (or disease history),,,,,,,,,
Varicella,UTD (or disease history),,,,,,,,,
Varicella,UTD (or disease history),,,,,,,,,
Varicella,UTD (or disease history),,,,,,,,,
Varicella,UTD (or disease history),,,,,,,,,
Varicella,UTD (or disease history),,,,,,,,,
Varicella,UTD (or disease history),,,,,,,,,
Varicella,UTD (or disease history),,,,,,,,,
Varicella,UTD (or disease history),,,,,,,,,
Varicella,UTD (or disease history),,,,,,,,,
Varicella,UTD (or disease history),,,,,,,,,
Varicella,UTD (or disease history),,,,,,,,,
Varicella,UTD (or disease history),,,,,,,,,
Varicella,UTD (or disease history),,,,,,,,,
Varicella,UTD (or disease history),,,,,,,,,
Varicella,UTD (or disease history),,,,,,,,,
Varicella,UTD (or disease history),,,,,,,,,
Varicella,UTD (or disease history),,,,,,,,,
Varicella,UTD (or disease history),,,,,,,,,
Varicella,UTD (or disease history),,,,,,,,,
Varicella,UTD (or disease history),,,,,,,,,
Varicella,UTD (or disease history),,,,,,,,,
Varicella,UTD (or disease history),,,,,,,,,
Varicella,UTD (or disease history),,,,,,,,,
Varicella,UTD (or disease history),,,,,,,,,
Varicella,UTD (or disease history),,,,,,,,,
Varicella,UTD (or disease history),,,,,,,,,
Varicella,UTD (or disease history),,,,,,,,,
Varicella,UTD (or disease history),,,,,,,,,
Varicella,UTD (or disease history),,,,,,,,,
Varicella,UTD (or disease history),,,,,,,,,
Varicella,UTD (or disease history),,,,,,,,,
Varicella,UTD (or disease history),,,,,,,,,
Varicella,UTD (or disease history),,,,,,,,,
Varicella,UTD (or disease history),,,,,,,,,
Varicella,UTD (or disease history),,,,,,,,,
Varicella,UTD (or disease history),,,,,,,,,
Varicella,UTD (or disease history),,,,,,,,,
Varicella,UTD (or disease history),,,,,,,,,
Varicella,UTD (or disease history),,,,,,,,,
Varicella,UTD (or disease history),,,,,,,,,
Varicella,UTD (or disease history),,,,,,,,,
Varicella,UTD (or disease history),,,,,,,,,
Varicella,UTD (or disease history),,,,,,,,,
Varicella,UTD (or disease history),,,,,,,,,
Varicella,UTD (or disease history),,,,,,,,,
Varicella,UTD (or disease history),,,,,,,,,
Varicella,UTD (or disease history),,,,,,,,,
Varicella,UTD (or disease history),,,,,,,,,
Varicella,UTD (or disease history),,,,,,,,,
Varicella,UTD (or disease history),,,,,,,,,
Varicella,UTD (or disease history),,,,,,,,,
Varicella,UTD (or disease history),,,,,,,,,
Varicella,UTD (or disease history),,,,,,,,,
Varicella,UTD (or disease history),,,,,,,,,
Varicella,UTD (or disease history),,,,,,,,,
Varicella,UTD (or disease history),,,,,,,,,
Varicella,UTD (or disease history),,,,,,,,,
Varicella,UTD (or disease history),,,,,,,,,
Varicella,UTD (or disease history),,,,,,,,,
Varicella,UTD (or disease history),,,,,,,,,
Varicella,UTD (or disease history),,,,,,,,,
Varicella,UTD (or disease history),,,,,,,,,
Varicella,UTD (or disease history),,,,,,,,,
Varicella,UTD (or disease history),,,,,,,,,
Varicella,UTD (or disease history),,,,,,,,,
Varicella,UTD (or disease history),,,,,,,,,
Varicella,UTD (or disease history),,,,,,,,,
Varicella,UTD (or disease history),,,,,,,,,
Varicella,UTD (or disease history),,,,,,,,,
Varicella,UTD (or disease history),,,,,,,,,
Varicella,UTD (or disease history),,,,,,,,,
Varicella,UTD (or disease history),,,,,,,,,
Varicella,UTD (or disease history),,,,,,,,,
Varicella,UTD (or disease history),,,,,,,,,
Varicella,UTD (or disease history),,,,,,,,,
Varicella,UTD (or disease history),,,,,,,,,
Varicella,UTD (or disease history),,,,,,,,,
Varicella,UTD (or disease history),,,,,,,,,
Varicella,UTD (or disease history),,,,,,,,,
Varicella,UTD (or disease history),,,,,,,,,
Varicella,UTD (or disease history),,,,,,,,,
Varicella,UTD (or disease history),,,,,,,,,
Varicella,UTD (or disease history),,,,,,,,,
Varicella,UTD (or disease history),,,,,,,,,
Varicella,UTD (or disease history),,,,,,,,,
Varicella,UTD (or disease history),,,,,,,,,
Varicella,UTD (or disease history),,,,,,,,,
Varicella,UTD (or disease history),,,,,,,,,
Varicella,UTD (or disease history),,,,,,,,,
Varicella,UTD (or disease history),,,,,,,,,
Varicella,1 Dose (or disease history),States,Rhode Island,2009-10,NA,11818,11.6,NULL,NULL,Random sample
Varicella,1 Dose (or disease history),States,Alaska,2009-10,NA,9641,76.4,NULL,NULL,Voluntary response
Varicella,1 Dose (or disease history),States,Pennsylvania,2009-10,NA,149656,100,*,NULL,Census
Varicella,1 Dose (or disease history),States,Washington,2009-10,NA,81511,93.3,NULL,NULL,Census
Varicella,1 Dose (or disease history),States,Colorado,2009-10,NA,NULL,NULL,NULL,NULL,Not conducted
Varicella,UTD (or disease history),,,,,,,,,
Varicella,UTD (or disease history),,,,,,,,,
Varicella,UTD (or disease history),,,,,,,,,
Varicella,UTD (or disease history),,,,,,,,,
Varicella,UTD (or disease history),,,,,,,,,
Varicella,UTD (or disease history),,,,,,,,,
Varicella,UTD (or disease history),,,,,,,,,
Varicella,UTD (or disease history),,,,,,,,,
Varicella,UTD (or disease history),,,,,,,,,
Varicella,UTD (or disease history),,,,,,,,,
Varicella,UTD (or disease history),,,,,,,,,
Varicella,UTD (or disease history),,,,,,,,,
Varicella,UTD (or disease history),,,,,,,,,
Varicella,UTD (or disease history),,,,,,,,,
Varicella,UTD (or disease history),,,,,,,,,
Varicella,UTD (or disease history),,,,,,,,,
Varicella,UTD (or disease history),,,,,,,,,
Varicella,UTD (or disease history),,,,,,,,,
Varicella,1 Dose (or disease history),States,Delaware,2009-10,NA,11327,9.2,NULL,NULL,Random sample
Varicella,1 Dose (or disease history),States,District of Columbia,2009-10,NA,6092,100,*,NULL,Census
Varicella,1 Dose (or disease history),States,Florida,2009-10,NA,218630,100,* .§,NULL,Census
Varicella,1 Dose (or disease history),States,Georgia,2009-10,NA,141949,1.2,NULL,NULL,Random sample
Varicella,1 Dose (or disease history),States,Hawaii,2009-10,NA,18427,6.4,NULL,NULL,Random sample
Varicella,1 Dose (or disease history),States,Idaho,2009-10,NReq,22624,100,*,NULL,Census
Varicella,1 Dose (or disease history),States,Iowa,2009-10,NA,42698,100,≥,NULL,Census
Varicella,1 Dose (or disease history),States,Louisiana,2009-10,NA,53846,100,*,NULL,Census
Varicella,1 Dose (or disease history),States,Minnesota,2009-10,NA,70653,100,*,NULL,Census
Varicella,UTD (or disease history),,,,,,,,,
Varicella,UTD (or disease history),,,,,,,,,
Varicella,UTD (or disease history),,,,,,,,,
Varicella,UTD (or disease history),,,,,,,,,
Varicella,UTD (or disease history),,,,,,,,,
Varicella,UTD (or disease history),,,,,,,,,
Varicella,UTD (or disease history),,,,,,,,,
Varicella,UTD (or disease history),,,,,,,,,
Varicella,UTD (or disease history),,,,,,,,,
Varicella,UTD (or disease history),,,,,,,,,
Varicella,UTD (or disease history),,,,,,,,,
Varicella,UTD (or disease history),,,,,,,,,
Varicella,UTD (or disease history),,,,,,,,,
Varicella,UTD (or disease history),,,,,,,,,
Varicella,UTD (or disease history),,,,,,,,,
Varicella,UTD (or disease history),,,,,,,,,
Varicella,UTD (or disease history),,,,,,,,,
Varicella,UTD (or disease history),,,,,,,,,
Varicella,UTD (or disease history),,,,,,,,,
Varicella,UTD (or disease history),,,,,,,,,
Varicella,UTD (or disease history),,,,,,,,,
Varicella,UTD (or disease history),,,,,,,,,
Varicella,UTD (or disease history),,,,,,,,,
Varicella,UTD (or disease history),,,,,,,,,
Varicella,UTD (or disease history),,,,,,,,,
Varicella,UTD (or disease history),,,,,,,,,
Varicella,UTD (or disease history),,,,,,,,,
Varicella,UTD (or disease history),,,,,,,,,
Varicella,UTD (or disease history),,,,,,,,,
Varicella,UTD (or disease history),,,,,,,,,
Varicella,UTD (or disease history),,,,,,,,,
Varicella,UTD (or disease history),,,,,,,,,
Varicella,UTD (or disease history),,,,,,,,,
Varicella,UTD (or disease history),,,,,,,,,
Varicella,UTD (or disease history),,,,,,,,,
Varicella,UTD (or disease history),,,,,,,,,
Varicella,UTD (or disease history),,,,,,,,,
Varicella,UTD (or disease history),,,,,,,,,
Varicella,UTD (or disease history),,,,,,,,,
Varicella,UTD (or disease history),,,,,,,,,
Varicella,UTD (or disease history),,,,,,,,,
Varicella,UTD (or disease history),,,,,,,,,
Varicella,UTD (or disease history),,,,,,,,,
Varicella,UTD (or disease history),,,,,,,,,
Varicella,UTD (or disease history),,,,,,,,,
Varicella,UTD (or disease history),,,,,,,,,
Varicella,UTD (or disease history),,,,,,,,,
Varicella,1 Dose (or disease history),States,Mississippi,2009-10,NA,46922,100,*,NULL,Census
Varicella,1 Dose (or disease history),States,Montana,2009-10,NReq,12335,98.8,NULL,NULL,Census
Varicella,1 Dose (or disease history),States,New Hampshire,2009-10,NA,NULL,NULL,NULL,NULL,Not conducted
Varicella,1 Dose (or disease history),States,New Jersey,2009-10,NA,118347,95.1,NULL,NULL,Census
Varicella,1 Dose (or disease history),States,New Mexico,2009-10,NA,26318,2.2,NULL,NULL,Random sample
Varicella,1 Dose (or disease history),States,North Carolina,2009-10,NA,116087,96,NULL,NULL,Census
Varicella,1 Dose (or disease history),States,North Dakota,2009-10,NA,8323,6,¶,NULL,Random sample
Varicella,1 Dose (or disease history),States,Iowa,2010-11,NA,NULL,NULL,NULL,NULL,NA
Varicella,1 Dose (or disease history),States,Indiana,2010-11,NA,NULL,NULL,NULL,NULL,NA
Varicella,1 Dose (or disease history),States,Illinois,2010-11,NA,NULL,NULL,NULL,NULL,NA
Varicella,1 Dose (or disease history),States,Idaho,2010-11,NA,NULL,NULL,NULL,NULL,NA
Varicella,1 Dose (or disease history),States,Hawaii,2010-11,NA,NULL,NULL,NULL,NULL,NA
Varicella,1 Dose (or disease history),States,Georgia,2010-11,NA,NULL,NULL,NULL,NULL,NA
Varicella,1 Dose (or disease history),States,Florida,2010-11,NA,NULL,NULL,NULL,NULL,NA
Varicella,1 Dose (or disease history),States,District of Columbia,2010-11,NA,NULL,NULL,NULL,NULL,NA
Varicella,1 Dose (or disease history),States,Delaware,2010-11,NA,NULL,NULL,NULL,NULL,NA
Varicella,1 Dose (or disease history),States,Connecticut,2010-11,NA,NULL,NULL,NULL,NULL,NA
Varicella,1 Dose (or disease history),States,Colorado,2010-11,NA,NULL,NULL,NULL,NULL,NA
Varicella,1 Dose (or disease history),States,California,2010-11,NA,NULL,NULL,NULL,NULL,NA
Varicella,1 Dose (or disease history),States,Arkansas,2010-11,NA,NULL,NULL,NULL,NULL,NA
Varicella,1 Dose (or disease history),States,Arizona,2010-11,NA,NULL,NULL,NULL,NULL,NA
Varicella,1 Dose (or disease history),States,Alaska,2010-11,NA,NULL,NULL,NULL,NULL,NA
Varicella,1 Dose (or disease history),States,Alabama,2010-11,NA,NULL,NULL,NULL,NULL,NA
Varicella,1 Dose (or disease history),States,Ohio,2010-11,NA,NULL,NULL,NULL,NULL,NA
Varicella,1 Dose (or disease history),States,North Dakota,2010-11,NA,NULL,NULL,NULL,NULL,NA
Varicella,1 Dose (or disease history),States,Oklahoma,2010-11,NA,NULL,NULL,NULL,NULL,NA
Varicella,1 Dose (or disease history),States,North Carolina,2010-11,NA,NULL,NULL,NULL,NULL,NA
Varicella,1 Dose (or disease history),States,Wyoming,2009-10,NA,NULL,NULL,NULL,NULL,Not conducted
Varicella,UTD (or disease history),,,,,,,,,
Varicella,UTD (or disease history),,,,,,,,,
Varicella,UTD (or disease history),,,,,,,,,
Varicella,UTD (or disease history),,,,,,,,,
Varicella,UTD (or disease history),,,,,,,,,
Varicella,UTD (or disease history),,,,,,,,,
Varicella,1 Dose (or disease history),States,Kansas,2009-10,NA,39073,39.1,†,NULL,Stratified 1-stage sample  (Public);  Census (Private)
Varicella,1 Dose (or disease history),States,Kentucky,2009-10,NA,56526,92.9,NULL,NULL,Census
Varicella,UTD (or disease history),,,,,,,,,
Varicella,UTD (or disease history),,,,,,,,,
Varicella,UTD (or disease history),,,,,,,,,
Varicella,UTD (or disease history),,,,,,,,,
Varicella,UTD (or disease history),,,,,,,,,
Varicella,UTD (or disease history),,,,,,,,,
Varicella,UTD (or disease history),,,,,,,,,
Varicella,UTD (or disease history),,,,,,,,,
Varicella,UTD (or disease history),,,,,,,,,
Varicella,UTD (or disease history),,,,,,,,,
Varicella,UTD (or disease history),,,,,,,,,
Varicella,UTD (or disease history),,,,,,,,,
Varicella,UTD (or disease history),,,,,,,,,
Varicella,UTD (or disease history),,,,,,,,,
Varicella,UTD (or disease history),,,,,,,,,
Varicella,UTD (or disease history),,,,,,,,,
Varicella,UTD (or disease history),,,,,,,,,
Varicella,UTD (or disease history),,,,,,,,,
Varicella,UTD (or disease history),,,,,,,,,
Varicella,UTD (or disease history),,,,,,,,,
Varicella,UTD (or disease history),,,,,,,,,
Varicella,UTD (or disease history),,,,,,,,,
Varicella,UTD (or disease history),,,,,,,,,
Varicella,UTD (or disease history),,,,,,,,,
Varicella,UTD (or disease history),,,,,,,,,
Varicella,UTD (or disease history),,,,,,,,,
Varicella,UTD (or disease history),,,,,,,,,
Varicella,UTD (or disease history),,,,,,,,,
Varicella,UTD (or disease history),,,,,,,,,
Varicella,UTD (or disease history),,,,,,,,,
Varicella,UTD (or disease history),,,,,,,,,
Varicella,UTD (or disease history),,,,,,,,,
Varicella,UTD (or disease history),,,,,,,,,
Varicella,UTD (or disease history),,,,,,,,,
Varicella,UTD (or disease history),,,,,,,,,
Varicella,UTD (or disease history),,,,,,,,,
Varicella,UTD (or disease history),,,,,,,,,
Varicella,UTD (or disease history),,,,,,,,,
Varicella,UTD (or disease history),,,,,,,,,
Varicella,UTD (or disease history),,,,,,,,,
Varicella,UTD (or disease history),,,,,,,,,
Varicella,UTD (or disease history),,,,,,,,,
Varicella,UTD (or disease history),,,,,,,,,
Varicella,UTD (or disease history),,,,,,,,,
Varicella,UTD (or disease history),,,,,,,,,
Varicella,UTD (or disease history),,,,,,,,,
Varicella,UTD (or disease history),,,,,,,,,
Varicella,UTD (or disease history),,,,,,,,,
Varicella,UTD (or disease history),,,,,,,,,
Varicella,UTD (or disease history),,,,,,,,,
Varicella,UTD (or disease history),,,,,,,,,
Varicella,UTD (or disease history),,,,,,,,,
Varicella,UTD (or disease history),,,,,,,,,
Varicella,UTD (or disease history),,,,,,,,,
Varicella,UTD (or disease history),,,,,,,,,
Varicella,UTD (or disease history),,,,,,,,,
Varicella,UTD (or disease history),,,,,,,,,
Varicella,UTD (or disease history),,,,,,,,,
Varicella,UTD (or disease history),,,,,,,,,
Varicella,UTD (or disease history),,,,,,,,,
Varicella,UTD (or disease history),,,,,,,,,
Varicella,UTD (or disease history),,,,,,,,,
Varicella,UTD (or disease history),,,,,,,,,
Varicella,UTD (or disease history),,,,,,,,,
Varicella,UTD (or disease history),,,,,,,,,
Varicella,UTD (or disease history),,,,,,,,,
Varicella,UTD (or disease history),,,,,,,,,
Varicella,UTD (or disease history),,,,,,,,,
Varicella,UTD (or disease history),,,,,,,,,
Varicella,UTD (or disease history),,,,,,,,,
Varicella,UTD (or disease history),,,,,,,,,
Varicella,UTD (or disease history),,,,,,,,,
Varicella,1 Dose (or disease history),States,Tennessee,2010-11,NA,NULL,NULL,NULL,NULL,NA
Varicella,1 Dose (or disease history),States,Vermont,2010-11,NA,NULL,NULL,NULL,NULL,NA
Varicella,1 Dose (or disease history),States,Utah,2010-11,NA,NULL,NULL,NULL,NULL,NA
Varicella,1 Dose (or disease history),States,Texas,2010-11,NA,NULL,NULL,NULL,NULL,NA
Varicella,1 Dose (or disease history),States,Nebraska,2010-11,NA,NULL,NULL,NULL,NULL,NA
Varicella,UTD (or disease history),,,,,,,,,
Varicella,UTD (or disease history),,,,,,,,,
Varicella,UTD (or disease history),,,,,,,,,
Varicella,UTD (or disease history),,,,,,,,,
Varicella,1 Dose (or disease history),States,Louisiana,2010-11,NA,NULL,NULL,NULL,NULL,NA
Varicella,1 Dose (or disease history),States,Kentucky,2010-11,NA,NULL,NULL,NULL,NULL,NA
Varicella,1 Dose (or disease history),States,Kansas,2010-11,NA,NULL,NULL,NULL,NULL,NA
Varicella,1 Dose (or disease history),States,Nevada,2010-11,NA,NULL,NULL,NULL,NULL,NA
Varicella,1 Dose (or disease history),States,New Hampshire,2010-11,NA,NULL,NULL,NULL,NULL,NA
Varicella,1 Dose (or disease history),States,Wyoming,2010-11,NA,NULL,NULL,NULL,NULL,NA
Varicella,1 Dose (or disease history),States,Wisconsin,2010-11,NA,NULL,NULL,NULL,NULL,NA
Varicella,1 Dose (or disease history),States,Oregon,2011-12,95,45855,100,*,NULL,Census
Varicella,1 Dose (or disease history),States,California,2011-12,96.1,542544,97.6,NULL,NULL,Census
Varicella,1 Dose (or disease history),States,Arizona,2011-12,96.9,88293,96.9,NULL,NULL,Census
Varicella,1 Dose (or disease history),States,South Carolina,2011-12,97.1,59307,10.7,NULL,NULL,1-stage Cluster Sample
Varicella,1 Dose (or disease history),States,Oklahoma,2011-12,97.8,52987,90.9,¶,NULL,Census
Varicella,1 Dose (or disease history),States,Illinois,2011-12,98,163311,100,*,NULL,Census
Varicella,1 Dose (or disease history),States,New York,2011-12,98.4,236016,100,*,NULL,Census
Varicella,1 Dose (or disease history),States,Utah,2011-12,99.5,53800,100,*,NULL,Census
Varicella,1 Dose (or disease history),States,Tennessee,2011-12,NA,83950,99.9,NULL,NULL,Census
Varicella,1 Dose (or disease history),States,South Dakota,2011-12,NA,12127,100,*,NULL,Census
Varicella,1 Dose (or disease history),States,Massachusetts,2011-12,NA,79551,97.5,NULL,NULL,Census
Varicella,1 Dose (or disease history),States,Rhode Island,2011-12,NA,12552,13.9,NULL,NULL,2-stage Cluster Sample
Varicella,1 Dose (or disease history),States,Michigan,2011-12,NA,124962,100,*,NULL,Census
Varicella,1 Dose (or disease history),States,Minnesota,2011-12,NA,71213,99.2,NULL,NULL,Census
Varicella,1 Dose (or disease history),States,Idaho,2011-12,NA,22762,100,*,NULL,Census
Varicella,1 Dose (or disease history),States,Hawaii,2011-12,NA,19443,7.7,NULL,NULL,2-stage Cluster Sample
Varicella,1 Dose (or disease history),States,Connecticut,2011-12,NA,45695,100,*,NULL,Census
Varicella,1 Dose (or disease history),States,Pennsylvania,2011-12,NA,148042,99,NULL,NULL,Census
Varicella,1 Dose (or disease history),States,North Carolina,2011-12,NA,128854,95.4,NULL,NULL,Census
Varicella,1 Dose (or disease history),States,Colorado,2011-12,NA,70142,0.5,NULL,NULL,Simple Random Sample
Varicella,1 Dose (or disease history),States,Ohio,2011-12,NA,146144,94.5,NULL,NULL,Convenient
Varicella,UTD (or disease history),,,,,,,,,
Varicella,UTD (or disease history),,,,,,,,,
Varicella,UTD (or disease history),,,,,,,,,
Varicella,UTD (or disease history),,,,,,,,,
Varicella,UTD (or disease history),,,,,,,,,
MMR (PAC),MMR (PAC),States,Mississippi,2017-18,99.9,NULL,NULL,NULL,NULL,NULL
MMR (PAC),MMR (PAC),States,West Virginia,2017-18,99.8,NULL,NULL,NULL,NULL,NULL
MMR (PAC),MMR (PAC),States,California,2017-18,99.3,NULL,NULL,NULL,NULL,NULL
MMR (PAC),MMR (PAC),States,North Carolina,2017-18,99.2,NULL,NULL,NULL,NULL,NULL
MMR (PAC),MMR (PAC),States,Rhode Island,2017-18,99.1,NULL,NULL,NULL,NULL,NULL
MMR (PAC),MMR (PAC),States,Alabama,2017-18,99.1,NULL,NULL,NULL,NULL,NULL
MMR (PAC),MMR (PAC),States,Indiana,2017-18,99.1,NULL,NULL,NULL,NULL,NULL
MMR (PAC),MMR (PAC),States,Louisiana,2017-18,98.9,NULL,NULL,NULL,NULL,NULL
MMR (PAC),MMR (PAC),States,Massachusetts,2017-18,98.9,NULL,NULL,NULL,NULL,NULL
Varicella,UTD (or disease history),,,,,,,,,
Varicella,UTD (or disease history),,,,,,,,,
Varicella,UTD (or disease history),,,,,,,,,
Varicella,UTD (or disease history),,,,,,,,,
MMR (PAC),MMR (PAC),States,Kansas,2017-18,98.3,NULL,NULL,NULL,NULL,NULL
MMR (PAC),MMR (PAC),States,New Mexico,2017-18,98.3,NULL,NULL,NULL,NULL,NULL
MMR (PAC),MMR (PAC),States,Nebraska,2017-18,98.3,NULL,NULL,NULL,NULL,NULL
MMR (PAC),MMR (PAC),States,Texas,2017-18,98.3,NULL,NULL,NULL,NULL,NULL
MMR (PAC),MMR (PAC),States,Oklahoma,2017-18,98.2,NULL,NULL,NULL,NULL,NULL
MMR (PAC),MMR (PAC),States,South Carolina,2017-18,98,NULL,NULL,NULL,NULL,NULL
MMR (PAC),MMR (PAC),States,Iowa,2017-18,98,NULL,NULL,NULL,NULL,NULL
MMR (PAC),MMR (PAC),States,Ohio,2017-18,97.9,NULL,NULL,NULL,NULL,NULL
MMR (PAC),MMR (PAC),States,NY-City of New York,2017-18,97.8,NULL,NULL,NULL,NULL,NULL
MMR (PAC),MMR (PAC),States,New Jersey,2017-18,97.8,NULL,NULL,NULL,NULL,NULL
MMR (PAC),MMR (PAC),States,South Dakota,2017-18,97.8,NULL,NULL,NULL,NULL,NULL
MMR (PAC),MMR (PAC),States,Missouri,2017-18,97.8,NULL,NULL,NULL,NULL,NULL
MMR (PAC),MMR (PAC),States,Connecticut,2017-18,97.7,NULL,NULL,NULL,NULL,NULL
MMR (PAC),MMR (PAC),States,Georgia,2017-18,97.3,NULL,NULL,NULL,NULL,NULL
MMR (PAC),MMR (PAC),States,Pennsylvania,2017-18,97.2,NULL,NULL,NULL,NULL,NULL
MMR (PAC),MMR (PAC),States,Florida,2017-18,97.1,NULL,NULL,NULL,NULL,NULL
MMR (PAC),MMR (PAC),States,New Hampshire,2017-18,97.1,NULL,NULL,NULL,NULL,NULL
MMR (PAC),MMR (PAC),States,Vermont,2017-18,97,NULL,NULL,NULL,NULL,NULL
MMR (PAC),MMR (PAC),States,North Dakota,2017-18,97,NULL,NULL,NULL,NULL,NULL
MMR (PAC),MMR (PAC),States,Colorado,2018-19,95.5,NULL,NULL,NULL,NULL,NULL
MMR (PAC),MMR (PAC),States,Massachusetts,2018-19,98.8,NULL,NULL,NULL,NULL,NULL
Varicella,1 Dose (or disease history),States,New York,2010-11,NA,NULL,NULL,NULL,NULL,NA
Varicella,1 Dose (or disease history),States,New Mexico,2010-11,NA,NULL,NULL,NULL,NULL,NA
Varicella,1 Dose (or disease history),States,Virginia,2010-11,NA,NULL,NULL,NULL,NULL,NA
Varicella,1 Dose (or disease history),States,Washington,2010-11,NA,NULL,NULL,NULL,NULL,NA
Varicella,1 Dose (or disease history),States,West Virginia,2010-11,NA,NULL,NULL,NULL,NULL,NA
Varicella,1 Dose (or disease history),States,New Jersey,2010-11,NA,NULL,NULL,NULL,NULL,NA
Varicella,1 Dose (or disease history),States,Oregon,2010-11,NA,NULL,NULL,NULL,NULL,NA
Varicella,1 Dose (or disease history),States,Pennsylvania,2010-11,NA,NULL,NULL,NULL,NULL,NA
Varicella,1 Dose (or disease history),States,Rhode Island,2010-11,NA,NULL,NULL,NULL,NULL,NA
Varicella,1 Dose (or disease history),States,South Carolina,2010-11,NA,NULL,NULL,NULL,NULL,NA
Varicella,1 Dose (or disease history),States,South Dakota,2010-11,NA,NULL,NULL,NULL,NULL,NA
Varicella,1 Dose (or disease history),States,Maryland,2012-13,99.6,75007,84.3,‡,NULL,Voluntary Response
Varicella,1 Dose (or disease history),States,Rhode Island,2012-13,NA,12552,75.2,‡,NULL,Voluntary Response
Varicella,1 Dose (or disease history),States,South Dakota,2012-13,NA,12468,100,*,NULL,Census
Varicella,1 Dose (or disease history),States,Tennessee,2012-13,NA,85801,97,NULL,NULL,Census
Varicella,1 Dose (or disease history),States,Texas,2012-13,NA,414688,96.6,‡,NULL,Census
Varicella,1 Dose (or disease history),States,Vermont,2012-13,NA,6792,100,*,NULL,Census
Varicella,1 Dose (or disease history),States,Virginia,2012-13,NA,104826,4.2,NULL,NULL,2-stage Cluster Sample
Varicella,1 Dose (or disease history),States,Washington,2012-13,NA,87773,94.7,NULL,NULL,Census
Varicella,1 Dose (or disease history),States,Montana,2010-11,NA,NULL,NULL,NULL,NULL,NA
Varicella,1 Dose (or disease history),States,Missouri,2010-11,NA,NULL,NULL,NULL,NULL,NA
Varicella,1 Dose (or disease history),States,Mississippi,2010-11,NA,NULL,NULL,NULL,NULL,NA
Varicella,1 Dose (or disease history),States,Minnesota,2010-11,NA,NULL,NULL,NULL,NULL,NA
Varicella,1 Dose (or disease history),States,Michigan,2010-11,NA,NULL,NULL,NULL,NULL,NA
Varicella,1 Dose (or disease history),States,Massachusetts,2010-11,NA,NULL,NULL,NULL,NULL,NA
Varicella,1 Dose (or disease history),States,Maryland,2010-11,NA,NULL,NULL,NULL,NULL,NA
Varicella,1 Dose (or disease history),States,Maine,2010-11,NA,NULL,NULL,NULL,NULL,NA
Varicella,1 Dose (or disease history),States,Illinois,2012-13,96.6,166884,100,*,NULL,Census
Varicella,1 Dose (or disease history),States,Arizona,2012-13,96.8,90054,97.6,NULL,NULL,Census
Varicella,1 Dose (or disease history),States,New Jersey,2012-13,97,122516,96.7,≥. ‡,NULL,Census
Varicella,1 Dose (or disease history),States,New York,2012-13,98.4,239484,100,*. ‡,NULL,Census
Varicella,1 Dose (or disease history),States,Utah,2012-13,99.6,54605,100,*,NULL,Census
Varicella,1 Dose (or disease history),States,Pennsylvania,2012-13,NA,151364,97.5,NULL,NULL,Census
Varicella,UTD (or disease history),,,,,,,,,
Varicella,UTD (or disease history),,,,,,,,,
Varicella,UTD (or disease history),,,,,,,,,
Varicella,UTD (or disease history),,,,,,,,,
Varicella,UTD (or disease history),,,,,,,,,
Varicella,UTD (or disease history),,,,,,,,,
Varicella,UTD (or disease history),,,,,,,,,
MMR (PAC),MMR (PAC),States,Washington,2017-18,95.3,NULL,NULL,NULL,NULL,NULL
MMR (PAC),MMR (PAC),States,Wisconsin,2017-18,95.3,NULL,NULL,NULL,NULL,NULL
MMR (PAC),MMR (PAC),States,Utah,2017-18,95,NULL,NULL,NULL,NULL,NULL
MMR (PAC),MMR (PAC),States,Idaho,2017-18,93.9,NULL,NULL,NULL,NULL,NULL
MMR (PAC),MMR (PAC),States,Oregon,2017-18,93.7,NULL,NULL,NULL,NULL,NULL
MMR (PAC),MMR (PAC),States,Alaska,2017-18,93,NULL,NULL,NULL,NULL,NULL
MMR (PAC),MMR (PAC),States,Arizona,2017-18,95.3,NULL,NULL,NULL,NULL,NULL
MMR (PAC),MMR (PAC),States,Maine,2017-18,95.5,NULL,NULL,NULL,NULL,NULL
MMR (PAC),MMR (PAC),States,Montana,2017-18,95.7,NULL,NULL,NULL,NULL,NULL
MMR (PAC),MMR (PAC),States,Colorado,2017-18,95.7,NULL,NULL,NULL,NULL,NULL
MMR (PAC),MMR (PAC),States,Michigan,2017-18,96.3,NULL,NULL,NULL,NULL,NULL
MMR (PAC),MMR (PAC),States,Minnesota,2017-18,96.6,NULL,NULL,NULL,NULL,NULL
MMR (PAC),MMR (PAC),States,Nevada,2017-18,96.8,NULL,NULL,NULL,NULL,NULL
MMR (PAC),MMR (PAC),States,Hawaii,2017-18,96.9,NULL,NULL,NULL,NULL,NULL
MMR (PAC),MMR (PAC),States,Nevada,2018-19,96.7,NULL,NULL,NULL,NULL,NULL
MMR (PAC),MMR (PAC),States,New Hampshire,2018-19,96.7,NULL,NULL,NULL,NULL,NULL
MMR (PAC),MMR (PAC),States,Nebraska,2019-20,98.1,NULL,NULL,NULL,NULL,NULL
MMR (PAC),MMR (PAC),States,Tennessee,2019-20,98,NULL,NULL,NULL,NULL,NULL
MMR (PAC),MMR (PAC),States,Kansas,2019-20,97.9,NULL,NULL,NULL,NULL,NULL
MMR (PAC),MMR (PAC),States,Indiana,2019-20,97.8,NULL,NULL,NULL,NULL,NULL
MMR (PAC),MMR (PAC),States,Texas,2019-20,97.8,NULL,NULL,NULL,NULL,NULL
MMR (PAC),MMR (PAC),States,New York,2017-18,98.9,NULL,NULL,NULL,NULL,NULL
MMR (PAC),MMR (PAC),States,TX-City of Houston,2017-18,98.8,NULL,NULL,NULL,NULL,NULL
MMR (PAC),MMR (PAC),States,Illinois,2017-18,98.7,NULL,NULL,NULL,NULL,NULL
MMR (PAC),MMR (PAC),States,Kentucky,2017-18,98.6,NULL,NULL,NULL,NULL,NULL
MMR (PAC),MMR (PAC),States,Delaware,2017-18,98.6,NULL,NULL,NULL,NULL,NULL
MMR (PAC),MMR (PAC),States,Maryland,2017-18,98.5,NULL,NULL,NULL,NULL,NULL
MMR (PAC),MMR (PAC),States,Tennessee,2017-18,98.5,NULL,NULL,NULL,NULL,NULL
MMR (PAC),MMR (PAC),States,Virginia,2017-18,98.5,NULL,NULL,NULL,NULL,NULL
MMR (PAC),MMR (PAC),States,Arkansas,2017-18,98.5,NULL,NULL,NULL,NULL,NULL
Varicella,1 Dose (or disease history),States,Delaware,2011-12,NA,11327,7.4,≥,NULL,2-stage Cluster Sample
Varicella,1 Dose (or disease history),States,District of Columbia,2011-12,NA,6854,100,*,NULL,Census
Varicella,1 Dose (or disease history),States,Indiana,2011-12,NA,83416,67.5,NULL,NULL,Voluntary Response
Varicella,1 Dose (or disease history),States,Iowa,2011-12,NA,40978,100,*,NULL,Census
Varicella,1 Dose (or disease history),States,Vermont,2011-12,NA,6548,100,*,NULL,Census
Varicella,1 Dose (or disease history),States,Kansas,2011-12,NA,38402,52.7,†,NULL,Stratified 1-stage sample  (Public);  Census (Private)
Varicella,1 Dose (or disease history),States,Virginia,2011-12,NA,101121,4.3,NULL,NULL,2-stage Cluster Sample
Varicella,1 Dose (or disease history),States,Louisiana,2011-12,NA,69013,100,*,NULL,Census
Varicella,1 Dose (or disease history),States,Washington,2011-12,NA,85134,89.1,NULL,NULL,Voluntary Response
Varicella,1 Dose (or disease history),States,West Virginia,2011-12,NA,22449,94.9,NULL,NULL,Convenient
Varicella,1 Dose (or disease history),States,Florida,2011-12,NA,225532,100,* .§,NULL,Census
Varicella,1 Dose (or disease history),States,Wyoming,2011-12,NA,NULL,NULL,NULL,NULL,Not conducted
Varicella,1 Dose (or disease history),States,Wisconsin,2011-12,NA,70672,2.3,NULL,NULL,2-stage Cluster Sample
Varicella,1 Dose (or disease history),States,Alaska,2011-12,NA,10286,7.3,NULL,NULL,Non-random Cluster Sample
Varicella,1 Dose (or disease history),States,New Mexico,2011-12,NA,29159,2,NULL,NULL,2-stage Cluster Sample
Varicella,1 Dose (or disease history),States,New Jersey,2011-12,NA,118669,96.6,NULL,NULL,Census
Varicella,1 Dose (or disease history),States,New Hampshire,2011-12,NA,13022,100,*,NULL,Census
Varicella,1 Dose (or disease history),States,Arkansas,2011-12,NA,38754,92.2,NULL,NULL,Census
Varicella,1 Dose (or disease history),States,Nevada,2011-12,NA,36557,5.2,NULL,NULL,2-stage Cluster Sample
Varicella,1 Dose (or disease history),States,Nebraska,2011-12,NA,26715,96.6,NULL,NULL,Census
Varicella,1 Dose (or disease history),States,Montana,2011-12,NReq,12128,100,*,NULL,Census
Varicella,1 Dose (or disease history),States,Missouri,2011-12,NA,75240,4.7,NULL,NULL,2-stage Cluster Sample
Varicella,1 Dose (or disease history),States,Mississippi,2011-12,NA,44912,100,*,NULL,Census
Varicella,1 Dose (or disease history),States,Kentucky,2011-12,75.7,58185,91.8,NULL,NULL,Census
Varicella,1 Dose (or disease history),States,Alabama,2011-12,93.6,73190,100,≥. * .**,NULL,Census
Varicella,1 Dose (or disease history),States,Maine,2011-12,94.9,13829,97,NULL,NULL,Census
Varicella,1 Dose (or disease history),States,North Carolina,2012-13,NA,130612,97.3,NULL,NULL,Census
MMR (PAC),MMR (PAC),States,West Virginia,2018-19,99.2,NULL,NULL,NULL,NULL,NULL
MMR (PAC),MMR (PAC),States,Alabama,2018-19,99.2,NULL,NULL,NULL,NULL,NULL
MMR (PAC),MMR (PAC),States,North Carolina,2018-19,99.4,NULL,NULL,NULL,NULL,NULL
MMR (PAC),MMR (PAC),States,California,2018-19,99.4,NULL,NULL,NULL,NULL,NULL
MMR (PAC),MMR (PAC),States,Mississippi,2018-19,99.9,NULL,NULL,NULL,NULL,NULL
Varicella,1 Dose (or disease history),States,West Virginia,2012-13,NA,22588,86.5,NULL,NULL,Voluntary Response
Varicella,1 Dose (or disease history),States,Wisconsin,2012-13,NA,72416,1.8,‡,NULL,2-stage Cluster Sample
Varicella,1 Dose (or disease history),States,Wyoming,2012-13,NA,8133,100,* .¶,NULL,Census
Varicella,1 Dose (or disease history),States,South Carolina,2012-13,90.9,61799,17.9,≥,NULL,1-Stage Cluster Sample
Varicella,1 Dose (or disease history),States,Oklahoma,2012-13,92.8,56943,95.5,NULL,NULL,Census
Varicella,1 Dose (or disease history),States,Alabama,2012-13,92.8,72929,100,≥. * . ‡. **,NULL,Census
Varicella,1 Dose (or disease history),States,Oregon,2012-13,94.5,47102,100,*. ‡,NULL,Census
Varicella,1 Dose (or disease history),States,Maine,2012-13,95.1,14313,94.6,‡,NULL,Census
Varicella,1 Dose (or disease history),States,California,2012-13,95.6,535523,99,‡,NULL,Census
MMR (PAC),MMR (PAC),States,New Jersey,2018-19,97.5,NULL,NULL,NULL,NULL,NULL
MMR (PAC),MMR (PAC),States,Georgia,2018-19,97.5,NULL,NULL,NULL,NULL,NULL
MMR (PAC),MMR (PAC),States,Montana,2018-19,95.5,NULL,NULL,NULL,NULL,NULL
MMR (PAC),MMR (PAC),States,Wisconsin,2018-19,95.3,NULL,NULL,NULL,NULL,NULL
MMR (PAC),MMR (PAC),States,Washington,2018-19,95,NULL,NULL,NULL,NULL,NULL
MMR (PAC),MMR (PAC),States,Utah,2018-19,94.8,NULL,NULL,NULL,NULL,NULL
MMR (PAC),MMR (PAC),States,Maine,2018-19,94.8,NULL,NULL,NULL,NULL,NULL
MMR (PAC),MMR (PAC),States,Arizona,2018-19,94.7,NULL,NULL,NULL,NULL,NULL
MMR (PAC),MMR (PAC),States,Oregon,2018-19,93.9,NULL,NULL,NULL,NULL,NULL
MMR (PAC),MMR (PAC),States,Idaho,2018-19,93.6,NULL,NULL,NULL,NULL,NULL
MMR (PAC),MMR (PAC),States,Oklahoma,2018-19,97.6,NULL,NULL,NULL,NULL,NULL
MMR (PAC),MMR (PAC),States,Ohio,2018-19,97.6,NULL,NULL,NULL,NULL,NULL
MMR (PAC),MMR (PAC),States,Iowa,2018-19,97.6,NULL,NULL,NULL,NULL,NULL
MMR (PAC),MMR (PAC),States,New York,2018-19,97.7,NULL,NULL,NULL,NULL,NULL
MMR (PAC),MMR (PAC),States,Kansas,2018-19,97.9,NULL,NULL,NULL,NULL,NULL
MMR (PAC),MMR (PAC),States,Texas,2018-19,97.9,NULL,NULL,NULL,NULL,NULL
MMR (PAC),MMR (PAC),States,Tennessee,2018-19,98.1,NULL,NULL,NULL,NULL,NULL
MMR (PAC),MMR (PAC),States,Nebraska,2018-19,98.2,NULL,NULL,NULL,NULL,NULL
MMR (PAC),MMR (PAC),States,Arkansas,2018-19,98.2,NULL,NULL,NULL,NULL,NULL
MMR (PAC),MMR (PAC),States,Virginia,2018-19,98.3,NULL,NULL,NULL,NULL,NULL
MMR (PAC),MMR (PAC),States,TX-City of Houston,2018-19,98.5,NULL,NULL,NULL,NULL,NULL
MMR (PAC),MMR (PAC),States,New Mexico,2018-19,98.5,NULL,NULL,NULL,NULL,NULL
MMR (PAC),MMR (PAC),States,Illinois,2018-19,98.5,NULL,NULL,NULL,NULL,NULL
MMR (PAC),MMR (PAC),States,Maryland,2018-19,98.5,NULL,NULL,NULL,NULL,NULL
MMR (PAC),MMR (PAC),States,Kentucky,2018-19,98.6,NULL,NULL,NULL,NULL,NULL
MMR (PAC),MMR (PAC),States,Indiana,2018-19,98.7,NULL,NULL,NULL,NULL,NULL
MMR (PAC),MMR (PAC),States,Louisiana,2018-19,98.8,NULL,NULL,NULL,NULL,NULL
MMR (PAC),MMR (PAC),States,NY-City of New York,2018-19,98.8,NULL,NULL,NULL,NULL,NULL
MMR (PAC),MMR (PAC),States,Pennsylvania,2018-19,97.1,NULL,NULL,NULL,NULL,NULL
MMR (PAC),MMR (PAC),States,Florida,2018-19,96.8,NULL,NULL,NULL,NULL,NULL
MMR (PAC),MMR (PAC),States,Arkansas,2019-20,98.2,NULL,NULL,NULL,NULL,NULL
MMR (PAC),MMR (PAC),States,Kentucky,2019-20,98.2,NULL,NULL,NULL,NULL,NULL
MMR (PAC),MMR (PAC),States,Oklahoma,2019-20,97.5,NULL,NULL,NULL,NULL,NULL
MMR (PAC),MMR (PAC),States,Ohio,2019-20,97.6,NULL,NULL,NULL,NULL,NULL
MMR (PAC),MMR (PAC),States,Connecticut,2019-20,97.5,NULL,NULL,NULL,NULL,NULL
MMR (PAC),MMR (PAC),States,Iowa,2019-20,97.5,NULL,NULL,NULL,NULL,NULL
MMR (PAC),MMR (PAC),States,Idaho,2019-20,93.4,NULL,NULL,NULL,NULL,NULL
MMR (PAC),MMR (PAC),States,Hawaii,2019-20,93.9,NULL,NULL,NULL,NULL,NULL
MMR (PAC),MMR (PAC),States,Oregon,2019-20,94.3,NULL,NULL,NULL,NULL,NULL
MMR (PAC),MMR (PAC),States,Wisconsin,2019-20,94.3,NULL,NULL,NULL,NULL,NULL
Varicella,1 Dose (or disease history),States,North Dakota,2011-12,NA,8412,5.8,¶,NULL,Convenient
Varicella,1 Dose (or disease history),States,Maryland,2011-12,99.7,72957,67.2,NULL,NULL,Voluntary Response
Varicella,1 Dose (or disease history),States,Texas,2011-12,NA,388178,100,*,NULL,Census
Varicella,1 Dose (or disease history),States,Georgia,2011-12,NA,143065,1.9,NULL,NULL,2-stage Cluster Sample
MMR (PAC),MMR (PAC),States,Minnesota,2019-20,96.3,NULL,NULL,NULL,NULL,NULL
MMR (PAC),MMR (PAC),States,Michigan,2019-20,96,NULL,NULL,NULL,NULL,NULL
MMR (PAC),MMR (PAC),States,Montana,2019-20,95.7,NULL,NULL,NULL,NULL,NULL
MMR (PAC),MMR (PAC),States,Colorado,2019-20,95.5,NULL,NULL,NULL,NULL,NULL
MMR (PAC),MMR (PAC),States,Arizona,2019-20,95.3,NULL,NULL,NULL,NULL,NULL
MMR (PAC),MMR (PAC),States,Utah,2019-20,95.1,NULL,NULL,NULL,NULL,NULL
MMR (PAC),MMR (PAC),States,Idaho,2020-21,93.6,NULL,NULL,NULL,NULL,NULL
MMR (PAC),MMR (PAC),States,New York,2020-21,99.9,NULL,NULL,NULL,NULL,NULL
MMR (PAC),MMR (PAC),States,Mississippi,2020-21,99.9,NULL,NULL,NULL,NULL,NULL
MMR (PAC),MMR (PAC),States,District of Columbia,2020-21,99.7,NULL,NULL,NULL,NULL,NULL
MMR (PAC),MMR (PAC),States,California,2020-21,99.5,NULL,NULL,NULL,NULL,NULL
MMR (PAC),MMR (PAC),States,Massachusetts,2020-21,99.2,NULL,NULL,NULL,NULL,NULL
MMR (PAC),MMR (PAC),States,Rhode Island,2020-21,99.2,NULL,NULL,NULL,NULL,NULL
MMR (PAC),MMR (PAC),States,Maryland,2020-21,99.1,NULL,NULL,NULL,NULL,NULL
MMR (PAC),MMR (PAC),States,New Mexico,2020-21,99.1,NULL,NULL,NULL,NULL,NULL
MMR (PAC),MMR (PAC),States,Kentucky,2020-21,99,NULL,NULL,NULL,NULL,NULL
MMR (PAC),MMR (PAC),States,TX-City of Houston,2020-21,98.9,NULL,NULL,NULL,NULL,NULL
MMR (PAC),MMR (PAC),States,Louisiana,2020-21,98.9,NULL,NULL,NULL,NULL,NULL
MMR (PAC),MMR (PAC),States,North Carolina,2020-21,98.9,NULL,NULL,NULL,NULL,NULL
MMR (PAC),MMR (PAC),States,Utah,2020-21,95.4,NULL,NULL,NULL,NULL,NULL
MMR (PAC),MMR (PAC),States,Arizona,2020-21,95.6,NULL,NULL,NULL,NULL,NULL
MMR (PAC),MMR (PAC),States,Hawaii,2020-21,96.3,NULL,NULL,NULL,NULL,NULL
MMR (PAC),MMR (PAC),States,Montana,2020-21,96.5,NULL,NULL,NULL,NULL,NULL
MMR (PAC),MMR (PAC),States,South Dakota,2020-21,96.6,NULL,NULL,NULL,NULL,NULL
MMR (PAC),MMR (PAC),States,Colorado,2020-21,96.6,NULL,NULL,NULL,NULL,NULL
MMR (PAC),MMR (PAC),States,Oregon,2020-21,96.7,NULL,NULL,NULL,NULL,NULL
MMR (PAC),MMR (PAC),States,Maine,2020-21,96.7,NULL,NULL,NULL,NULL,NULL
MMR (PAC),MMR (PAC),States,North Dakota,2020-21,96.8,NULL,NULL,NULL,NULL,NULL
MMR (PAC),MMR (PAC),States,Nevada,2020-21,96.9,NULL,NULL,NULL,NULL,NULL
MMR (PAC),MMR (PAC),States,Delaware,2018-19,98.8,NULL,NULL,NULL,NULL,NULL
MMR (PAC),MMR (PAC),States,Rhode Island,2018-19,99,NULL,NULL,NULL,NULL,NULL
Varicella,1 Dose (or disease history),States,New Hampshire,2012-13,NA,12943,99.2,NULL,NULL,Census
Varicella,1 Dose (or disease history),States,New Mexico,2012-13,NA,29279,3.3,‡,NULL,2-stage Cluster Sample
Varicella,1 Dose (or disease history),States,Tennessee,2013-14,NA,80212,99.8,NULL,NULL,Census
Varicella,1 Dose (or disease history),States,Texas,2013-14,NA,409255,97.1,‡,NULL,Census
Varicella,1 Dose (or disease history),States,Vermont,2013-14,NA,6771,100,*,NULL,Census
MMR (PAC),MMR (PAC),States,Hawaii,2018-19,95.6,NULL,NULL,NULL,NULL,NULL
MMR (PAC),MMR (PAC),States,Michigan,2018-19,95.9,NULL,NULL,NULL,NULL,NULL
MMR (PAC),MMR (PAC),States,Vermont,2018-19,96.1,NULL,NULL,NULL,NULL,NULL
MMR (PAC),MMR (PAC),States,North Dakota,2018-19,96.3,NULL,NULL,NULL,NULL,NULL
MMR (PAC),MMR (PAC),States,Minnesota,2018-19,96.4,NULL,NULL,NULL,NULL,NULL
MMR (PAC),MMR (PAC),States,Wyoming,2018-19,97.2,NULL,NULL,NULL,NULL,NULL
MMR (PAC),MMR (PAC),States,Missouri,2018-19,97.3,NULL,NULL,NULL,NULL,NULL
MMR (PAC),MMR (PAC),States,Connecticut,2018-19,97.3,NULL,NULL,NULL,NULL,NULL
MMR (PAC),MMR (PAC),States,South Carolina,2018-19,97.4,NULL,NULL,NULL,NULL,NULL
MMR (PAC),MMR (PAC),States,South Dakota,2018-19,97.4,NULL,NULL,NULL,NULL,NULL
Varicella,1 Dose (or disease history),States,Oklahoma,2013-14,98,57377,71.3,NULL,NULL,Voluntary response
Varicella,1 Dose (or disease history),States,New York,2013-14,98.2,240318,100,*. ‡,NULL,Census
Varicella,1 Dose (or disease history),States,Maryland,2013-14,99,75659,96.9,‡,NULL,Census
Varicella,1 Dose (or disease history),States,Kentucky,2013-14,NA,57857,100,*,NULL,Census
Varicella,1 Dose (or disease history),States,Kansas,2013-14,NA,41107,29,†. ‡,NULL,Stratified 1-stage sample (Public); Census (Private)
Varicella,1 Dose (or disease history),States,Iowa,2013-14,NA,43728,94.6,NULL,NULL,Census
Varicella,1 Dose (or disease history),States,Indiana,2013-14,NA,87193,70.3,NULL,NULL,Voluntary response
Varicella,1 Dose (or disease history),States,Alaska,2013-14,NA,10222,9.3,†,NULL,Stratified  2-stage cluster sample
Varicella,1 Dose (or disease history),States,Utah,2013-14,99.6,54779,100,*,NULL,Census
Varicella,1 Dose (or disease history),States,Wisconsin,2013-14,NA,71363,2.8,‡,NULL,Stratified  2-stage cluster sample
Varicella,1 Dose (or disease history),States,Rhode Island,2013-14,NA,11521,99.1,‡,NULL,Census
Varicella,1 Dose (or disease history),States,Pennsylvania,2013-14,NA,151253,100,*. ‡,NULL,Census
Varicella,1 Dose (or disease history),States,Wyoming,2013-14,NA,NULL,NULL,NULL,NULL,Not conducted
MMR (PAC),MMR (PAC),States,Maine,2019-20,95,NULL,NULL,NULL,NULL,NULL
MMR (PAC),MMR (PAC),States,NY-City of New York,2019-20,99.9,NULL,NULL,NULL,NULL,NULL
MMR (PAC),MMR (PAC),States,West Virginia,2019-20,99.9,NULL,NULL,NULL,NULL,NULL
MMR (PAC),MMR (PAC),States,New York,2019-20,99.9,NULL,NULL,NULL,NULL,NULL
MMR (PAC),MMR (PAC),States,Mississippi,2019-20,99.8,NULL,NULL,NULL,NULL,NULL
MMR (PAC),MMR (PAC),States,Illinois,2019-20,99.3,NULL,NULL,NULL,NULL,NULL
MMR (PAC),MMR (PAC),States,California,2019-20,99.2,NULL,NULL,NULL,NULL,NULL
MMR (PAC),MMR (PAC),States,Rhode Island,2019-20,98.9,NULL,NULL,NULL,NULL,NULL
MMR (PAC),MMR (PAC),States,Massachusetts,2019-20,98.8,NULL,NULL,NULL,NULL,NULL
MMR (PAC),MMR (PAC),States,Alabama,2019-20,98.8,NULL,NULL,NULL,NULL,NULL
MMR (PAC),MMR (PAC),States,TX-City of Houston,2019-20,98.7,NULL,NULL,NULL,NULL,NULL
MMR (PAC),MMR (PAC),States,Maryland,2019-20,98.6,NULL,NULL,NULL,NULL,NULL
MMR (PAC),MMR (PAC),States,Louisiana,2019-20,98.5,NULL,NULL,NULL,NULL,NULL
MMR (PAC),MMR (PAC),States,New Mexico,2019-20,98.5,NULL,NULL,NULL,NULL,NULL
MMR (PAC),MMR (PAC),States,North Carolina,2019-20,98.3,NULL,NULL,NULL,NULL,NULL
MMR (PAC),MMR (PAC),States,Virginia,2019-20,98.3,NULL,NULL,NULL,NULL,NULL
MMR (PAC),MMR (PAC),States,Louisiana,2021-22,98.9,NULL,NULL,NULL,NULL,NULL
MMR (PAC),MMR (PAC),States,NY-City of New York,2021-22,100,NULL,NULL,NULL,NULL,NULL
MMR (PAC),MMR (PAC),States,Idaho,2021-22,90.9,NULL,NULL,NULL,NULL,NULL
Varicella,2 Doses (or disease history),States,Washington,2021-22,91.3,87256,97.3,§,NULL,"Census (pub.), vol. response (pvt.)"
MMR (PAC),MMR (PAC),States,New Jersey,2019-20,97.4,NULL,NULL,NULL,NULL,NULL
MMR (PAC),MMR (PAC),States,South Carolina,2019-20,97.4,NULL,NULL,NULL,NULL,NULL
MMR (PAC),MMR (PAC),States,South Dakota,2019-20,97.3,NULL,NULL,NULL,NULL,NULL
MMR (PAC),MMR (PAC),States,Missouri,2019-20,97.3,NULL,NULL,NULL,NULL,NULL
MMR (PAC),MMR (PAC),States,Washington,2019-20,97.1,NULL,NULL,NULL,NULL,NULL
MMR (PAC),MMR (PAC),States,Wyoming,2019-20,97.1,NULL,NULL,NULL,NULL,NULL
MMR (PAC),MMR (PAC),States,Georgia,2019-20,97,NULL,NULL,NULL,NULL,NULL
MMR (PAC),MMR (PAC),States,Pennsylvania,2019-20,97,NULL,NULL,NULL,NULL,NULL
MMR (PAC),MMR (PAC),States,Vermont,2019-20,96.9,NULL,NULL,NULL,NULL,NULL
MMR (PAC),MMR (PAC),States,New Hampshire,2019-20,96.9,NULL,NULL,NULL,NULL,NULL
MMR (PAC),MMR (PAC),States,Florida,2019-20,96.6,NULL,NULL,NULL,NULL,NULL
MMR (PAC),MMR (PAC),States,North Dakota,2019-20,96.6,NULL,NULL,NULL,NULL,NULL
MMR (PAC),MMR (PAC),States,Nevada,2019-20,96.3,NULL,NULL,NULL,NULL,NULL
Varicella,2 Doses (or disease history),States,Missouri,2021-22,91.2,71034,100,*,NULL,Census
Varicella,1 Dose (or disease history),States,Ohio,2012-13,NA,163687,86.9,NULL,NULL,Census
Varicella,1 Dose (or disease history),States,North Dakota,2012-13,NA,9503,4.9,NULL,NULL,2-stage Cluster Sample
Varicella,1 Dose (or disease history),States,Alaska,2012-13,NA,10319,97.8,NULL,NULL,Census
Varicella,1 Dose (or disease history),States,Arkansas,2012-13,NA,43212,96.3,‡,NULL,Census
Varicella,1 Dose (or disease history),States,Colorado,2012-13,NA,70657,0.5,NULL,NULL,Simple Random Sample
Varicella,1 Dose (or disease history),States,Connecticut,2012-13,NA,41604,100,*,NULL,Census
Varicella,1 Dose (or disease history),States,Delaware,2012-13,NA,11997,7.8,NULL,NULL,2-stage Cluster Sample
Varicella,1 Dose (or disease history),States,District of Columbia,2012-13,NA,7842,100,*,NULL,Census
Varicella,1 Dose (or disease history),States,Florida,2012-13,NA,234628,100,*. §,NULL,Census
Varicella,1 Dose (or disease history),States,Georgia,2012-13,NA,142732,2.4,NULL,NULL,2-stage Cluster Sample
Varicella,1 Dose (or disease history),States,Hawaii,2012-13,NA,20104,6.7,NULL,NULL,2-stage Cluster Sample
Varicella,1 Dose (or disease history),States,Idaho,2012-13,NA,23888,100,*,NULL,Census
Varicella,1 Dose (or disease history),States,Indiana,2012-13,NA,86983,83.4,NULL,NULL,Voluntary Response
Varicella,1 Dose (or disease history),States,Iowa,2012-13,NA,41701,99.9,NULL,NULL,Census
Varicella,1 Dose (or disease history),States,Kansas,2012-13,NA,40738,31.8,†. ‡,NULL,Stratified 1-stage sample  (Public);  Census (Private)
Varicella,1 Dose (or disease history),States,Kentucky,2012-13,NA,58466,97.2,‡,NULL,Census
Varicella,1 Dose (or disease history),States,Louisiana,2012-13,NA,68874,100,*,NULL,Census
Varicella,1 Dose (or disease history),States,Massachusetts,2012-13,NA,79661,97.6,‡,NULL,Census
Varicella,1 Dose (or disease history),States,Michigan,2012-13,NA,124662,100,*,NULL,Census
Varicella,1 Dose (or disease history),States,Minnesota,2012-13,NA,73310,100,*. ‡,NULL,Census
Varicella,1 Dose (or disease history),States,Mississippi,2012-13,NA,46595,100,*,NULL,Census
Varicella,1 Dose (or disease history),States,Missouri,2012-13,NA,78416,5.9,NULL,NULL,2-stage Cluster Sample
Varicella,1 Dose (or disease history),States,Montana,2012-13,NReq,12516,95.8,NULL,NULL,Census
Varicella,1 Dose (or disease history),States,Nebraska,2012-13,NA,24999,96.6,‡,NULL,Census
Varicella,1 Dose (or disease history),States,Nevada,2012-13,NA,36070,4.3,NULL,NULL,2-stage Cluster Sample
MMR (PAC),MMR (PAC),States,Delaware,2020-21,97.6,NULL,NULL,NULL,NULL,NULL
MMR (PAC),MMR (PAC),States,South Carolina,2020-21,97.6,NULL,NULL,NULL,NULL,NULL
MMR (PAC),MMR (PAC),States,Minnesota,2020-21,97.7,NULL,NULL,NULL,NULL,NULL
MMR (PAC),MMR (PAC),States,Iowa,2020-21,97.8,NULL,NULL,NULL,NULL,NULL
MMR (PAC),MMR (PAC),States,Missouri,2020-21,97.8,NULL,NULL,NULL,NULL,NULL
MMR (PAC),MMR (PAC),States,New Jersey,2020-21,97.8,NULL,NULL,NULL,NULL,NULL
Varicella,1 Dose (or disease history),States,Virginia,2013-14,NA,105692,4.1,NULL,NULL,2-stage cluster  sample
Varicella,1 Dose (or disease history),States,Washington,2013-14,NA,89165,88.5,NULL,NULL,Voluntary response
Varicella,1 Dose (or disease history),States,West Virginia,2013-14,NA,22814,84.7,NULL,NULL,Voluntary response
Varicella,1 Dose (or disease history),States,Alabama,2013-14,92,76927,100,≥. *. **,NULL,Census
Varicella,1 Dose (or disease history),States,Maine,2013-14,93.8,15441,82.4,‡,NULL,Voluntary response
Varicella,1 Dose (or disease history),States,Oregon,2013-14,94.3,47649,100,*. ‡,NULL,Census
Varicella,1 Dose (or disease history),States,South Carolina,2013-14,94.4,61661,11,NULL,NULL,1-stage stratified sample
Varicella,1 Dose (or disease history),States,California,2013-14,95.3,548606,97.3,‡,NULL,Census
Varicella,1 Dose (or disease history),States,Arizona,2013-14,96.4,89606,95.8,NULL,NULL,Census
Varicella,1 Dose (or disease history),States,Illinois,2013-14,96.6,163316,100,*,NULL,Census
Varicella,1 Dose (or disease history),States,New Jersey,2013-14,96.8,123085,95.4,≥. ‡,NULL,Census
MMR (PAC),MMR (PAC),States,District of Columbia,2021-22,99.5,NULL,NULL,NULL,NULL,NULL
MMR (PAC),MMR (PAC),States,North Carolina,2021-22,99.7,NULL,NULL,NULL,NULL,NULL
MMR (PAC),MMR (PAC),States,California,2021-22,99.7,NULL,NULL,NULL,NULL,NULL
MMR (PAC),MMR (PAC),States,West Virginia,2021-22,99.9,NULL,NULL,NULL,NULL,NULL
MMR (PAC),MMR (PAC),States,Mississippi,2021-22,99.9,NULL,NULL,NULL,NULL,NULL
MMR (PAC),MMR (PAC),States,New York,2021-22,99.9,NULL,NULL,NULL,NULL,NULL
MMR (PAC),MMR (PAC),States,Texas,2021-22,97.4,NULL,NULL,NULL,NULL,NULL
MMR (PAC),MMR (PAC),States,New Jersey,2021-22,97.4,NULL,NULL,NULL,NULL,NULL
MMR (PAC),MMR (PAC),States,South Carolina,2021-22,97.3,NULL,NULL,NULL,NULL,NULL
MMR (PAC),MMR (PAC),States,Ohio,2021-22,97.3,NULL,NULL,NULL,NULL,NULL
MMR (PAC),MMR (PAC),States,Vermont,2021-22,97.3,NULL,NULL,NULL,NULL,NULL
MMR (PAC),MMR (PAC),States,Arkansas,2021-22,97.5,NULL,NULL,NULL,NULL,NULL
MMR (PAC),MMR (PAC),States,Indiana,2021-22,97.6,NULL,NULL,NULL,NULL,NULL
MMR (PAC),MMR (PAC),States,Nebraska,2021-22,97.6,NULL,NULL,NULL,NULL,NULL
MMR (PAC),MMR (PAC),States,Iowa,2021-22,97.6,NULL,NULL,NULL,NULL,NULL
MMR (PAC),MMR (PAC),States,Tennessee,2021-22,97.6,NULL,NULL,NULL,NULL,NULL
MMR (PAC),MMR (PAC),States,Kansas,2021-22,97.7,NULL,NULL,NULL,NULL,NULL
MMR (PAC),MMR (PAC),States,Connecticut,2021-22,97.7,NULL,NULL,NULL,NULL,NULL
MMR (PAC),MMR (PAC),States,Virginia,2021-22,98.2,NULL,NULL,NULL,NULL,NULL
MMR (PAC),MMR (PAC),States,Illinois,2021-22,98.3,NULL,NULL,NULL,NULL,NULL
MMR (PAC),MMR (PAC),States,Alabama,2021-22,98.3,NULL,NULL,NULL,NULL,NULL
MMR (PAC),MMR (PAC),States,Maryland,2021-22,98.5,NULL,NULL,NULL,NULL,NULL
MMR (PAC),MMR (PAC),States,New Mexico,2021-22,98.6,NULL,NULL,NULL,NULL,NULL
MMR (PAC),MMR (PAC),States,TX-City of Houston,2021-22,98.6,NULL,NULL,NULL,NULL,NULL
MMR (PAC),MMR (PAC),States,Kentucky,2021-22,98.7,NULL,NULL,NULL,NULL,NULL
MMR (PAC),MMR (PAC),States,Maine,2021-22,98.8,NULL,NULL,NULL,NULL,NULL
MMR (PAC),MMR (PAC),States,Delaware,2021-22,98.8,NULL,NULL,NULL,NULL,NULL
Varicella,1 Dose (or disease history),States,Colorado,2014-15,NA,70597,0.5,NULL,NULL,Simple random sample
Varicella,1 Dose (or disease history),States,Connecticut,2014-15,NA,39948,100,*,NULL,Census
Varicella,1 Dose (or disease history),States,Delaware,2014-15,NA,11476,7.9,NULL,NULL,Stratified 2-stage cluster sample
Varicella,1 Dose (or disease history),States,District of Columbia,2014-15,NA,7840,100,*,NULL,Census
Varicella,1 Dose (or disease history),States,Florida,2014-15,NA,228982,100,*. §,NULL,Census
Varicella,1 Dose (or disease history),States,Georgia,2014-15,NA,139471,100,*,NULL,Census
Varicella,1 Dose (or disease history),States,Hawaii,2014-15,NA,20085,5.6,NULL,NULL,Stratified 2-stage cluster sample
Varicella,2 Doses (or disease history),States,Louisiana,2021-22,91.4,66518,100,*,NULL,Census
Varicella,2 Doses (or disease history),States,Florida,2021-22,91.7,229432,97.8,>=. §,NULL,Census
Varicella,2 Doses (or disease history),States,Indiana,2021-22,91.7,83198,75.1,§,NULL,Vol. response
Varicella,2 Doses (or disease history),States,Illinois,2021-22,91.8,137699,100,*,NULL,Census
Varicella,2 Doses (or disease history),States,Arkansas,2021-22,91.9,39358,96.3,NULL,NULL,"Census (pub.), vol. response (pvt.)"
Varicella,2 Doses (or disease history),States,South Dakota,2021-22,91.9,12251,100,*,NULL,Census
Varicella,2 Doses (or disease history),States,Connecticut,2021-22,95.5,35451,100,*,NULL,Census
Varicella,2 Doses (or disease history),States,Nebraska,2021-22,95.5,25018,99.5,‡,NULL,Census
Varicella,2 Doses (or disease history),States,Maine,2021-22,95.5,12881,91.6,NULL,NULL,Census
Varicella,2 Doses (or disease history),States,Delaware,2021-22,95.7,11181,9.5,‡,NULL,Stratified 2-stage cluster sample
Varicella,2 Doses (or disease history),States,Rhode Island,2020-21,96.7,10402,93,‡.§,NULL,Census
Varicella,2 Doses (or disease history),States,Georgia,2020-21,88.5,83191,100,>=.*,NULL,Census
Varicella,2 Doses (or disease history),States,Kentucky,2020-21,88.3,59233,86.4,‡.§,NULL,Census (public). voluntary response (private)
Varicella,2 Doses (or disease history),States,Maryland,2020-21,87.3,65764,75.6,‡,NULL,Voluntary response
Varicella,2 Doses (or disease history),States,Arizona,2021-22,NReq,83463,97,NULL,NULL,Census
Varicella,2 Doses (or disease history),States,Alabama,2021-22,NReq,60332,100,>=. *,NULL,Census
Varicella,2 Doses (or disease history),States,New Jersey,2021-22,NReq,104240,100,>=. §. *,NULL,Census
Varicella,2 Doses (or disease history),States,Oregon,2021-22,NReq,41538,100,*. ‡,NULL,Census
Varicella,2 Doses (or disease history),States,Oklahoma,2021-22,NReq,54042,84.3,‡,NULL,Vol. response
Varicella,2 Doses (or disease history),States,Alaska,2021-22,76.1,9790,76.2,NULL,NULL,"Vol. response (pub.), not conducted (pvt.)"
Varicella,2 Doses (or disease history),States,Nevada,2021-22,92.1,36855,99.2,NULL,NULL,"Census (pub.), vol. response (pvt.)"
Varicella,2 Doses (or disease history),States,South Carolina,2021-22,92.4,58276,27.2,†,NULL,1-stage cluster sample
Varicella,2 Doses (or disease history),States,Vermont,2021-22,92.6,6126,100,*,NULL,Census
Varicella,2 Doses (or disease history),States,Maryland,2021-22,92.7,53866,98.4,‡,NULL,Census
Varicella,2 Doses (or disease history),States,Utah,2021-22,92.8,48995,100,*,NULL,Census
Varicella,2 Doses (or disease history),States,Texas,2021-22,93.5,389037,99.3,‡. §,NULL,Census
Varicella,2 Doses (or disease history),States,New Mexico,2021-22,93.6,20736,100,*,NULL,Census
Varicella,2 Doses (or disease history),States,Wyoming,2021-22,93.6,7382,100,*,NULL,Census
MMR (PAC),MMR (PAC),States,Florida,2020-21,96.9,NULL,NULL,NULL,NULL,NULL
MMR (PAC),MMR (PAC),States,Wyoming,2020-21,97,NULL,NULL,NULL,NULL,NULL
MMR (PAC),MMR (PAC),States,Georgia,2020-21,97.1,NULL,NULL,NULL,NULL,NULL
MMR (PAC),MMR (PAC),States,Michigan,2020-21,97.2,NULL,NULL,NULL,NULL,NULL
MMR (PAC),MMR (PAC),States,New Hampshire,2020-21,97.2,NULL,NULL,NULL,NULL,NULL
MMR (PAC),MMR (PAC),States,Pennsylvania,2020-21,97.3,NULL,NULL,NULL,NULL,NULL
MMR (PAC),MMR (PAC),States,Connecticut,2020-21,97.4,NULL,NULL,NULL,NULL,NULL
MMR (PAC),MMR (PAC),States,Nebraska,2022-23,97.8,NULL,NULL,NULL,NULL,NULL
MMR (PAC),MMR (PAC),States,Illinois,2022-23,97.9,NULL,NULL,NULL,NULL,NULL
MMR (PAC),MMR (PAC),States,Alabama,2022-23,98,NULL,NULL,NULL,NULL,NULL
MMR (PAC),MMR (PAC),States,Maryland,2022-23,98.1,NULL,NULL,NULL,NULL,NULL
MMR (PAC),MMR (PAC),States,Massachusetts,2022-23,98.7,NULL,NULL,NULL,NULL,NULL
MMR (PAC),MMR (PAC),States,District of Columbia,2022-23,99.2,NULL,NULL,NULL,NULL,NULL
MMR (PAC),MMR (PAC),States,Connecticut,2022-23,99.2,NULL,NULL,NULL,NULL,NULL
MMR (PAC),MMR (PAC),States,Maine,2022-23,99.3,NULL,NULL,NULL,NULL,NULL
Varicella,1 Dose (or disease history),States,Ohio,2013-14,NA,150000,92.5,NULL,NULL,Census
MMR (PAC),MMR (PAC),States,NY-City of New York,2020-21,100,NULL,NULL,NULL,NULL,NULL
MMR (PAC),MMR (PAC),States,Wisconsin,2020-21,94.8,NULL,NULL,NULL,NULL,NULL
MMR (PAC),MMR (PAC),States,Oklahoma,2020-21,97.9,NULL,NULL,NULL,NULL,NULL
MMR (PAC),MMR (PAC),States,Kansas,2020-21,98,NULL,NULL,NULL,NULL,NULL
MMR (PAC),MMR (PAC),States,Vermont,2020-21,98.1,NULL,NULL,NULL,NULL,NULL
MMR (PAC),MMR (PAC),States,Indiana,2020-21,98.1,NULL,NULL,NULL,NULL,NULL
MMR (PAC),MMR (PAC),States,Ohio,2020-21,98.1,NULL,NULL,NULL,NULL,NULL
MMR (PAC),MMR (PAC),States,Tennessee,2020-21,98.1,NULL,NULL,NULL,NULL,NULL
MMR (PAC),MMR (PAC),States,Texas,2020-21,98.1,NULL,NULL,NULL,NULL,NULL
MMR (PAC),MMR (PAC),States,Washington,2020-21,98.2,NULL,NULL,NULL,NULL,NULL
MMR (PAC),MMR (PAC),States,Arkansas,2020-21,98.4,NULL,NULL,NULL,NULL,NULL
MMR (PAC),MMR (PAC),States,Virginia,2020-21,98.5,NULL,NULL,NULL,NULL,NULL
MMR (PAC),MMR (PAC),States,Nebraska,2020-21,98.6,NULL,NULL,NULL,NULL,NULL
MMR (PAC),MMR (PAC),States,Alabama,2020-21,98.7,NULL,NULL,NULL,NULL,NULL
MMR (PAC),MMR (PAC),States,Rhode Island,2021-22,99,NULL,NULL,NULL,NULL,NULL
MMR (PAC),MMR (PAC),States,Massachusetts,2021-22,99.1,NULL,NULL,NULL,NULL,NULL
Varicella,1 Dose (or disease history),States,Michigan,2013-14,NA,120297,100,*,NULL,Census
Varicella,1 Dose (or disease history),States,Massachusetts,2013-14,NA,79894,97.9,‡,NULL,Census
Varicella,1 Dose (or disease history),States,Louisiana,2013-14,NA,63976,100,*,NULL,Census
Varicella,1 Dose (or disease history),States,South Dakota,2013-14,NA,12566,100,*,NULL,Census
Varicella,1 Dose (or disease history),States,West Virginia,2014-15,NA,22016,81.3,NULL,NULL,Voluntary response
Varicella,1 Dose (or disease history),States,Washington,2014-15,NA,88809,96.7,NULL,NULL,Census (public); Voluntary response (private)
Varicella,1 Dose (or disease history),States,Virginia,2014-15,NA,103821,4.1,NULL,NULL,Stratified 2-stage cluster sample
Varicella,1 Dose (or disease history),States,North Carolina,2014-15,97.5,129792,95,NULL,NULL,Census (public). Voluntary response (private)
Varicella,1 Dose (or disease history),States,Utah,2014-15,97.2,50916,100,*,NULL,Census
Varicella,1 Dose (or disease history),States,Arizona,2014-15,96.6,86153,98.3,NULL,NULL,Census
Varicella,1 Dose (or disease history),States,Maine,2014-15,96.2,13704,88.9,‡,NULL,Voluntary response (public); Census (private)
Varicella,1 Dose (or disease history),States,California,2014-15,95.5,552583,96.9,‡,NULL,Census
Varicella,1 Dose (or disease history),States,Oregon,2014-15,95.2,46229,100,*. ‡,NULL,Census
Varicella,1 Dose (or disease history),States,Alabama,2014-15,93.5,59660,100,≥. *,NULL,Census
Varicella,1 Dose (or disease history),States,Oklahoma,2014-15,92.5,56967,95.9,‡,NULL,Census
Varicella,1 Dose (or disease history),States,New Jersey,2014-15,92.3,120471,93.9,≥. ‡,NULL,Census (public); Voluntary response (private)
Varicella,1 Dose (or disease history),States,Alaska,2014-15,NA,10129,7.8,†,NULL,Stratified 2-stage cluster sample
Varicella,1 Dose (or disease history),States,Arkansas,2014-15,NA,41252,95.9,‡,NULL,Census (public); Voluntary response (private)
MMR (PAC),MMR (PAC),States,Nevada,2021-22,95.7,NULL,NULL,NULL,NULL,NULL
MMR (PAC),MMR (PAC),States,Alaska,2021-22,95.7,NULL,NULL,NULL,NULL,NULL
MMR (PAC),MMR (PAC),States,Michigan,2021-22,95.8,NULL,NULL,NULL,NULL,NULL
MMR (PAC),MMR (PAC),States,Florida,2021-22,96.1,NULL,NULL,NULL,NULL,NULL
MMR (PAC),MMR (PAC),States,Minnesota,2021-22,96.3,NULL,NULL,NULL,NULL,NULL
MMR (PAC),MMR (PAC),States,Wyoming,2021-22,96.3,NULL,NULL,NULL,NULL,NULL
MMR (PAC),MMR (PAC),States,South Dakota,2021-22,96.5,NULL,NULL,NULL,NULL,NULL
MMR (PAC),MMR (PAC),States,New Hampshire,2021-22,96.6,NULL,NULL,NULL,NULL,NULL
Varicella,1 Dose (or disease history),States,Idaho,2014-15,NA,22968,100,*,NULL,Census
Varicella,1 Dose (or disease history),States,Illinois,2014-15,NA,156942,100,*,NULL,Census
Varicella,1 Dose (or disease history),States,Wyoming,2014-15,NA,7983,97.9,¶,NULL,Census
Varicella,1 Dose (or disease history),States,Vermont,2014-15,NA,6277,100,*,NULL,Census
Varicella,1 Dose (or disease history),States,Texas,2014-15,NA,406099,98.3,‡,NULL,Census (public); Voluntary response (private)
Varicella,1 Dose (or disease history),States,Tennessee,2014-15,NA,78276,100,*,NULL,Census
Varicella,1 Dose (or disease history),States,South Dakota,2014-15,NA,12008,100,*,NULL,Census
Varicella,1 Dose (or disease history),States,South Carolina,2014-15,NA,62864,12.2,NULL,NULL,Stratified 1-stage cluster sample
Varicella,1 Dose (or disease history),States,Rhode Island,2014-15,NA,11163,98.9,‡,NULL,Census
Varicella,2 Doses (or disease history),States,Massachusetts,2021-22,95.7,65582,100,*. ‡,NULL,Census
Varicella,2 Doses (or disease history),States,North Carolina,2021-22,95.9,118191,78.5,§. ‡,NULL,Vol. response
Varicella,2 Doses (or disease history),States,California,2021-22,96,512144,98.4,‡,NULL,Census
Varicella,2 Doses (or disease history),States,NY-City of New York,2021-22,96.7,82938,99.8,NULL,NULL,Census
Varicella,2 Doses (or disease history),States,Rhode Island,2021-22,97,11002,96.9,‡. §,NULL,Census
Varicella,2 Doses (or disease history),States,New York,2021-22,97.4,195377,99.3,NULL,NULL,Census
Varicella,2 Doses (or disease history),States,West Virginia,2021-22,98,18070,85.5,‡. §,NULL,Vol. response
Varicella,2 Doses (or disease history),States,Mississippi,2021-22,98.6,36524,100,>=. *,NULL,Census
MMR (PAC),MMR (PAC),States,Kentucky,2022-23,98.3,NULL,NULL,NULL,NULL,NULL
MMR (PAC),MMR (PAC),States,TX-City of Houston,2022-23,98.2,NULL,NULL,NULL,NULL,NULL
MMR (PAC),MMR (PAC),States,Delaware,2022-23,98.1,NULL,NULL,NULL,NULL,NULL
MMR (PAC),MMR (PAC),States,Michigan,2022-23,94.8,NULL,NULL,NULL,NULL,NULL
MMR (PAC),MMR (PAC),States,Alaska,2022-23,94.6,NULL,NULL,NULL,NULL,NULL
MMR (PAC),MMR (PAC),States,Wisconsin,2022-23,94.2,NULL,NULL,NULL,NULL,NULL
MMR (PAC),MMR (PAC),States,Hawaii,2022-23,93.6,NULL,NULL,NULL,NULL,NULL
MMR (PAC),MMR (PAC),States,Arizona,2022-23,93.3,NULL,NULL,NULL,NULL,NULL
MMR (PAC),MMR (PAC),States,Oregon,2022-23,93.1,NULL,NULL,NULL,NULL,NULL
MMR (PAC),MMR (PAC),States,Utah,2022-23,92.4,NULL,NULL,NULL,NULL,NULL
MMR (PAC),MMR (PAC),States,Idaho,2022-23,88.9,NULL,NULL,NULL,NULL,NULL
MMR (PAC),MMR (PAC),States,Arkansas,2022-23,97,NULL,NULL,NULL,NULL,NULL
MMR (PAC),MMR (PAC),States,Iowa,2022-23,97,NULL,NULL,NULL,NULL,NULL
MMR (PAC),MMR (PAC),States,Kansas,2022-23,97.1,NULL,NULL,NULL,NULL,NULL
MMR (PAC),MMR (PAC),States,Indiana,2022-23,97.2,NULL,NULL,NULL,NULL,NULL
MMR (PAC),MMR (PAC),States,North Carolina,2022-23,97.7,NULL,NULL,NULL,NULL,NULL
MMR (PAC),MMR (PAC),States,Louisiana,2022-23,97.7,NULL,NULL,NULL,NULL,NULL
MMR (PAC),MMR (PAC),States,Virginia,2022-23,97.8,NULL,NULL,NULL,NULL,NULL
Varicella,2 Doses (or disease history),States,Ohio,2021-22,87.9,139077,91.9,NULL,NULL,"Census (pub.), vol. response (pvt.)"
Varicella,2 Doses (or disease history),States,Minnesota,2021-22,88.7,69403,98.7,NULL,NULL,Census
Varicella,2 Doses (or disease history),States,New Hampshire,2021-22,88.7,12157,100,>=. §. *,NULL,Census
Varicella,2 Doses (or disease history),States,Hawaii,2021-22,90.2,13368,6.7,NULL,NULL,Stratified 2-stage cluster sample
Varicella,2 Doses (or disease history),States,Kansas,2021-22,90.2,36526,29.5,†. ‡. §,NULL,Stratified 1-stage cluster sample
Varicella,2 Doses (or disease history),States,Iowa,2021-22,90.6,40111,100,>=. *,NULL,Census
Varicella,2 Doses (or disease history),States,North Dakota,2021-22,91.2,10755,96.6,NULL,NULL,Census
Varicella,1 Dose (or disease history),States,North Dakota,2013-14,NA,9780,96.1,NULL,NULL,Census (Public); Stratified  2-stage cluster sample(Private)
Varicella,1 Dose (or disease history),States,Idaho,2013-14,NA,23934,100,*,NULL,Census
Varicella,1 Dose (or disease history),States,Hawaii,2013-14,NA,20056,5.4,NULL,NULL,Stratified  2-stage cluster sample
Varicella,1 Dose (or disease history),States,Georgia,2013-14,NA,143988,100,*,NULL,Census
Varicella,1 Dose (or disease history),States,Florida,2013-14,NA,233797,100,*. §,NULL,Census
Varicella,1 Dose (or disease history),States,District of Columbia,2013-14,NA,7856,100,*,NULL,Census
Varicella,1 Dose (or disease history),States,Delaware,2013-14,NA,11997,12.2,NULL,NULL,Stratified  2-stage cluster sample
Varicella,1 Dose (or disease history),States,Connecticut,2013-14,NA,40978,100,*,NULL,Census
Varicella,1 Dose (or disease history),States,Colorado,2013-14,NA,69904,0.5,NULL,NULL,Random Sample
Varicella,1 Dose (or disease history),States,Arkansas,2013-14,NA,42649,96.3,NULL,NULL,Census
Varicella,1 Dose (or disease history),States,North Carolina,2013-14,NA,126084,97.7,NULL,NULL,Census
Varicella,1 Dose (or disease history),States,New Mexico,2013-14,NA,30725,2.7,‡,NULL,Stratified  2-stage cluster sample
Varicella,1 Dose (or disease history),States,New Hampshire,2013-14,NA,13240,100,*,NULL,Census
Varicella,1 Dose (or disease history),States,Nevada,2013-14,NA,35782,3.1,NULL,NULL,Stratified  2-stage cluster sample
Varicella,1 Dose (or disease history),States,Nebraska,2013-14,NA,27000,97.3,‡,NULL,Census
Varicella,1 Dose (or disease history),States,Montana,2013-14,NReq,12855,95.4,NULL,NULL,Census
Varicella,1 Dose (or disease history),States,Missouri,2013-14,NA,78140,100,*,NULL,Census
Varicella,1 Dose (or disease history),States,Mississippi,2013-14,NA,45719,100,*,NULL,Census
Varicella,1 Dose (or disease history),States,Minnesota,2013-14,NA,72087,98.5,‡,NULL,Census
Varicella,2 Doses (or disease history),States,Oregon,2022-23,NReq,40963,100,*. ‡,NULL,Census
Varicella,2 Doses (or disease history),States,Oklahoma,2022-23,NReq,52548,89.5,‡,NULL,"Census (pub.), vol. response (pvt.)"
Varicella,2 Doses (or disease history),States,Indiana,2022-23,91.6,81307,87.5,§,NULL,"Vol. response (pub.), census (pvt.)"
Varicella,2 Doses (or disease history),States,South Dakota,2022-23,92,12081,100,*,NULL,Census
Varicella,2 Doses (or disease history),States,Vermont,2022-23,92.6,5816,100,*,NULL,Census
Varicella,2 Doses (or disease history),States,Missouri,2022-23,90.8,69126,100,*,NULL,Census
Varicella,2 Doses (or disease history),States,Arkansas,2022-23,91.1,38358,95.8,NULL,NULL,"Census (pub.), vol. response (pvt.)"
Varicella,2 Doses (or disease history),States,Illinois,2022-23,91.3,135332,100,*,NULL,Census
Varicella,2 Doses (or disease history),States,North Dakota,2022-23,91.4,10554,99.4,NULL,NULL,Census
Varicella,2 Doses (or disease history),States,Michigan,2022-23,92.9,113678,100,*,NULL,Census
MMR (PAC),MMR (PAC),States,Utah,2021-22,93.2,NULL,NULL,NULL,NULL,NULL
MMR (PAC),MMR (PAC),States,Arizona,2021-22,94.2,NULL,NULL,NULL,NULL,NULL
MMR (PAC),MMR (PAC),States,Oregon,2021-22,94.3,NULL,NULL,NULL,NULL,NULL
MMR (PAC),MMR (PAC),States,Wisconsin,2021-22,95.1,NULL,NULL,NULL,NULL,NULL
MMR (PAC),MMR (PAC),States,Georgia,2021-22,95.3,NULL,NULL,NULL,NULL,NULL
MMR (PAC),MMR (PAC),States,North Dakota,2021-22,95.3,NULL,NULL,NULL,NULL,NULL
Varicella,1 Dose (or disease history),States,Virginia,2015-16,NA,100074,4.3,†.§,NULL,Stratified 2-stage cluster sample
Varicella,1 Dose (or disease history),States,Washington,2015-16,NA,86492,97.3,§,NULL,Census
Varicella,1 Dose (or disease history),States,West Virginia,2015-16,NA,21333,87.6,NULL,NULL,Voluntary response
Varicella,1 Dose (or disease history),States,Wisconsin,2015-16,NA,70220,2,‡.§,NULL,Stratified 2-stage cluster sample
Varicella,1 Dose (or disease history),States,Wyoming,2015-16,NA,7825,74,§.¶,NULL,Voluntary response
Varicella,1 Dose (or disease history),States,Maryland,2015-16,NA,72012,94.3,‡,NULL,Census (public); Voluntary response (private)
MMR (PAC),MMR (PAC),States,Hawaii,2021-22,96.6,NULL,NULL,NULL,NULL,NULL
MMR (PAC),MMR (PAC),States,Pennsylvania,2021-22,96.7,NULL,NULL,NULL,NULL,NULL
MMR (PAC),MMR (PAC),States,Oklahoma,2021-22,96.8,NULL,NULL,NULL,NULL,NULL
MMR (PAC),MMR (PAC),States,Missouri,2021-22,97,NULL,NULL,NULL,NULL,NULL
MMR (PAC),MMR (PAC),States,Colorado,2021-22,97,NULL,NULL,NULL,NULL,NULL
MMR (PAC),MMR (PAC),States,Washington,2021-22,97.2,NULL,NULL,NULL,NULL,NULL
MMR (PAC),MMR (PAC),States,Nevada,2022-23,94.9,NULL,NULL,NULL,NULL,NULL
MMR (PAC),MMR (PAC),States,North Dakota,2022-23,94.9,NULL,NULL,NULL,NULL,NULL
MMR (PAC),MMR (PAC),States,Wyoming,2022-23,95.4,NULL,NULL,NULL,NULL,NULL
MMR (PAC),MMR (PAC),States,Florida,2022-23,95.5,NULL,NULL,NULL,NULL,NULL
MMR (PAC),MMR (PAC),States,Minnesota,2022-23,95.5,NULL,NULL,NULL,NULL,NULL
MMR (PAC),MMR (PAC),States,Oklahoma,2022-23,95.6,NULL,NULL,NULL,NULL,NULL
MMR (PAC),MMR (PAC),States,South Dakota,2022-23,95.9,NULL,NULL,NULL,NULL,NULL
MMR (PAC),MMR (PAC),States,South Carolina,2022-23,95.9,NULL,NULL,NULL,NULL,NULL
MMR (PAC),MMR (PAC),States,Colorado,2022-23,95.9,NULL,NULL,NULL,NULL,NULL
MMR (PAC),MMR (PAC),States,Georgia,2022-23,96.2,NULL,NULL,NULL,NULL,NULL
MMR (PAC),MMR (PAC),States,Missouri,2022-23,96.2,NULL,NULL,NULL,NULL,NULL
MMR (PAC),MMR (PAC),States,Ohio,2022-23,96.2,NULL,NULL,NULL,NULL,NULL
MMR (PAC),MMR (PAC),States,Pennsylvania,2022-23,96.2,NULL,NULL,NULL,NULL,NULL
MMR (PAC),MMR (PAC),States,New Hampshire,2022-23,96.6,NULL,NULL,NULL,NULL,NULL
MMR (PAC),MMR (PAC),States,Rhode Island,2022-23,98.6,NULL,NULL,NULL,NULL,NULL
MMR (PAC),MMR (PAC),States,New Mexico,2022-23,98.5,NULL,NULL,NULL,NULL,NULL
Varicella,1 Dose (or disease history),States,Kentucky,2015-16,NA,54353,99.5,‡.§,NULL,Census
Varicella,1 Dose (or disease history),States,Louisiana,2015-16,NA,59159,100,*,NULL,Census
Varicella,1 Dose (or disease history),States,Alabama,2015-16,93.1,60392,100,≥.*,NULL,Census
Varicella,1 Dose (or disease history),States,Oregon,2015-16,95.2,45531,100,*.‡,NULL,Census
Varicella,2 Doses (or disease history),States,Michigan,2021-22,93.6,114251,100,*,NULL,Census
Varicella,2 Doses (or disease history),States,Pennsylvania,2021-22,94.8,139558,94.9,NULL,NULL,"Census (pub.), vol. response (pvt.)"
Varicella,2 Doses (or disease history),States,Virginia,2021-22,94.9,95996,2.8,†,NULL,Stratified 2-stage cluster sample
Varicella,2 Doses (or disease history),States,Tennessee,2021-22,95.4,79120,100,§. *,NULL,Census
Varicella,2 Doses (or disease history),States,District of Columbia,2021-22,81,8959,100,*,NULL,Census
Varicella,2 Doses (or disease history),States,Wisconsin,2021-22,82.6,64275,96.8,>=. ‡,NULL,"Census (pub.), vol. response (pvt.)"
Varicella,2 Doses (or disease history),States,Georgia,2021-22,83.2,118742,100,>=. *,NULL,Census
Varicella,2 Doses (or disease history),States,Idaho,2021-22,83.4,23854,99.6,NULL,NULL,Census
Varicella,2 Doses (or disease history),States,Kentucky,2021-22,85.6,59233,91.5,>=. ‡. §,NULL,Census
Varicella,2 Doses (or disease history),States,Colorado,2021-22,87.6,66900,97.5,NULL,NULL,Census
Varicella,2 Doses (or disease history),States,TX-City of Houston,2021-22,87.8,40123,99.3,‡. §,NULL,Census
MMR (PAC),MMR (PAC),States,Connecticut,2023-24,99.5,NULL,NULL,NULL,NULL,NULL
MMR (PAC),MMR (PAC),States,Maine,2023-24,99.4,NULL,NULL,NULL,NULL,NULL
MMR (PAC),MMR (PAC),States,Mississippi,2023-24,99.3,NULL,NULL,NULL,NULL,NULL
MMR (PAC),MMR (PAC),States,NY-Rest of state,2023-24,99,NULL,NULL,NULL,NULL,NULL
Varicella,2 Doses (or disease history),States,Kansas,2022-23,90.8,35543,30.8,†. ‡. §,NULL,Stratified 1-stage cluster sample
Varicella,2 Doses (or disease history),States,TX-City of Houston,2022-23,90.6,37664,98.8,‡. §,NULL,"Census (pub.), vol. response (pvt.)"
Varicella,2 Doses (or disease history),States,Florida,2022-23,90.6,230309,97.7,>=,NULL,Census
Varicella,2 Doses (or disease history),States,Wyoming,2022-23,90.5,7060,100,*,NULL,Census
Varicella,2 Doses (or disease history),States,Washington,2022-23,90.1,86284,97.9,§,NULL,Census
Varicella,2 Doses (or disease history),States,Iowa,2022-23,89.9,39178,100,>=. *,NULL,Census
Varicella,2 Doses (or disease history),States,Kentucky,2022-23,89.8,54742,96.9,>=. ‡. §,NULL,Census
Varicella,2 Doses (or disease history),States,Utah,2022-23,89.6,46635,100,*,NULL,Census
Varicella,2 Doses (or disease history),States,New Hampshire,2022-23,89.4,11332,100,>=. §. *,NULL,Census
Varicella,2 Doses (or disease history),States,Ohio,2022-23,88.8,134893,93.7,NULL,NULL,"Census (pub.), vol. response (pvt.)"
Varicella,2 Doses (or disease history),States,Georgia,2022-23,88.1,123771,100,>=. *,NULL,Census
Varicella,2 Doses (or disease history),States,Minnesota,2022-23,87.9,68152,97.9,NULL,NULL,Census
Varicella,2 Doses (or disease history),States,District of Columbia,2022-23,86.8,8064,100,*,NULL,Census
Varicella,2 Doses (or disease history),States,Wisconsin,2022-23,85.9,63593,93.9,‡,NULL,"Census (pub.), vol. response (pvt.)"
Varicella,2 Doses (or disease history),States,Colorado,2022-23,85.9,65576,97.2,NULL,NULL,Census
Varicella,2 Doses (or disease history),States,Hawaii,2022-23,84.4,13195,8.1,NULL,NULL,Stratified 2-stage cluster sample
Varicella,2 Doses (or disease history),States,Alaska,2022-23,81.8,9650,88.8,NULL,NULL,"Vol. response (pub.), not conducted (pvt.)"
Varicella,2 Doses (or disease history),States,Idaho,2022-23,80.7,23721,99.3,NULL,NULL,Census
Varicella,2 Doses (or disease history),States,Alabama,2022-23,NReq,59113,100,>=. *,NULL,Census
Varicella,2 Doses (or disease history),States,New Jersey,2022-23,NReq,104468,100,>=. §. *,NULL,Census
Varicella,2 Doses (or disease history),States,Arizona,2022-23,NReq,80814,97.7,NULL,NULL,Census
Varicella,1 Dose (or disease history),States,Montana,2014-15,NReq,12501,95.7,NULL,NULL,Census (public); Voluntary response (private)
Varicella,1 Dose (or disease history),States,Missouri,2014-15,NA,75900,100,*,NULL,Census
Varicella,1 Dose (or disease history),States,Mississippi,2014-15,NA,44129,100,*,NULL,Census
Varicella,1 Dose (or disease history),States,Minnesota,2014-15,NA,70896,97.8,NULL,NULL,Census
Varicella,1 Dose (or disease history),States,Michigan,2014-15,NA,117963,100,*,NULL,Census
Varicella,1 Dose (or disease history),States,Massachusetts,2014-15,NA,74869,100,*. ‡,NULL,Census
Varicella,1 Dose (or disease history),States,Maryland,2014-15,NA,75391,90.2,‡,NULL,Census (public); Voluntary response (private)
Varicella,1 Dose (or disease history),States,Louisiana,2014-15,NA,60377,100,*,NULL,Census
Varicella,1 Dose (or disease history),States,Kentucky,2014-15,NA,57884,97.2,‡,NULL,Census
Varicella,1 Dose (or disease history),States,Kansas,2014-15,NA,39685,24.5,†.‡,NULL,Stratified 2-stage cluster sample
Varicella,1 Dose (or disease history),States,Iowa,2014-15,NA,43239,96.3,NULL,NULL,Census
Varicella,1 Dose (or disease history),States,Indiana,2014-15,NA,85477,70.1,NULL,NULL,Voluntary response
Varicella,1 Dose (or disease history),States,Wisconsin,2014-15,NA,69335,2.5,‡,NULL,Stratified 2-stage cluster sample
Varicella,1 Dose (or disease history),States,Texas,2015-16,NA,394801,98.7,‡.§,NULL,Census (public); Voluntary response (private)
Varicella,1 Dose (or disease history),States,Utah,2015-16,NA,50114,100,*,NULL,Census
Varicella,1 Dose (or disease history),States,Vermont,2015-16,NA,6366,100,*,NULL,Census
Varicella,2 Doses (or disease history),States,New Jersey,2023-24,NReq,105408,100,>=. §. *,NULL,Census
Varicella,2 Doses (or disease history),States,Alabama,2023-24,NReq,54565,100,>=. *,NULL,Census
Varicella,1 Dose (or disease history),States,Massachusetts,2015-16,NA,72897,100,*.‡,NULL,Census
Varicella,1 Dose (or disease history),States,New Hampshire,2015-16,NA,11852,99.8,≥,NULL,Census
Varicella,1 Dose (or disease history),States,Nevada,2015-16,NA,37118,3.3,NULL,NULL,Stratified 2-stage cluster sample
Varicella,1 Dose (or disease history),States,Nebraska,2015-16,NA,30409,100,*.‡,NULL,Census
Varicella,1 Dose (or disease history),States,Montana,2015-16,NA,11484,100,*,NULL,Census
Varicella,1 Dose (or disease history),States,Michigan,2015-16,NA,116299,100,*,NULL,Census
Varicella,1 Dose (or disease history),States,Minnesota,2015-16,NA,69710,97.8,§,NULL,Census
Varicella,1 Dose (or disease history),States,Mississippi,2015-16,NA,41042,100,≥.*,NULL,Census
Varicella,1 Dose (or disease history),States,Idaho,2015-16,NA,22686,100,*,NULL,Census
Varicella,1 Dose (or disease history),States,Georgia,2015-16,NA,131403,100,≥.*,NULL,Census
Varicella,1 Dose (or disease history),States,Florida,2015-16,NA,224430,100,≥.*.§,NULL,Census
Varicella,1 Dose (or disease history),States,District of Columbia,2015-16,NA,8080,100,*,NULL,Census
Varicella,1 Dose (or disease history),States,Delaware,2015-16,NA,11589,9.5,NULL,NULL,Stratified 2-stage cluster sample
Varicella,1 Dose (or disease history),States,Connecticut,2015-16,NA,39533,100,*,NULL,Census
Varicella,1 Dose (or disease history),States,Colorado,2015-16,NA,69137,0.5,NULL,NULL,Simple random sample
Varicella,1 Dose (or disease history),States,Arkansas,2015-16,NA,40258,95.6,‡,NULL,Census (public); Voluntary response (private)
Varicella,1 Dose (or disease history),States,Alaska,2015-16,NA,9937,7.8,†.§,NULL,Stratified 2-stage cluster sample
Varicella,1 Dose (or disease history),States,New Mexico,2015-16,NA,29049,2.7,†,NULL,Stratified 2-stage cluster sample
Varicella,1 Dose (or disease history),States,Illinois,2015-16,NA,151309,100,*,NULL,Census
Varicella,1 Dose (or disease history),States,Indiana,2015-16,NA,83525,69.5,NULL,NULL,Voluntary response
Varicella,1 Dose (or disease history),States,Iowa,2015-16,NA,41215,100,≥.*,NULL,Census
Varicella,1 Dose (or disease history),States,Kansas,2015-16,NA,39555,21,†.‡.§,NULL,Stratified 2-stage cluster sample
MMR (PAC),MMR (PAC),States,Minnesota,2023-24,94.6,NULL,NULL,NULL,NULL,NULL
MMR (PAC),MMR (PAC),States,Wyoming,2023-24,94.6,NULL,NULL,NULL,NULL,NULL
MMR (PAC),MMR (PAC),States,Hawaii,2023-24,94.7,NULL,NULL,NULL,NULL,NULL
MMR (PAC),MMR (PAC),States,Pennsylvania,2023-24,95,NULL,NULL,NULL,NULL,NULL
MMR (PAC),MMR (PAC),States,Florida,2023-24,95.2,NULL,NULL,NULL,NULL,NULL
MMR (PAC),MMR (PAC),States,Missouri,2023-24,95.3,NULL,NULL,NULL,NULL,NULL
MMR (PAC),MMR (PAC),States,South Carolina,2023-24,95.6,NULL,NULL,NULL,NULL,NULL
MMR (PAC),MMR (PAC),States,New Hampshire,2023-24,95.9,NULL,NULL,NULL,NULL,NULL
MMR (PAC),MMR (PAC),States,Vermont,2023-24,96,NULL,NULL,NULL,NULL,NULL
MMR (PAC),MMR (PAC),States,Washington,2023-24,96,NULL,NULL,NULL,NULL,NULL
MMR (PAC),MMR (PAC),States,Colorado,2023-24,96,NULL,NULL,NULL,NULL,NULL
MMR (PAC),MMR (PAC),States,New Jersey,2023-24,96.1,NULL,NULL,NULL,NULL,NULL
MMR (PAC),MMR (PAC),States,Ohio,2023-24,96.2,NULL,NULL,NULL,NULL,NULL
MMR (PAC),MMR (PAC),States,Texas,2023-24,96.4,NULL,NULL,NULL,NULL,NULL
MMR (PAC),MMR (PAC),States,Georgia,2023-24,96.4,NULL,NULL,NULL,NULL,NULL
MMR (PAC),MMR (PAC),States,NY-City of New York,2023-24,100,NULL,NULL,NULL,NULL,NULL
MMR (PAC),MMR (PAC),States,West Virginia,2023-24,99.9,NULL,NULL,NULL,NULL,NULL
MMR (PAC),MMR (PAC),States,California,2023-24,99.9,NULL,NULL,NULL,NULL,NULL
MMR (PAC),MMR (PAC),States,New York,2023-24,99.9,NULL,NULL,NULL,NULL,NULL
Varicella,2 Doses (or disease history),States,New Mexico,2022-23,94.4,21068,100,*,NULL,Census
MMR (PAC),MMR (PAC),States,Massachusetts,2023-24,98.7,NULL,NULL,NULL,NULL,NULL
MMR (PAC),MMR (PAC),States,Rhode Island,2023-24,98.5,NULL,NULL,NULL,NULL,NULL
MMR (PAC),MMR (PAC),States,New Mexico,2023-24,98.4,NULL,NULL,NULL,NULL,NULL
MMR (PAC),MMR (PAC),States,Tennessee,2023-24,96.4,NULL,NULL,NULL,NULL,NULL
MMR (PAC),MMR (PAC),States,Iowa,2023-24,96.6,NULL,NULL,NULL,NULL,NULL
MMR (PAC),MMR (PAC),States,Arkansas,2023-24,96.6,NULL,NULL,NULL,NULL,NULL
MMR (PAC),MMR (PAC),States,Nebraska,2023-24,96.7,NULL,NULL,NULL,NULL,NULL
MMR (PAC),MMR (PAC),States,Kansas,2023-24,97,NULL,NULL,NULL,NULL,NULL
MMR (PAC),MMR (PAC),States,Louisiana,2023-24,97.2,NULL,NULL,NULL,NULL,NULL
MMR (PAC),MMR (PAC),States,North Carolina,2023-24,97.3,NULL,NULL,NULL,NULL,NULL
MMR (PAC),MMR (PAC),States,Delaware,2023-24,97.5,NULL,NULL,NULL,NULL,NULL
MMR (PAC),MMR (PAC),States,Illinois,2023-24,97.5,NULL,NULL,NULL,NULL,NULL
MMR (PAC),MMR (PAC),States,TX-City of Houston,2023-24,97.6,NULL,NULL,NULL,NULL,NULL
MMR (PAC),MMR (PAC),States,Indiana,2023-24,97.6,NULL,NULL,NULL,NULL,NULL
MMR (PAC),MMR (PAC),States,Virginia,2023-24,97.6,NULL,NULL,NULL,NULL,NULL
MMR (PAC),MMR (PAC),States,Kentucky,2023-24,97.7,NULL,NULL,NULL,NULL,NULL
Varicella,1 Dose (or disease history),States,Pennsylvania,2014-15,NA,146378,98.3,‡,NULL,Census
Varicella,1 Dose (or disease history),States,Ohio,2014-15,NA,149080,91,NULL,NULL,Census (public); Voluntary response (private)
Varicella,1 Dose (or disease history),States,North Dakota,2014-15,NA,10017,99.9,NULL,NULL,Census
Varicella,1 Dose (or disease history),States,New York,2014-15,NA,237045,100,*. ‡,NULL,Census
Varicella,1 Dose (or disease history),States,New Mexico,2014-15,NA,29918,3.3,†,NULL,Stratified 2-stage cluster sample
Varicella,1 Dose (or disease history),States,New Hampshire,2014-15,NA,12422,98.9,NULL,NULL,Census (public); Voluntary response (private)
Varicella,1 Dose (or disease history),States,Nevada,2014-15,NA,36755,2.8,NULL,NULL,Stratified 2-stage cluster sample
Varicella,1 Dose (or disease history),States,Nebraska,2014-15,NA,26665,100,*. ‡,NULL,Census
Varicella,2 Doses (or disease history),States,Georgia,2023-24,88.4,136943,100,>=. *,NULL,Census
Varicella,2 Doses (or disease history),States,Ohio,2023-24,88.5,133716,94,NULL,NULL,"Census (pub.), vol. response (prv.)"
Varicella,2 Doses (or disease history),States,Iowa,2023-24,89.1,38611,100,>=. *,NULL,Census
Varicella,2 Doses (or disease history),States,Hawaii,2023-24,89.1,13995,8.2,NULL,NULL,Stratified 2-stage cluster sample
Varicella,2 Doses (or disease history),States,New Hampshire,2023-24,89.2,11871,100,>=. §. *,NULL,Census
Varicella,2 Doses (or disease history),States,Kentucky,2023-24,89.4,52609,100,>=. *. ‡. §,NULL,Census
Varicella,2 Doses (or disease history),States,Kansas,2023-24,89.5,34178,37.1,†. ‡. §,NULL,Stratified 2-stage cluster sample
Varicella,2 Doses (or disease history),States,Missouri,2023-24,89.9,69014,100,*,NULL,Census
Varicella,2 Doses (or disease history),States,Washington,2023-24,90,84053,97.2,§,NULL,Census
Varicella,2 Doses (or disease history),States,South Dakota,2023-24,90.3,11744,99.8,§,NULL,Census
Varicella,2 Doses (or disease history),States,Indiana,2023-24,90.3,80639,88.5,§,NULL,"Census (pub.), vol. response (prv.)"
Varicella,2 Doses (or disease history),States,North Dakota,2023-24,90.7,9708,97.5,NULL,NULL,Census
Varicella,2 Doses (or disease history),States,Louisiana,2023-24,90.9,51839,100,*,NULL,Census
Varicella,2 Doses (or disease history),States,Illinois,2023-24,91.1,133578,100,*,NULL,Census
Varicella,2 Doses (or disease history),States,Texas,2023-24,93.7,381421,92.4,‡. §,NULL,"Census (pub.), vol. response (prv.)"
Varicella,2 Doses (or disease history),States,Delaware,2023-24,93.8,11043,12.1,>=. ‡,NULL,Stratified 2-stage cluster sample
Varicella,2 Doses (or disease history),States,New Mexico,2023-24,94.4,20699,100,*,NULL,Census
Varicella,1 Dose (or disease history),States,South Carolina,2015-16,NA,59240,8.9,NULL,NULL,Stratified 1-stage cluster sample
Varicella,1 Dose (or disease history),States,South Dakota,2015-16,NA,12181,100,*,NULL,Census
Varicella,1 Dose (or disease history),States,Tennessee,2015-16,NA,79233,100,*.§,NULL,Census
Varicella,2 Doses (or disease history),States,Arizona,2023-24,NReq,74834,99.6,NULL,NULL,Census
Varicella,2 Doses (or disease history),States,Nevada,2023-24,91.2,31261,91.3,NULL,NULL,Census
Varicella,2 Doses (or disease history),States,Nebraska,2023-24,91.2,23118,100,*. ‡,NULL,Census
MMR (PAC),MMR (PAC),States,California,2022-23,99.8,NULL,NULL,NULL,NULL,NULL
MMR (PAC),MMR (PAC),States,Mississippi,2022-23,99.8,NULL,NULL,NULL,NULL,NULL
MMR (PAC),MMR (PAC),States,NY-City of New York,2022-23,99.9,NULL,NULL,NULL,NULL,NULL
MMR (PAC),MMR (PAC),States,New York,2022-23,99.9,NULL,NULL,NULL,NULL,NULL
MMR (PAC),MMR (PAC),States,West Virginia,2022-23,99.9,NULL,NULL,NULL,NULL,NULL
MMR (PAC),MMR (PAC),States,Vermont,2022-23,96.9,NULL,NULL,NULL,NULL,NULL
MMR (PAC),MMR (PAC),States,New Jersey,2022-23,96.8,NULL,NULL,NULL,NULL,NULL
MMR (PAC),MMR (PAC),States,Tennessee,2022-23,96.8,NULL,NULL,NULL,NULL,NULL
MMR (PAC),MMR (PAC),States,Texas,2022-23,96.8,NULL,NULL,NULL,NULL,NULL
MMR (PAC),MMR (PAC),States,Washington,2022-23,96.8,NULL,NULL,NULL,NULL,NULL
MMR (PAC),MMR (PAC),States,Idaho,2023-24,86.5,NULL,NULL,NULL,NULL,NULL
MMR (PAC),MMR (PAC),States,Alaska,2023-24,90.8,NULL,NULL,NULL,NULL,NULL
MMR (PAC),MMR (PAC),States,Utah,2023-24,91.4,NULL,NULL,NULL,NULL,NULL
MMR (PAC),MMR (PAC),States,Oregon,2023-24,92.4,NULL,NULL,NULL,NULL,NULL
MMR (PAC),MMR (PAC),States,Arizona,2023-24,92.8,NULL,NULL,NULL,NULL,NULL
MMR (PAC),MMR (PAC),States,Wisconsin,2023-24,93.2,NULL,NULL,NULL,NULL,NULL
MMR (PAC),MMR (PAC),States,North Dakota,2023-24,93.5,NULL,NULL,NULL,NULL,NULL
MMR (PAC),MMR (PAC),States,Michigan,2023-24,93.6,NULL,NULL,NULL,NULL,NULL
MMR (PAC),MMR (PAC),States,Nevada,2023-24,94,NULL,NULL,NULL,NULL,NULL
MMR (PAC),MMR (PAC),States,South Dakota,2023-24,94.3,NULL,NULL,NULL,NULL,NULL
MMR (PAC),MMR (PAC),States,Oklahoma,2023-24,94.6,NULL,NULL,NULL,NULL,NULL
Varicella,1 Dose (or disease history),States,New Jersey,2018-19,95,109161,100,≥.*,NULL,Census
Varicella,1 Dose (or disease history),States,Oregon,2018-19,94.3,45870,100,*.‡,NULL,Census
Varicella,1 Dose (or disease history),States,Hawaii,2018-19,94,16051,6.7,NULL,NULL,Stratified 2-stage cluster sample
Varicella,1 Dose (or disease history),States,Alabama,2018-19,90.6,77739,100,≥.*,NULL,Census
Varicella,1 Dose (or disease history),States,Delaware,2019-20,NReq,NULL,NULL,NULL,NULL,Not Conducted
Varicella,1 Dose (or disease history),States,Connecticut,2019-20,NReq,38888,100,*,NULL,Census
Varicella,1 Dose (or disease history),States,Colorado,2019-20,NReq,69088,98.2,NULL,NULL,Census
Varicella,1 Dose (or disease history),States,California,2019-20,NReq,566155,97.9,‡,NULL,Census
Varicella,1 Dose (or disease history),States,Arkansas,2019-20,NReq,39510,96.2,‡,NULL,Census (public). voluntary response (private)
Varicella,1 Dose (or disease history),States,District of Columbia,2019-20,NReq,NULL,NULL,NULL,NULL,Not Conducted
Varicella,1 Dose (or disease history),States,Alaska,2019-20,NReq,10381,82.7,§,NULL,Voluntary response
Varicella,2 Doses (or disease history),States,Louisiana,2022-23,93.6,54314,100,*,NULL,Census
Varicella,2 Doses (or disease history),States,North Carolina,2022-23,93.6,125679,83.1,§. ‡,NULL,Vol. response
Varicella,2 Doses (or disease history),States,Texas,2022-23,93.7,381680,98,‡. §,NULL,Census
Varicella,2 Doses (or disease history),States,Pennsylvania,2022-23,93.7,137259,97.2,NULL,NULL,"Census (pub.), vol. response (pvt.)"
Varicella,2 Doses (or disease history),States,Delaware,2022-23,94,10674,9.7,‡,NULL,Stratified 2-stage cluster sample
Varicella,2 Doses (or disease history),States,Illinois,2024-25,91.3,132769,99.5,NULL,NULL,Census
Varicella,2 Doses (or disease history),States,Michigan,2024-25,91.3,107636,100,*. ‡,NULL,Census
Varicella,2 Doses (or disease history),States,District of Columbia,2024-25,92.1,7997,100,*,NULL,Census
Varicella,2 Doses (or disease history),States,Pennsylvania,2024-25,92.1,140160,95.3,NULL,NULL,"Census (pub.), vol. response (prv.)"
Varicella,2 Doses (or disease history),States,Nebraska,2022-23,94.9,23176,100,*. ‡,NULL,Census
Varicella,2 Doses (or disease history),States,Tennessee,2022-23,95.1,79692,100,§. *,NULL,Census
Varicella,2 Doses (or disease history),States,West Virginia,2022-23,95.6,19175,86.1,>=. ‡. §,NULL,"Vol. response (pub.), census (pvt.)"
Varicella,2 Doses (or disease history),States,Virginia,2022-23,95.6,93271,1.6,†,NULL,Stratified 2-stage cluster sample
Varicella,2 Doses (or disease history),States,Massachusetts,2022-23,96,66041,100,*. ‡,NULL,Census
Varicella,2 Doses (or disease history),States,California,2022-23,96.1,541132,100,‡,NULL,Census
Varicella,2 Doses (or disease history),States,Rhode Island,2022-23,96.3,10532,96.5,‡. §,NULL,Census
Varicella,2 Doses (or disease history),States,Maryland,2022-23,96.6,59684,100,*. ‡,NULL,Census
Varicella,2 Doses (or disease history),States,Maine,2022-23,96.6,12403,93.9,NULL,NULL,Census
Varicella,2 Doses (or disease history),States,NY-City of New York,2022-23,96.7,85379,97.6,NULL,NULL,"Census (pub.), vol. response (pvt.)"
Varicella,2 Doses (or disease history),States,Connecticut,2022-23,97,35580,100,*,NULL,Census
Varicella,2 Doses (or disease history),States,New York,2022-23,97.5,205906,96.6,NULL,NULL,"Census (pub.), vol. response (pvt.)"
Varicella,2 Doses (or disease history),States,Mississippi,2022-23,98.4,36048,100,>=. *,NULL,Census
Varicella,2 Doses (or disease history),States,South Carolina,2022-23,92.8,58878,28.1,†,NULL,Stratified 1-stage cluster sample
Varicella,2 Doses (or disease history),States,Nevada,2022-23,92.6,34333,89.1,NULL,NULL,"Vol. response (pub.), census (pvt.)"
Varicella,2 Doses (or disease history),States,Oklahoma,2023-24,NReq,49979,93.8,‡,NULL,"Census (pub.), vol. response (prv.)"
Varicella,2 Doses (or disease history),States,Wyoming,2023-24,NReq,6754,100,*,NULL,Census
Varicella,2 Doses (or disease history),States,Oregon,2023-24,NReq,39568,100,*. ‡,NULL,Census
Varicella,2 Doses (or disease history),States,Idaho,2023-24,79.1,22376,100,*,NULL,Census
Varicella,2 Doses (or disease history),States,Alaska,2023-24,82.6,8644,88.9,¶,NULL,"Census (pub.), not conducted (prv.)"
Varicella,2 Doses (or disease history),States,Wisconsin,2023-24,84.3,62028,98.2,‡. §,NULL,Census
Varicella,2 Doses (or disease history),States,Minnesota,2023-24,87.2,66032,99.1,NULL,NULL,Census
Varicella,2 Doses (or disease history),States,Colorado,2023-24,87.3,61662,100,*,NULL,Census
Varicella,2 Doses (or disease history),States,Florida,2023-24,88.1,228213,100,>=. *,NULL,Census
Varicella,2 Doses (or disease history),States,Utah,2023-24,88.2,46228,100,*,NULL,Census
Varicella,1 Dose (or disease history),States,Maine,2015-16,96.1,13526,90.5,NULL,NULL,Census
Varicella,1 Dose (or disease history),States,New Jersey,2015-16,96.3,110116,100,≥.*,NULL,Census
Varicella,1 Dose (or disease history),States,California,2015-16,96.3,593788,92.8,‡,NULL,Census
Varicella,1 Dose (or disease history),States,Arizona,2015-16,96.7,83088,100,*,NULL,Census
Varicella,1 Dose (or disease history),States,Missouri,2015-16,NA,74413,100,*.§,NULL,Census
Varicella,1 Dose (or disease history),States,New York,2015-16,NA,232521,100,*,NULL,Census
Varicella,1 Dose (or disease history),States,North Carolina,2015-16,NA,128290,92,‡.§,NULL,Census (public). Voluntary response (private)
Varicella,1 Dose (or disease history),States,North Dakota,2015-16,NA,9875,97.1,NULL,NULL,Census
Varicella,1 Dose (or disease history),States,Ohio,2015-16,NA,144604,93.7,NULL,NULL,Census (public); Voluntary response (private)
Varicella,1 Dose (or disease history),States,Oklahoma,2015-16,NA,54335,96.1,‡,NULL,Census
Varicella,1 Dose (or disease history),States,Pennsylvania,2015-16,NA,143298,93.2,NULL,NULL,Census (public); Voluntary response (private)
Varicella,1 Dose (or disease history),States,Rhode Island,2015-16,NA,11165,100,*.‡.§,NULL,Census
Varicella,1 Dose (or disease history),States,Maryland,2019-20,NReq,72443,98.3,‡,NULL,Census (public). voluntary response (private)
Varicella,1 Dose (or disease history),States,Illinois,2019-20,NReq,145891,100,*,NULL,Census
Varicella,1 Dose (or disease history),States,Louisiana,2019-20,NReq,59685,100,*,NULL,Census
Varicella,1 Dose (or disease history),States,Kentucky,2019-20,NReq,59233,92.9,‡.§,NULL,Census
Varicella,1 Dose (or disease history),States,Kansas,2019-20,NReq,37865,34.3,†.‡.§,NULL,Stratified 2-stage cluster sample
Varicella,1 Dose (or disease history),States,Iowa,2019-20,NReq,40812,100,≥.*,NULL,Census
Varicella,1 Dose (or disease history),States,Indiana,2019-20,NReq,88253,65.7,NULL,NULL,Voluntary response
Varicella,1 Dose (or disease history),States,North Carolina,2019-20,NReq,124548,97.8,‡.§,NULL,Census
Varicella,1 Dose (or disease history),States,California,2016-17,98.5,575305,97.8,‡,NULL,Census
Varicella,1 Dose (or disease history),States,Arizona,2016-17,96.7,83627,100,*,NULL,Census
Varicella,1 Dose (or disease history),States,Maine,2016-17,96.7,13834,90.1,NULL,NULL,Voluntary response (public). census (private)
Varicella,1 Dose (or disease history),States,New Jersey,2016-17,96.5,109577,100,≥.*,NULL,Census
Varicella,1 Dose (or disease history),States,Hawaii,2016-17,95.3,16325,6.7,NULL,NULL,Stratified 2-stage cluster sample
Varicella,1 Dose (or disease history),States,Oregon,2016-17,95,45705,100,*.‡,NULL,Census
Varicella,1 Dose (or disease history),States,Alabama,2016-17,93.8,58394,100,≥.*,NULL,Census
Varicella,1 Dose (or disease history),States,Oklahoma,2016-17,NA,52184,0,‡.¶,NULL,Census
Varicella,1 Dose (or disease history),States,Wyoming,2016-17,NA,NULL,NULL,NULL,NULL,Not conducted
Varicella,1 Dose (or disease history),States,Wyoming,2017-18,NA,NULL,NULL,NULL,NULL,Not conducted
Varicella,1 Dose (or disease history),States,Alabama,2017-18,92.7,57245,100,≥.*,NULL,Census
Varicella,1 Dose (or disease history),States,Oregon,2017-18,94.4,45818,100,*.‡,NULL,Census
Varicella,1 Dose (or disease history),States,New Jersey,2017-18,96.1,107630,100,≥.*,NULL,Census
Varicella,1 Dose (or disease history),States,Arizona,2017-18,96.2,81710,100,*,NULL,Census
Varicella,1 Dose (or disease history),States,Hawaii,2017-18,96.2,16325,6.6,NULL,NULL,Stratified 2-stage cluster sample
Varicella,1 Dose (or disease history),States,Maine,2017-18,96.5,13255,95.9,NULL,NULL,Census
Varicella,1 Dose (or disease history),States,Oklahoma,2017-18,96.8,53898,92.1,§,NULL,Census (public). voluntary response (private)
Varicella,1 Dose (or disease history),States,California,2017-18,98.2,574702,100,‡,NULL,Census
Varicella,1 Dose (or disease history),States,California,2018-19,97.9,568947,97.7,‡,NULL,Census
Varicella,1 Dose (or disease history),States,Maine,2018-19,95.9,13419,95.9,NULL,NULL,Census
Varicella,1 Dose (or disease history),States,Oklahoma,2018-19,95.8,54806,92.1,§,NULL,Census (public). voluntary response (private)
Varicella,1 Dose (or disease history),States,Arizona,2018-19,95.6,79981,100,*,NULL,Census
Varicella,2 Doses (or disease history),States,Massachusetts,2023-24,95.7,65424,100,*. ‡,NULL,Census
Varicella,2 Doses (or disease history),States,NY-City of New York,2023-24,95.9,85360,99.3,NULL,NULL,Census
Varicella,2 Doses (or disease history),States,Maryland,2023-24,96.2,63224,100,>=. *. ‡,NULL,Census
Varicella,2 Doses (or disease history),States,Rhode Island,2023-24,96.6,10539,97.8,‡. §,NULL,Census
Varicella,2 Doses (or disease history),States,New York,2023-24,97.1,200894,98.8,NULL,NULL,Census
Varicella,2 Doses (or disease history),States,Maine,2023-24,97.1,12087,93,NULL,NULL,Census
Varicella,2 Doses (or disease history),States,Connecticut,2023-24,97.5,36184,100,*,NULL,Census
Varicella,2 Doses (or disease history),States,Mississippi,2023-24,97.5,36105,100,>=. *,NULL,Census
Varicella,2 Doses (or disease history),States,West Virginia,2023-24,99.7,18261,82.8,‡. §,NULL,Vol. response
Varicella,2 Doses (or disease history),States,Nevada,2024-25,90.5,33272,92.6,NULL,NULL,"Census (pub.), vol. response (prv.)"
Varicella,2 Doses (or disease history),States,South Carolina,2024-25,90.6,57718,34.3,†,NULL,Stratified 1-stage cluster sample
Varicella,2 Doses (or disease history),States,Connecticut,2025-26,98.4,33118,100,NULL,NULL,Census
Varicella,2 Doses (or disease history),States,West Virginia,2025-26,98.8,15445,93.3,NULL,NULL,Census
Varicella,2 Doses (or disease history),States,Oklahoma,2025-26,NReq,47844,90.7,NULL,NULL,"Census (pub.), vol. response (prv.)"
Varicella,2 Doses (or disease history),States,Kansas,2025-26,NA,NULL,NULL,NULL,NULL,Stratified 2-stage cluster sample
Varicella,2 Doses (or disease history),States,Oregon,2025-26,NReq,37309,100,NULL,NULL,Census
Varicella,2 Doses (or disease history),States,Arizona,2025-26,NReq,73907,92.5,NULL,NULL,"Census (pub.), vol. response (prv.)"
Varicella,2 Doses (or disease history),States,Alabama,2025-26,NReq,53378,100,NULL,NULL,Census
Varicella,2 Doses (or disease history),States,Louisiana,2024-25,92.2,49229,100,*,NULL,Census
Varicella,2 Doses (or disease history),States,Texas,2024-25,92.6,378860,97.3,‡. §,NULL,"Census (pub.), vol. response (prv.)"
Varicella,2 Doses (or disease history),States,Vermont,2024-25,92.9,5432,100,*,NULL,Census
Varicella,2 Doses (or disease history),States,Delaware,2024-25,93.6,10393,14.2,‡,NULL,"2-stage cluster sample (pub.), nonrandom 2-stage cluster sample (prv.)"
Varicella,2 Doses (or disease history),States,North Carolina,2024-25,93.8,124028,91,§,NULL,"Census (pub.), vol. response (prv.)"
Varicella,2 Doses (or disease history),States,Nebraska,2024-25,93.8,24102,100,*. ‡,NULL,Census
Varicella,2 Doses (or disease history),States,Tennessee,2024-25,94.1,78299,96.7,§,NULL,Census
Varicella,2 Doses (or disease history),States,New Mexico,2024-25,94.2,20180,100,*,NULL,Census
Varicella,2 Doses (or disease history),States,Virginia,2024-25,95.3,91453,1.7,†,NULL,Stratified 2-stage cluster sample
Varicella,2 Doses (or disease history),States,California,2024-25,95.7,590849,100,*. ‡,NULL,Census
Varicella,2 Doses (or disease history),States,Maryland,2024-25,96,66135,95.6,‡,NULL,"Census (pub.), vol. response (prv.)"
Varicella,2 Doses (or disease history),States,Massachusetts,2024-25,96,65581,100,*. ‡,NULL,Census
Varicella,2 Doses (or disease history),States,Rhode Island,2024-25,96.1,10088,96.7,‡. §,NULL,Census
Varicella,2 Doses (or disease history),States,NY-City of New York,2024-25,96.3,85986,96.9,NULL,NULL,"Census (pub.), vol. response (prv.)"
Varicella,2 Doses (or disease history),States,Maine,2024-25,97.4,11761,95.4,NULL,NULL,Census
Varicella,2 Doses (or disease history),States,New York,2024-25,97.5,234054,85.1,NULL,NULL,Vol. response
Varicella,2 Doses (or disease history),States,Mississippi,2024-25,97.6,35293,100,>=. *,NULL,Census
Varicella,2 Doses (or disease history),States,Connecticut,2024-25,98.1,30112,100,*,NULL,Census
Varicella,2 Doses (or disease history),States,Wyoming,2024-25,NReq,6564,100,*,NULL,Census
Varicella,2 Doses (or disease history),States,Oregon,2024-25,NReq,38247,100,*. ‡,NULL,Census
Varicella,2 Doses (or disease history),States,Oklahoma,2024-25,NReq,47544,86.7,‡,NULL,Vol. response
Varicella,2 Doses (or disease history),States,New Jersey,2024-25,NReq,104339,100,>=. *,NULL,Census
Varicella,2 Doses (or disease history),States,Arizona,2024-25,NReq,75024,97.4,NULL,NULL,Census
Varicella,2 Doses (or disease history),States,Alabama,2024-25,NReq,53589,99.9,NULL,NULL,Census
Varicella,2 Doses (or disease history),States,Idaho,2024-25,78.1,22242,99.5,NULL,NULL,Census
Varicella,1 Dose (or disease history),States,Hawaii,2015-16,95.4,16325,6.7,NULL,NULL,Stratified 2-stage cluster sample
Varicella,1 Dose (or disease history),States,Texas,2019-20,NReq,398680,99.6,‡.§,NULL,Census
Varicella,1 Dose (or disease history),States,Tennessee,2019-20,NReq,80595,100,*.§,NULL,Census
Varicella,1 Dose (or disease history),States,South Dakota,2019-20,NReq,12367,99.8,NULL,NULL,Census
Varicella,1 Dose (or disease history),States,South Carolina,2019-20,NReq,65938,27.5,†,NULL,Stratified 1-stage cluster sample
Varicella,1 Dose (or disease history),States,Rhode Island,2019-20,NReq,11219,98.5,*.‡.§,NULL,Census
Varicella,1 Dose (or disease history),States,Michigan,2019-20,NReq,120565,100,*,NULL,Census
Varicella,1 Dose (or disease history),States,Massachusetts,2019-20,NReq,66756,100,*.‡,NULL,Census
Varicella,1 Dose (or disease history),States,North Dakota,2021-22,NReq,10755,96.6,NULL,NULL,Census
Varicella,2 Doses (or disease history),States,Alaska,2024-25,79.6,7338,99.8,¶,NULL,"Census (pub.), not conducted (prv.)"
Varicella,2 Doses (or disease history),States,Wisconsin,2024-25,84,61120,95.7,‡. §,NULL,"Census (pub.), vol. response (prv.)"
Varicella,2 Doses (or disease history),States,Kentucky,2024-25,86.2,51319,100,*. §,NULL,Census
Varicella,2 Doses (or disease history),States,Minnesota,2024-25,86.7,64898,99.7,NULL,NULL,Census
Varicella,2 Doses (or disease history),States,Georgia,2024-25,86.8,114568,100,>=. *,NULL,Census
Varicella,1 Dose (or disease history),States,Wyoming,2019-20,NReq,7913,100,*,NULL,Census
Varicella,1 Dose (or disease history),States,Wisconsin,2019-20,NReq,67391,2.6,†.‡.§,NULL,Stratified 2-stage cluster sample
Varicella,1 Dose (or disease history),States,West Virginia,2019-20,NReq,17114,49.6,¶,NULL,Voluntary response
Varicella,1 Dose (or disease history),States,North Dakota,2019-20,NReq,10587,99.5,NULL,NULL,Census
Varicella,1 Dose (or disease history),States,Ohio,2019-20,NReq,139103,98.8,NULL,NULL,Census
Varicella,1 Dose (or disease history),States,Georgia,2019-20,NReq,130102,100,≥.*,NULL,Census
Varicella,1 Dose (or disease history),States,Pennsylvania,2019-20,NReq,140197,98.8,NULL,NULL,Census
Varicella,1 Dose (or disease history),States,New Hampshire,2020-21,NReq,10242,57,>=. §,NULL,Voluntary response
Varicella,1 Dose (or disease history),States,NY-City of New York,2020-21,NReq,91920,94.2,NULL,NULL,Census (public). voluntary response (private)
Varicella,1 Dose (or disease history),States,Alaska,2020-21,NReq,9461,NULL,NULL,NULL,Not Conducted
Varicella,1 Dose (or disease history),States,North Carolina,2020-21,NReq,120995,89,‡.§,NULL,Census (public). voluntary response (private)
Varicella,1 Dose (or disease history),States,North Dakota,2020-21,NReq,10116,99.1,NULL,NULL,Census
Varicella,1 Dose (or disease history),States,Ohio,2020-21,NReq,128535,91.1,NULL,NULL,Census (public). voluntary response (private)
Varicella,1 Dose (or disease history),States,Pennsylvania,2020-21,NReq,129307,95,NULL,NULL,Census (public). voluntary response (private)
Varicella,1 Dose (or disease history),States,Rhode Island,2020-21,NReq,10402,93,‡.§,NULL,Census
Varicella,1 Dose (or disease history),States,South Carolina,2020-21,NReq,56330,26.5,†,NULL,Stratified 1-stage cluster sample
Varicella,1 Dose (or disease history),States,New Mexico,2020-21,NReq,20589,100,*,NULL,Census
Varicella,2 Doses (or disease history),States,District of Columbia,2023-24,91.3,7874,100,*,NULL,Census
Varicella,2 Doses (or disease history),States,Michigan,2023-24,91.7,110156,100,*,NULL,Census
Varicella,2 Doses (or disease history),States,South Carolina,2023-24,91.8,58069,26.7,†,NULL,Stratified 1-stage cluster sample
Varicella,2 Doses (or disease history),States,Arkansas,2023-24,92,37535,95.4,NULL,NULL,"Census (pub.), vol. response (prv.)"
Varicella,2 Doses (or disease history),States,Vermont,2023-24,92.5,5630,100,*,NULL,Census
Varicella,2 Doses (or disease history),States,TX-City of Houston,2023-24,92.8,37882,67.7,‡. §,NULL,Vol. response
Varicella,2 Doses (or disease history),States,Virginia,2023-24,93.1,92633,1.9,†,NULL,Stratified 2-stage cluster sample
Varicella,2 Doses (or disease history),States,Pennsylvania,2023-24,93.2,137593,96.5,NULL,NULL,Census
Varicella,2 Doses (or disease history),States,North Carolina,2023-24,93.3,125964,90.8,§,NULL,"Census (pub.), vol. response (prv.)"
Varicella,2 Doses (or disease history),States,Tennessee,2023-24,94.6,79323,95.8,§,NULL,Census
Varicella,2 Doses (or disease history),States,California,2023-24,95.7,569680,100,*. ‡,NULL,Census
Varicella,2 Doses (or disease history),States,Massachusetts,2025-26,96.2,65331,100,NULL,NULL,Census
Varicella,2 Doses (or disease history),States,Maryland,2025-26,96.3,66945,97.8,NULL,NULL,"Census (pub.), vol. response (prv.)"
Varicella,2 Doses (or disease history),States,Rhode Island,2025-26,96.5,10123,97.1,NULL,NULL,Census
Varicella,2 Doses (or disease history),States,NY-City of New York,2025-26,96.5,82534,98.1,NULL,NULL,Census
Varicella,2 Doses (or disease history),States,Mississippi,2025-26,97,34969,100,NULL,NULL,Census
Varicella,2 Doses (or disease history),States,New York,2025-26,97.4,203514,95.8,NULL,NULL,"Census (pub.), vol. response (prv.)"
Varicella,2 Doses (or disease history),States,Maine,2025-26,97.8,11634,94.4,NULL,NULL,Census
Varicella,1 Dose (or disease history),States,Michigan,2020-21,NReq,106657,100,*,NULL,Census
Varicella,1 Dose (or disease history),States,Massachusetts,2020-21,NReq,60724,100,*.‡,NULL,Census
Varicella,1 Dose (or disease history),States,Maryland,2020-21,NReq,65764,75.6,‡,NULL,Voluntary response
Varicella,1 Dose (or disease history),States,Louisiana,2020-21,NReq,61912,100,*,NULL,Census
Varicella,1 Dose (or disease history),States,Kentucky,2020-21,NReq,59233,86.4,‡.§,NULL,Census (public). voluntary response (private)
Varicella,1 Dose (or disease history),States,Kansas,2020-21,NReq,34687,32.7,†.‡.§,NULL,Stratified 2-stage cluster sample
Varicella,2 Doses (or disease history),States,Wyoming,2025-26,NReq,6146,100,NULL,NULL,Census
Varicella,2 Doses (or disease history),States,New Jersey,2025-26,NReq,101602,92.3,NULL,NULL,Census
Varicella,2 Doses (or disease history),States,Idaho,2025-26,74.6,21728,100,NULL,NULL,Census
Varicella,2 Doses (or disease history),States,Wisconsin,2025-26,84.3,59360,96.6,NULL,NULL,"Census (pub.), vol. response (prv.)"
Varicella,2 Doses (or disease history),States,Minnesota,2025-26,86.2,63451,99.9,NULL,NULL,Census
Varicella,2 Doses (or disease history),States,Colorado,2025-26,86.7,60049,100,NULL,NULL,Census
Varicella,1 Dose (or disease history),States,Alabama,2019-20,86.6,59477,94.9,≥,NULL,Census
Varicella,1 Dose (or disease history),States,Hawaii,2019-20,91.8,15695,8.9,NULL,NULL,Stratified 2-stage cluster sample
Varicella,1 Dose (or disease history),States,Oregon,2019-20,94.6,45959,100,*.‡,NULL,Census
Varicella,1 Dose (or disease history),States,Arizona,2019-20,95.3,83976,98.7,NULL,NULL,Census (public). voluntary response (private)
Varicella,1 Dose (or disease history),States,New Jersey,2019-20,95.9,107900,100,≥.*,NULL,Census
Varicella,1 Dose (or disease history),States,Maine,2019-20,96.2,13450,99.6,NULL,NULL,Census
Varicella,1 Dose (or disease history),States,Oklahoma,2019-20,96.9,55348,85.6,§,NULL,Voluntary response
Varicella,1 Dose (or disease history),States,New York,2019-20,NReq,234165,99.9,NULL,NULL,Census
Varicella,1 Dose (or disease history),States,New Mexico,2019-20,NReq,23087,100,*,NULL,Census
Varicella,1 Dose (or disease history),States,Idaho,2019-20,NReq,23301,98.5,NULL,NULL,Census
Varicella,1 Dose (or disease history),States,New Hampshire,2019-20,NReq,12447,100,≥.*,NULL,Census
Varicella,1 Dose (or disease history),States,Nevada,2019-20,NReq,37724,99.9,NULL,NULL,Census
Varicella,1 Dose (or disease history),States,Nebraska,2019-20,NReq,26893,96.7,‡.‡‡,NULL,Census
Varicella,1 Dose (or disease history),States,Montana,2019-20,NReq,12501,100,*,NULL,Census
Varicella,1 Dose (or disease history),States,Missouri,2019-20,NReq,72324,100,*,NULL,Census
Varicella,1 Dose (or disease history),States,Mississippi,2019-20,NReq,37870,100,≥.*,NULL,Census
Varicella,1 Dose (or disease history),States,Minnesota,2019-20,NReq,71223,98.7,§,NULL,Census
Varicella,1 Dose (or disease history),States,Washington,2019-20,NReq,87757,91.9,§,NULL,Census
Varicella,1 Dose (or disease history),States,Virginia,2019-20,NReq,99399,1.2,†,NULL,Stratified 2-stage cluster sample
Varicella,1 Dose (or disease history),States,Vermont,2019-20,NReq,6293,100,*,NULL,Census
Varicella,1 Dose (or disease history),States,Utah,2019-20,NReq,49208,100,*,NULL,Census
Varicella,1 Dose (or disease history),States,Florida,2019-20,NReq,228298,100,≥.*.§,NULL,Census
Varicella,1 Dose (or disease history),States,Nevada,2021-22,NReq,36855,99.2,NULL,NULL,"Census (pub.), vol. response (pvt.)"
Varicella,1 Dose (or disease history),States,Georgia,2021-22,NReq,118742,100,>=. *,NULL,Census
Varicella,1 Dose (or disease history),States,New Hampshire,2021-22,NReq,12157,100,>=. §. *,NULL,Census
Varicella,1 Dose (or disease history),States,New Mexico,2021-22,NReq,20736,100,*,NULL,Census
Varicella,1 Dose (or disease history),States,New York,2021-22,NReq,195377,99.3,NULL,NULL,Census
Varicella,1 Dose (or disease history),States,NY-City of New York,2021-22,NReq,82938,99.8,NULL,NULL,Census
Varicella,1 Dose (or disease history),States,North Carolina,2021-22,NReq,118191,78.5,§. ‡,NULL,Vol. response
Hepatitis B,,States,California,2009-10,96.1,507191,100,*,NULL,Census
Hepatitis B,,States,Minnesota,2009-10,96.4,70653,100,*,NULL,Census
Hepatitis B,,States,Arizona,2009-10,96.8,89287,93.9,NULL,NULL,Census
Hepatitis B,,States,Kansas,2009-10,97,39073,39.1,†,NULL,Stratified 1-stage sample  (Public);  Census (Private)
Hepatitis B,,States,Michigan,2009-10,97.3,129810,100,*,NULL,Census
Varicella,2 Doses (or disease history),States,Colorado,2024-25,86.8,60055,100,*. §,NULL,Census
Varicella,2 Doses (or disease history),States,Ohio,2024-25,87.8,131589,93.2,NULL,NULL,"Census (pub.), vol. response (prv.)"
Varicella,2 Doses (or disease history),States,TX-City of Houston,2024-25,87.8,36981,98.8,‡. §,NULL,"Census (pub.), vol. response (prv.)"
Varicella,2 Doses (or disease history),States,Utah,2024-25,88.1,45818,100,*,NULL,Census
Varicella,2 Doses (or disease history),States,Iowa,2024-25,88.8,38268,100,>=. *,NULL,Census
Varicella,2 Doses (or disease history),States,Florida,2024-25,88.8,221053,100,>=. *,NULL,Census
Varicella,2 Doses (or disease history),States,New Hampshire,2024-25,89.2,11713,100,>=. *. §,NULL,Census
Varicella,2 Doses (or disease history),States,Arkansas,2024-25,89.2,37570,96.4,NULL,NULL,"Census (pub.), vol. response (prv.)"
Varicella,2 Doses (or disease history),States,South Dakota,2024-25,89.3,11367,99.3,§,NULL,Census
Varicella,2 Doses (or disease history),States,Kansas,2024-25,89.4,33892,29.2,†. ‡. §,NULL,Stratified 2-stage cluster sample
Varicella,2 Doses (or disease history),States,Missouri,2024-25,89.5,68163,100,*,NULL,Census
Varicella,2 Doses (or disease history),States,Washington,2024-25,89.5,76756,97.9,NULL,NULL,Census
Varicella,2 Doses (or disease history),States,North Dakota,2024-25,89.7,9659,98.8,NULL,NULL,Census
Varicella,2 Doses (or disease history),States,Hawaii,2024-25,89.7,13804,10.5,NULL,NULL,Stratified 2-stage cluster sample
Varicella,2 Doses (or disease history),States,Indiana,2024-25,90.3,73744,92.7,§,NULL,"Census (pub.), vol. response (prv.)"
Varicella,2 Doses (or disease history),States,TX-City of Houston,2025-26,91.8,36071,94.6,NULL,NULL,"Census (pub.), vol. response (prv.)"
Varicella,2 Doses (or disease history),States,Illinois,2025-26,92.4,128598,99.8,NULL,NULL,Census
Varicella,2 Doses (or disease history),States,Pennsylvania,2025-26,92.5,134313,95.7,NULL,NULL,"Census (pub.), vol. response (prv.)"
Varicella,2 Doses (or disease history),States,Nebraska,2025-26,92.8,23807,100,NULL,NULL,Census
Varicella,2 Doses (or disease history),States,Texas,2025-26,92.9,358586,98.3,NULL,NULL,"Census (pub.), vol. response (prv.)"
Varicella,2 Doses (or disease history),States,Delaware,2025-26,92.9,10729,12.9,NULL,NULL,"2-stage cluster sample (pub.), nonrandom 2-stage cluster sample (prv.)"
Varicella,2 Doses (or disease history),States,Vermont,2025-26,93.1,5298,100,NULL,NULL,Census
Varicella,2 Doses (or disease history),States,South Carolina,2025-26,93.2,57542,26.2,NULL,NULL,Stratified 1-stage cluster sample
Varicella,2 Doses (or disease history),States,Virginia,2025-26,93.2,88950,95.7,NULL,NULL,Census
Varicella,2 Doses (or disease history),States,North Carolina,2025-26,93.3,120045,90.1,NULL,NULL,"Census (pub.), vol. response (prv.)"
Varicella,2 Doses (or disease history),States,District of Columbia,2025-26,93.9,7871,100,NULL,NULL,Census
Varicella,2 Doses (or disease history),States,Tennessee,2025-26,94.2,73415,97.4,NULL,NULL,Census
Varicella,2 Doses (or disease history),States,New Mexico,2025-26,94.8,19843,100,NULL,NULL,Census
Varicella,2 Doses (or disease history),States,California,2025-26,95.4,614405,100,NULL,NULL,Census
Varicella,1 Dose (or disease history),States,Nevada,2020-21,NReq,34171,94.7,NULL,NULL,Census (public). voluntary response (private)
Varicella,1 Dose (or disease history),States,Nebraska,2020-21,NReq,25681,94.8,‡,NULL,Census (public). voluntary response (private)
Varicella,1 Dose (or disease history),States,Montana,2020-21,NReq,11279,100,*,NULL,Census
Varicella,1 Dose (or disease history),States,Missouri,2020-21,NReq,63093,100,*,NULL,Census
Varicella,1 Dose (or disease history),States,Mississippi,2020-21,NReq,34028,100,>=.*,NULL,Census
Varicella,1 Dose (or disease history),States,Minnesota,2020-21,NReq,66007,95.2,NULL,NULL,Census
Varicella,1 Dose (or disease history),States,Iowa,2021-22,NReq,40111,100,>=. *,NULL,Census
Varicella,1 Dose (or disease history),States,Wyoming,2021-22,NReq,7382,100,*,NULL,Census
Varicella,1 Dose (or disease history),States,Wisconsin,2021-22,NReq,64275,96.8,>=. ‡,NULL,"Census (pub.), vol. response (pvt.)"
Varicella,1 Dose (or disease history),States,West Virginia,2021-22,NReq,18070,85.5,‡. §,NULL,Vol. response
Varicella,1 Dose (or disease history),States,Washington,2021-22,NReq,87256,97.3,§,NULL,"Census (pub.), vol. response (pvt.)"
Varicella,1 Dose (or disease history),States,Oklahoma,2021-22,95.5,54042,84.3,‡,NULL,Vol. response
Varicella,1 Dose (or disease history),States,Alabama,2021-22,94.9,60332,100,>=. *,NULL,Census
Varicella,1 Dose (or disease history),States,Maine,2020-21,97,13477,85,NULL,NULL,Voluntary response (public). census (private)
Varicella,1 Dose (or disease history),States,Iowa,2020-21,NReq,39141,100,>=.*,NULL,Census
Varicella,1 Dose (or disease history),States,Indiana,2020-21,NReq,78694,71.4,§,NULL,Voluntary response
Varicella,1 Dose (or disease history),States,Illinois,2020-21,NReq,NULL,NULL,NULL,NULL,Not Conducted
Varicella,1 Dose (or disease history),States,Idaho,2020-21,NReq,22677,98.3,NULL,NULL,Census
Varicella,1 Dose (or disease history),States,Hawaii,2020-21,NReq,13074,9.3,NULL,NULL,Stratified 2-stage cluster sample
Varicella,1 Dose (or disease history),States,Georgia,2020-21,NReq,83191,100,>=.*,NULL,Census
Varicella,1 Dose (or disease history),States,Arkansas,2020-21,NReq,37540,95.6,‡,NULL,Census (public). voluntary response (private)
Varicella,1 Dose (or disease history),States,California,2020-21,NReq,498214,97.5,‡,NULL,Census
Varicella,1 Dose (or disease history),States,Colorado,2020-21,NReq,63619,97.3,NULL,NULL,Census
Varicella,1 Dose (or disease history),States,Connecticut,2020-21,NReq,34396,100,*,NULL,Census
Varicella,1 Dose (or disease history),States,Florida,2020-21,NReq,207026,100,>=.*,NULL,Census
Varicella,1 Dose (or disease history),States,Delaware,2020-21,NReq,10587,9.2,NULL,NULL,Stratified 2-stage cluster sample
Varicella,1 Dose (or disease history),States,District of Columbia,2020-21,NReq,8262,100,*,NULL,Census
Varicella,1 Dose (or disease history),States,South Dakota,2020-21,NReq,11512,99.9,NULL,NULL,Census
Varicella,1 Dose (or disease history),States,Tennessee,2020-21,NReq,73819,100,*.§,NULL,Census
Varicella,1 Dose (or disease history),States,Texas,2020-21,NReq,377840,98.9,‡.§,NULL,Census
Varicella,1 Dose (or disease history),States,TX-City of Houston,2020-21,NReq,39627,94.9,‡.§,NULL,Census (public). voluntary response (private)
Varicella,1 Dose (or disease history),States,Utah,2020-21,NReq,46247,100,*,NULL,Census
Varicella,1 Dose (or disease history),States,Vermont,2020-21,NReq,5535,100,*,NULL,Census
Varicella,1 Dose (or disease history),States,Virginia,2020-21,NReq,88273,2,†,NULL,Stratified 2-stage cluster sample
Varicella,1 Dose (or disease history),States,New Jersey,2020-21,94.3,100144,100,>=.*,NULL,Census
Varicella,1 Dose (or disease history),States,Alabama,2020-21,94.7,56974,100,>=.*,NULL,Census
Varicella,1 Dose (or disease history),States,Oregon,2020-21,95.1,39568,100,*.‡,NULL,Census
Varicella,1 Dose (or disease history),States,Arizona,2020-21,95.5,76382,92.4,NULL,NULL,Census (public). voluntary response (private)
Varicella,1 Dose (or disease history),States,Oklahoma,2020-21,96.1,52656,90,‡.§,NULL,Census (public). voluntary response (private)
Varicella,1 Dose (or disease history),States,New York,2020-21,NReq,216804,91.5,NULL,NULL,Census (public). voluntary response (private)
Varicella,1 Dose (or disease history),States,Florida,2021-22,NReq,229432,97.8,>=. §,NULL,Census
Varicella,1 Dose (or disease history),States,Missouri,2021-22,NReq,71034,100,*,NULL,Census
Varicella,1 Dose (or disease history),States,Nebraska,2021-22,NReq,25018,99.5,‡,NULL,Census
Varicella,2 Doses (or disease history),States,Nevada,2025-26,90.3,32815,93.6,NULL,NULL,"Census (pub.), vol. response (prv.)"
Varicella,2 Doses (or disease history),States,Michigan,2025-26,90.6,104614,100,NULL,NULL,Census
Varicella,2 Doses (or disease history),States,Kentucky,2025-26,90.7,49937,100,NULL,NULL,Census
Varicella,2 Doses (or disease history),States,Arkansas,2025-26,91.1,35543,96.7,NULL,NULL,"Census (pub.), vol. response (prv.)"
Hepatitis B,,States,Arkansas,2010-11,NA,NULL,NULL,NULL,NULL,NA
Hepatitis B,,States,California,2010-11,NA,NULL,NULL,NULL,NULL,NA
Hepatitis B,,States,Colorado,2010-11,NA,NULL,NULL,NULL,NULL,NA
Hepatitis B,,States,Connecticut,2010-11,NA,NULL,NULL,NULL,NULL,NA
Hepatitis B,,States,Delaware,2010-11,NA,NULL,NULL,NULL,NULL,NA
Hepatitis B,,States,District of Columbia,2010-11,NA,NULL,NULL,NULL,NULL,NA
Hepatitis B,,States,Missouri,2009-10,97.4,75958,3,NULL,NULL,Random sample
Hepatitis B,,States,Tennessee,2009-10,97.4,90811,88.1,≥,NULL,Voluntary response
Hepatitis B,,States,Wisconsin,2009-10,97.4,61095,2.3,¶,NULL,Random sample
Hepatitis B,,States,Nebraska,2009-10,97.5,29607,96.4,NULL,NULL,Census
Hepatitis B,,States,Virginia,2009-10,97.6,100891,4.4,NULL,NULL,Random sample
Hepatitis B,,States,Massachusetts,2009-10,97.7,74476,100,*,NULL,Census
Hepatitis B,,States,Nevada,2009-10,98,35209,5.6,NULL,NULL,Random sample
Hepatitis B,,States,Louisiana,2009-10,98,53846,100,*,NULL,Census
Hepatitis B,,States,New York,2009-10,98.3,229273,100,*,NULL,Census
Hepatitis B,,States,Connecticut,2009-10,98.4,46158,100,*,NULL,Census
Hepatitis B,,States,Arkansas,2009-10,98.5,34733,100,*,NULL,Census
Hepatitis B,,States,Utah,2009-10,98.6,49957,100,*,NULL,Census
Hepatitis B,,States,Texas,2009-10,98.6,381425,98.3,NULL,NULL,Census
Hepatitis B,,States,New Mexico,2009-10,99.1,26318,2.2,NULL,NULL,Random sample
Hepatitis B,,States,Oklahoma,2009-10,99.5,51128,88.9,NULL,NULL,Voluntary response
Hepatitis B,,States,Maryland,2009-10,99.7,75061,75,NULL,NULL,Voluntary response
Hepatitis B,,States,Mississippi,2009-10,99.7,46922,100,≥. *,NULL,Census
Hepatitis B,,States,Georgia,2009-10,100,141949,1.2,NULL,NULL,Random sample
Hepatitis B,,States,Illinois,2009-10,NReq,165845,100,NULL,NULL,Census
Hepatitis B,,States,Alabama,2009-10,NReq,75358,100,*. **,NULL,Census
Hepatitis B,,States,Alaska,2009-10,NA,9641,76.4,NULL,NULL,Voluntary response
Hepatitis B,,States,Colorado,2009-10,NA,NULL,NULL,NULL,NULL,Not conducted
Hepatitis B,,States,District of Columbia,2009-10,NA,6092,100,*,NULL,Census
Hepatitis B,,States,Maine,2009-10,NReq,14162,75.3,NULL,NULL,Voluntary response
Hepatitis B,,States,Hawaii,2009-10,NA,18427,6.4,NULL,NULL,Random sample
Hepatitis B,,States,Wyoming,2009-10,NA,NULL,NULL,NULL,NULL,Not conducted
Hepatitis B,,States,South Dakota,2009-10,NReq,11499,100,*,NULL,Census
Hepatitis B,,States,North Carolina,2009-10,NA,116087,96,NULL,NULL,Census
Hepatitis B,,States,New Jersey,2009-10,NA,118347,95.1,NULL,NULL,Census
Hepatitis B,,States,Montana,2009-10,NReq,12335,98.8,NULL,NULL,Census
Hepatitis B,,States,New Hampshire,2009-10,NA,NULL,NULL,NULL,NULL,Not conducted
Varicella,1 Dose (or disease history),States,Washington,2020-21,NReq,74931,100,§,NULL,Census
Varicella,1 Dose (or disease history),States,West Virginia,2020-21,NR,NULL,NULL,NULL,NULL,Not Conducted
Varicella,1 Dose (or disease history),States,Wisconsin,2020-21,NReq,63486,84.5,>=.†.‡.§,NULL,Voluntary response
Varicella,1 Dose (or disease history),States,Wyoming,2020-21,NReq,6923,100,>=.*,NULL,Census
Varicella,1 Dose (or disease history),States,Kentucky,2021-22,NReq,59233,91.5,>=. ‡. §,NULL,Census
Varicella,1 Dose (or disease history),States,Kansas,2021-22,NReq,36526,29.5,†. ‡. §,NULL,Stratified 1-stage cluster sample
Varicella,1 Dose (or disease history),States,New Hampshire,2023-24,NReq,11871,100,>=. §. *,NULL,Census
Varicella,1 Dose (or disease history),States,Nevada,2023-24,NReq,31261,91.3,NULL,NULL,Census
Varicella,1 Dose (or disease history),States,TX-City of Houston,2023-24,NReq,37882,67.7,‡. §,NULL,Vol. response
Varicella,1 Dose (or disease history),States,Alaska,2023-24,NReq,8644,88.9,¶,NULL,"Census (pub.), not conducted (prv.)"
Varicella,1 Dose (or disease history),States,Arkansas,2023-24,NReq,37535,95.4,NULL,NULL,"Census (pub.), vol. response (prv.)"
Varicella,1 Dose (or disease history),States,California,2023-24,NReq,569680,100,*. ‡,NULL,Census
Varicella,1 Dose (or disease history),States,Oregon,2021-22,94.7,41538,100,*. ‡,NULL,Census
Varicella,1 Dose (or disease history),States,Arizona,2021-22,94.6,83463,97,NULL,NULL,Census
Varicella,1 Dose (or disease history),States,New Jersey,2021-22,94.1,104240,100,>=. §. *,NULL,Census
Varicella,1 Dose (or disease history),States,Michigan,2021-22,NReq,114251,100,*,NULL,Census
Varicella,1 Dose (or disease history),States,Minnesota,2021-22,NReq,69403,98.7,NULL,NULL,Census
Varicella,1 Dose (or disease history),States,Mississippi,2021-22,NReq,36524,100,>=. *,NULL,Census
Varicella,1 Dose (or disease history),States,North Carolina,2022-23,NReq,125679,83.1,§. ‡,NULL,Vol. response
Varicella,1 Dose (or disease history),States,North Dakota,2022-23,NReq,10554,99.4,NULL,NULL,Census
Varicella,1 Dose (or disease history),States,Ohio,2022-23,NReq,134893,93.7,NULL,NULL,"Census (pub.), vol. response (pvt.)"
Varicella,1 Dose (or disease history),States,Pennsylvania,2022-23,NReq,137259,97.2,NULL,NULL,"Census (pub.), vol. response (pvt.)"
Varicella,1 Dose (or disease history),States,Rhode Island,2022-23,NReq,10532,96.5,‡. §,NULL,Census
Varicella,1 Dose (or disease history),States,South Carolina,2022-23,NReq,58878,28.1,†,NULL,Stratified 1-stage cluster sample
Varicella,1 Dose (or disease history),States,South Dakota,2022-23,NReq,12081,100,*,NULL,Census
Varicella,1 Dose (or disease history),States,Tennessee,2022-23,NReq,79692,100,§. *,NULL,Census
Varicella,1 Dose (or disease history),States,Texas,2022-23,NReq,381680,98,‡. §,NULL,Census
Varicella,1 Dose (or disease history),States,Colorado,2022-23,NReq,65576,97.2,NULL,NULL,Census
Varicella,1 Dose (or disease history),States,Connecticut,2022-23,NReq,35580,100,*,NULL,Census
Varicella,1 Dose (or disease history),States,Delaware,2022-23,NReq,10674,9.7,‡,NULL,Stratified 2-stage cluster sample
Varicella,1 Dose (or disease history),States,District of Columbia,2022-23,NReq,8064,100,*,NULL,Census
Varicella,2 Doses (or disease history),States,Utah,2025-26,86.8,44001,100,NULL,NULL,Census
Varicella,2 Doses (or disease history),States,Ohio,2025-26,87.8,129087,95.9,NULL,NULL,"Census (pub.), vol. response (prv.)"
Varicella,2 Doses (or disease history),States,Alaska,2025-26,87.9,8253,60.9,NULL,NULL,"Vol. response (public), not conducted (private)"
Varicella,2 Doses (or disease history),States,North Dakota,2025-26,88,9344,98.6,NULL,NULL,Census
Varicella,2 Doses (or disease history),States,New Hampshire,2025-26,88.2,11544,100,NULL,NULL,Census
Varicella,2 Doses (or disease history),States,Hawaii,2025-26,88.5,13791,11.7,NULL,NULL,Stratified 2-stage cluster sample
Varicella,2 Doses (or disease history),States,South Dakota,2025-26,88.8,11009,100,NULL,NULL,Census
Varicella,2 Doses (or disease history),States,Florida,2025-26,88.9,213535,100,NULL,NULL,Census
Varicella,2 Doses (or disease history),States,Iowa,2025-26,88.9,37490,100,NULL,NULL,Census
Varicella,2 Doses (or disease history),States,Missouri,2025-26,89,66610,100,NULL,NULL,Census
Varicella,2 Doses (or disease history),States,Georgia,2025-26,89.1,118864,100,NULL,NULL,Census
Varicella,2 Doses (or disease history),States,Indiana,2025-26,89.5,70886,87.1,NULL,NULL,Vol. response
Varicella,2 Doses (or disease history),States,Washington,2025-26,89.6,75631,99.1,NULL,NULL,Census
Varicella,2 Doses (or disease history),States,Louisiana,2025-26,90,50223,100,NULL,NULL,Census
Hepatitis B,,States,Alabama,2010-11,NA,NULL,NULL,NULL,NULL,NA
Hepatitis B,,States,Alaska,2010-11,NA,NULL,NULL,NULL,NULL,NA
Hepatitis B,,States,Arizona,2010-11,NA,NULL,NULL,NULL,NULL,NA
Varicella,1 Dose (or disease history),States,Idaho,2022-23,NReq,23721,99.3,NULL,NULL,Census
Varicella,1 Dose (or disease history),States,Illinois,2022-23,NReq,135332,100,*,NULL,Census
Varicella,1 Dose (or disease history),States,Indiana,2022-23,NReq,81307,87.5,§,NULL,"Vol. response (pub.), census (pvt.)"
Varicella,1 Dose (or disease history),States,Wyoming,2022-23,NReq,7060,100,*,NULL,Census
Varicella,1 Dose (or disease history),States,Wisconsin,2022-23,NReq,63593,93.9,‡,NULL,"Census (pub.), vol. response (pvt.)"
Hepatitis B,,States,Florida,2010-11,NA,NULL,NULL,NULL,NULL,NA
Hepatitis B,,States,Georgia,2010-11,NA,NULL,NULL,NULL,NULL,NA
Hepatitis B,,States,Hawaii,2010-11,NA,NULL,NULL,NULL,NULL,NA
Hepatitis B,,States,Wyoming,2010-11,NA,NULL,NULL,NULL,NULL,NA
Hepatitis B,,States,Wisconsin,2010-11,NA,NULL,NULL,NULL,NULL,NA
Hepatitis B,,States,West Virginia,2010-11,NA,NULL,NULL,NULL,NULL,NA
Hepatitis B,,States,Washington,2010-11,NA,NULL,NULL,NULL,NULL,NA
Hepatitis B,,States,Virginia,2010-11,NA,NULL,NULL,NULL,NULL,NA
Hepatitis B,,States,Vermont,2010-11,NA,NULL,NULL,NULL,NULL,NA
Hepatitis B,,States,Utah,2010-11,NA,NULL,NULL,NULL,NULL,NA
Hepatitis B,,States,Texas,2010-11,NA,NULL,NULL,NULL,NULL,NA
Varicella,1 Dose (or disease history),States,Alaska,2021-22,NReq,9790,76.2,¶,NULL,"Vol. response (pub.), not conducted (pvt.)"
Varicella,1 Dose (or disease history),States,Hawaii,2021-22,NReq,13368,6.7,NULL,NULL,Stratified 2-stage cluster sample
Varicella,1 Dose (or disease history),States,Virginia,2021-22,NReq,95996,2.8,†,NULL,Stratified 2-stage cluster sample
Varicella,1 Dose (or disease history),States,Vermont,2021-22,NReq,6126,100,*,NULL,Census
Varicella,1 Dose (or disease history),States,Utah,2021-22,NReq,48995,100,*,NULL,Census
Varicella,1 Dose (or disease history),States,TX-City of Houston,2021-22,NReq,40123,99.3,‡. §,NULL,Census
Varicella,1 Dose (or disease history),States,Texas,2021-22,NReq,389037,99.3,‡. §,NULL,Census
Varicella,1 Dose (or disease history),States,Tennessee,2021-22,NReq,79120,100,§. *,NULL,Census
Varicella,1 Dose (or disease history),States,South Dakota,2021-22,NReq,12251,100,*,NULL,Census
Varicella,1 Dose (or disease history),States,South Carolina,2021-22,NReq,58276,27.2,†,NULL,1-stage cluster sample
Varicella,1 Dose (or disease history),States,Rhode Island,2021-22,NReq,11002,96.9,‡. §,NULL,Census
Varicella,1 Dose (or disease history),States,Pennsylvania,2021-22,NReq,139558,94.9,NULL,NULL,"Census (pub.), vol. response (pvt.)"
Varicella,1 Dose (or disease history),States,Idaho,2021-22,NReq,23854,99.6,NULL,NULL,Census
Varicella,1 Dose (or disease history),States,Illinois,2021-22,NReq,137699,100,*,NULL,Census
Varicella,1 Dose (or disease history),States,Indiana,2021-22,NReq,83198,75.1,§,NULL,Vol. response
Varicella,1 Dose (or disease history),States,Arkansas,2021-22,NReq,39358,96.3,NULL,NULL,"Census (pub.), vol. response (pvt.)"
Varicella,1 Dose (or disease history),States,Ohio,2021-22,NReq,139077,91.9,NULL,NULL,"Census (pub.), vol. response (pvt.)"
Varicella,1 Dose (or disease history),States,District of Columbia,2021-22,NReq,8959,100,*,NULL,Census
Varicella,1 Dose (or disease history),States,Delaware,2021-22,NReq,11181,9.5,‡,NULL,Stratified 2-stage cluster sample
Varicella,1 Dose (or disease history),States,Connecticut,2021-22,NReq,35451,100,*,NULL,Census
Varicella,1 Dose (or disease history),States,Colorado,2021-22,NReq,66900,97.5,NULL,NULL,Census
Varicella,1 Dose (or disease history),States,California,2021-22,NReq,512144,98.4,‡,NULL,Census
Varicella,1 Dose (or disease history),States,Massachusetts,2021-22,NReq,65582,100,*. ‡,NULL,Census
Varicella,1 Dose (or disease history),States,Maryland,2021-22,NReq,53866,98.4,‡,NULL,Census
Varicella,1 Dose (or disease history),States,Maine,2021-22,NReq,12881,91.6,NULL,NULL,Census
Varicella,1 Dose (or disease history),States,Louisiana,2021-22,NReq,66518,100,*,NULL,Census
Varicella,1 Dose (or disease history),States,New Mexico,2023-24,NReq,20699,100,*,NULL,Census
Varicella,1 Dose (or disease history),States,New York,2023-24,NReq,200894,98.8,NULL,NULL,Census
Hepatitis B,,States,Tennessee,2011-12,97.3,83950,99.9,≥,NULL,Census
Hepatitis B,,States,New Mexico,2011-12,97.3,29159,2,NULL,NULL,2-stage Cluster Sample
Hepatitis B,,States,Minnesota,2011-12,97.5,71213,99.2,NULL,NULL,Census
Hepatitis B,,States,Oklahoma,2011-12,97.7,52987,90.9,¶,NULL,Census
Varicella,1 Dose (or disease history),States,Colorado,2023-24,NReq,61662,100,*,NULL,Census
Hepatitis B,,States,Iowa,2009-10,84.5,42698,100,≥,NULL,Census
Hepatitis B,,States,South Carolina,2009-10,87.6,53725,10.2,NULL,NULL,Random sample
Hepatitis B,,States,Delaware,2009-10,88.9,11327,9.2,NULL,NULL,Random sample
Hepatitis B,,States,Ohio,2009-10,90.5,131137,100,*,NULL,Census
Hepatitis B,,States,Florida,2009-10,91.3,218630,100,≥. * .§,NULL,Census
Hepatitis B,,States,West Virginia,2009-10,92,22730,86.7,NULL,NULL,Voluntary response
Hepatitis B,,States,North Dakota,2009-10,92.6,8323,6,¶,NULL,Random sample
Hepatitis B,,States,Rhode Island,2009-10,92.8,11818,11.6,NULL,NULL,Random sample
Hepatitis B,,States,Washington,2009-10,92.8,81511,93.3,NULL,NULL,Census
Hepatitis B,,States,Kentucky,2009-10,93,56526,92.9,NULL,NULL,Census
Hepatitis B,,States,Idaho,2009-10,93,22624,100,*,NULL,Census
Hepatitis B,,States,Pennsylvania,2009-10,93.5,149656,100,*,NULL,Census
Hepatitis B,,States,Vermont,2009-10,94.8,6713,100,*,NULL,Census
Hepatitis B,,States,Oregon,2009-10,95,44676,100,*,NULL,Census
Hepatitis B,,States,Indiana,2009-10,95.2,84390,94.7,NULL,NULL,Census
Hepatitis B,,States,Iowa,2010-11,NA,NULL,NULL,NULL,NULL,NA
Hepatitis B,,States,Kansas,2010-11,NA,NULL,NULL,NULL,NULL,NA
Hepatitis B,,States,Kentucky,2010-11,NA,NULL,NULL,NULL,NULL,NA
Hepatitis B,,States,Louisiana,2010-11,NA,NULL,NULL,NULL,NULL,NA
Hepatitis B,,States,Maine,2010-11,NA,NULL,NULL,NULL,NULL,NA
Hepatitis B,,States,Maryland,2010-11,NA,NULL,NULL,NULL,NULL,NA
Hepatitis B,,States,Massachusetts,2010-11,NA,NULL,NULL,NULL,NULL,NA
Hepatitis B,,States,Michigan,2010-11,NA,NULL,NULL,NULL,NULL,NA
Hepatitis B,,States,Minnesota,2010-11,NA,NULL,NULL,NULL,NULL,NA
Hepatitis B,,States,Mississippi,2010-11,NA,NULL,NULL,NULL,NULL,NA
Hepatitis B,,States,Missouri,2010-11,NA,NULL,NULL,NULL,NULL,NA
Hepatitis B,,States,Montana,2010-11,NA,NULL,NULL,NULL,NULL,NA
Hepatitis B,,States,Nebraska,2010-11,NA,NULL,NULL,NULL,NULL,NA
Hepatitis B,,States,Nevada,2010-11,NA,NULL,NULL,NULL,NULL,NA
Hepatitis B,,States,New Hampshire,2010-11,NA,NULL,NULL,NULL,NULL,NA
Hepatitis B,,States,New Jersey,2010-11,NA,NULL,NULL,NULL,NULL,NA
Hepatitis B,,States,New Mexico,2010-11,NA,NULL,NULL,NULL,NULL,NA
Hepatitis B,,States,New York,2010-11,NA,NULL,NULL,NULL,NULL,NA
Hepatitis B,,States,North Carolina,2010-11,NA,NULL,NULL,NULL,NULL,NA
Hepatitis B,,States,North Dakota,2010-11,NA,NULL,NULL,NULL,NULL,NA
Hepatitis B,,States,Ohio,2010-11,NA,NULL,NULL,NULL,NULL,NA
Hepatitis B,,States,Oklahoma,2010-11,NA,NULL,NULL,NULL,NULL,NA
Hepatitis B,,States,Oregon,2010-11,NA,NULL,NULL,NULL,NULL,NA
Hepatitis B,,States,Pennsylvania,2010-11,NA,NULL,NULL,NULL,NULL,NA
Varicella,1 Dose (or disease history),States,TX-City of Houston,2022-23,NReq,37664,98.8,‡. §,NULL,"Census (pub.), vol. response (pvt.)"
Varicella,1 Dose (or disease history),States,Hawaii,2022-23,NReq,13195,8.1,NULL,NULL,Stratified 2-stage cluster sample
Varicella,1 Dose (or disease history),States,Maryland,2023-24,NReq,63224,100,>=. *. ‡,NULL,Census
Varicella,1 Dose (or disease history),States,Massachusetts,2023-24,NReq,65424,100,*. ‡,NULL,Census
Varicella,1 Dose (or disease history),States,Michigan,2023-24,NReq,110156,100,*,NULL,Census
Varicella,1 Dose (or disease history),States,West Virginia,2022-23,NReq,19175,86.1,>=. ‡. §,NULL,"Vol. response (pub.), census (pvt.)"
Varicella,1 Dose (or disease history),States,Washington,2022-23,NReq,86284,97.9,§,NULL,Census
Varicella,1 Dose (or disease history),States,Virginia,2022-23,NReq,93271,1.6,†,NULL,Stratified 2-stage cluster sample
Varicella,1 Dose (or disease history),States,Vermont,2022-23,NReq,5816,100,*,NULL,Census
Varicella,1 Dose (or disease history),States,Utah,2022-23,NReq,46635,100,*,NULL,Census
Varicella,1 Dose (or disease history),States,NY-City of New York,2022-23,NReq,85379,97.6,NULL,NULL,"Census (pub.), vol. response (pvt.)"
Varicella,1 Dose (or disease history),States,New York,2022-23,NReq,205906,96.6,NULL,NULL,"Census (pub.), vol. response (pvt.)"
Varicella,1 Dose (or disease history),States,New Mexico,2022-23,NReq,21068,100,*,NULL,Census
Varicella,1 Dose (or disease history),States,New Hampshire,2022-23,NReq,11332,100,>=. §. *,NULL,Census
Varicella,1 Dose (or disease history),States,Nevada,2022-23,NReq,34333,89.1,NULL,NULL,"Vol. response (pub.), census (pvt.)"
Varicella,1 Dose (or disease history),States,Nebraska,2022-23,NReq,23176,100,*. ‡,NULL,Census
Varicella,1 Dose (or disease history),States,Missouri,2022-23,NReq,69126,100,*,NULL,Census
Varicella,1 Dose (or disease history),States,Alabama,2022-23,93.9,59113,100,>=. *,NULL,Census
Varicella,1 Dose (or disease history),States,Arizona,2022-23,94.1,80814,97.7,NULL,NULL,Census
Varicella,1 Dose (or disease history),States,Oregon,2022-23,94.1,40963,100,*. ‡,NULL,Census
Varicella,1 Dose (or disease history),States,New Jersey,2022-23,94.3,104468,100,>=. §. *,NULL,Census
Varicella,1 Dose (or disease history),States,Oklahoma,2022-23,94.6,52548,89.5,‡,NULL,"Census (pub.), vol. response (pvt.)"
Varicella,1 Dose (or disease history),States,California,2022-23,NReq,541132,100,‡,NULL,Census
Varicella,1 Dose (or disease history),States,Arkansas,2022-23,NReq,38358,95.8,NULL,NULL,"Census (pub.), vol. response (pvt.)"
Varicella,1 Dose (or disease history),States,Alaska,2022-23,NReq,9650,88.8,¶,NULL,"Vol. response (pub.), not conducted (pvt.)"
Varicella,1 Dose (or disease history),States,Mississippi,2022-23,NReq,36048,100,>=. *,NULL,Census
Varicella,1 Dose (or disease history),States,Minnesota,2022-23,NReq,68152,97.9,NULL,NULL,Census
Varicella,1 Dose (or disease history),States,Michigan,2022-23,NReq,113678,100,*,NULL,Census
Varicella,1 Dose (or disease history),States,Massachusetts,2022-23,NReq,66041,100,*. ‡,NULL,Census
Varicella,1 Dose (or disease history),States,Maryland,2022-23,NReq,59684,100,*. ‡,NULL,Census
Varicella,1 Dose (or disease history),States,Maine,2022-23,NReq,12403,93.9,NULL,NULL,Census
Varicella,1 Dose (or disease history),States,Louisiana,2022-23,NReq,54314,100,*,NULL,Census
Varicella,1 Dose (or disease history),States,Kentucky,2022-23,NReq,54742,96.9,>=. ‡. §,NULL,Census
Varicella,1 Dose (or disease history),States,Kansas,2022-23,NReq,35543,30.8,†. ‡. §,NULL,Stratified 1-stage cluster sample
Varicella,1 Dose (or disease history),States,Iowa,2022-23,NReq,39178,100,>=. *,NULL,Census
Varicella,1 Dose (or disease history),States,Rhode Island,2023-24,NReq,10539,97.8,‡. §,NULL,Census
Varicella,1 Dose (or disease history),States,Pennsylvania,2023-24,NReq,137593,96.5,NULL,NULL,Census
Varicella,1 Dose (or disease history),States,Ohio,2023-24,NReq,133716,94,NULL,NULL,"Census (pub.), vol. response (prv.)"
Varicella,1 Dose (or disease history),States,North Dakota,2023-24,NReq,9708,97.5,NULL,NULL,Census
Varicella,1 Dose (or disease history),States,North Carolina,2023-24,NReq,125964,90.8,§,NULL,"Census (pub.), vol. response (prv.)"
Varicella,1 Dose (or disease history),States,NY-City of New York,2023-24,NReq,85360,99.3,NULL,NULL,Census
Hepatitis B,,States,Michigan,2011-12,96.8,124962,100,*,NULL,Census
Hepatitis B,,States,Delaware,2011-12,96.9,11327,7.4,≥,NULL,2-stage Cluster Sample
Hepatitis B,,States,Arkansas,2012-13,87.4,43212,96.3,‡,NULL,Census
Hepatitis B,,States,Massachusetts,2011-12,97.8,79551,97.5,NULL,NULL,Census
Hepatitis B,,States,Nevada,2011-12,97.8,36557,5.2,NULL,NULL,2-stage Cluster Sample
Hepatitis B,,States,Connecticut,2011-12,98,45695,100,*,NULL,Census
Hepatitis B,,States,Arkansas,2011-12,98.1,38754,92.2,NULL,NULL,Census
Hepatitis B,,States,New York,2011-12,98.2,236016,100,*,NULL,Census
Hepatitis B,,States,Ohio,2011-12,99,146144,94.5,NULL,NULL,Convenient
Hepatitis B,,States,Utah,2011-12,99.1,53800,100,*,NULL,Census
Hepatitis B,,States,Mississippi,2011-12,99.2,44912,100,≥. *,NULL,Census
Hepatitis B,,States,Louisiana,2011-12,99.3,69013,100,*,NULL,Census
Hepatitis B,,States,Nebraska,2011-12,99.3,26715,96.6,NULL,NULL,Census
Hepatitis B,,States,Maryland,2011-12,99.6,72957,67.2,NULL,NULL,Voluntary Response
Hepatitis B,,States,Texas,2011-12,99.7,388178,100,*,NULL,Census
Hepatitis B,,States,Maine,2011-12,NReq,13829,97,NULL,NULL,Census
Hepatitis B,,States,Montana,2011-12,NReq,12128,100,*,NULL,Census
Hepatitis B,,States,New Hampshire,2011-12,NA,13022,100,*,NULL,Census
Hepatitis B,,States,New Jersey,2011-12,NA,118669,96.6,NULL,NULL,Census
Hepatitis B,,States,North Carolina,2011-12,NA,128854,95.4,NULL,NULL,Census
Hepatitis B,,States,Illinois,2011-12,NReq,163311,100,*,NULL,Census
Hepatitis B,,States,Wyoming,2011-12,NA,NULL,NULL,NULL,NULL,Not conducted
Hepatitis B,,States,District of Columbia,2011-12,NA,6854,100,*,NULL,Census
Hepatitis B,,States,Hawaii,2011-12,NA,19443,7.7,NULL,NULL,2-stage Cluster Sample
Hepatitis B,,States,Alaska,2011-12,NA,10286,7.3,NULL,NULL,Non-random Cluster Sample
Hepatitis B,,States,Alabama,2011-12,NReq,73190,100,* .**,NULL,Census
Hepatitis B,,States,Iowa,2011-12,91.1,40978,100,≥. *,NULL,Census
Hepatitis B,,States,North Dakota,2011-12,91.4,8412,5.8,¶,NULL,Convenient
Hepatitis B,,States,Idaho,2011-12,92.3,22762,100,*,NULL,Census
Hepatitis B,,States,Florida,2011-12,92.6,225532,100,≥. * .§,NULL,Census
Hepatitis B,,States,Virginia,2011-12,92.7,101121,4.3,NULL,NULL,2-stage Cluster Sample
Hepatitis B,,States,Washington,2011-12,93,85134,89.1,NULL,NULL,Voluntary Response
Hepatitis B,,States,Rhode Island,2011-12,93.1,12552,13.9,NULL,NULL,2-stage Cluster Sample
Hepatitis B,,States,Colorado,2011-12,93.1,70142,0.5,NULL,NULL,Simple Random Sample
Hepatitis B,,States,Indiana,2011-12,93.2,83416,67.5,NULL,NULL,Voluntary Response
Hepatitis B,,States,West Virginia,2011-12,93.3,22449,94.9,NULL,NULL,Convenient
Hepatitis B,,States,Kentucky,2011-12,93.3,58185,91.8,NULL,NULL,Census
Hepatitis B,,States,Pennsylvania,2011-12,94.4,148042,99,NULL,NULL,Census
Hepatitis B,,States,Oregon,2011-12,94.6,45855,100,*,NULL,Census
Hepatitis B,,States,South Dakota,2011-12,95.4,12127,100,*.††,NULL,Census
Varicella,1 Dose (or disease history),States,Florida,2022-23,NReq,230309,97.7,>=,NULL,Census
Varicella,1 Dose (or disease history),States,Georgia,2022-23,NReq,123771,100,>=. *,NULL,Census
Varicella,1 Dose (or disease history),States,Kansas,2023-24,NReq,34178,37.1,†. ‡. §,NULL,Stratified 2-stage cluster sample
Varicella,1 Dose (or disease history),States,Kentucky,2023-24,NReq,52609,100,>=. *. ‡. §,NULL,Census
Varicella,1 Dose (or disease history),States,Louisiana,2023-24,NReq,51839,100,*,NULL,Census
Varicella,1 Dose (or disease history),States,Maine,2023-24,NReq,12087,93,NULL,NULL,Census
Varicella,1 Dose (or disease history),States,Minnesota,2023-24,NReq,66032,99.1,NULL,NULL,Census
Varicella,1 Dose (or disease history),States,Mississippi,2023-24,NReq,36105,100,>=. *,NULL,Census
Varicella,1 Dose (or disease history),States,Missouri,2023-24,NReq,69014,100,*,NULL,Census
Varicella,1 Dose (or disease history),States,Nebraska,2023-24,NReq,23118,100,*. ‡,NULL,Census
Varicella,1 Dose (or disease history),States,South Dakota,2023-24,NReq,11744,99.8,§,NULL,Census
Varicella,1 Dose (or disease history),States,Tennessee,2023-24,NReq,79323,95.8,§,NULL,Census
Varicella,1 Dose (or disease history),States,Texas,2023-24,NReq,381421,92.4,‡. §,NULL,"Census (pub.), vol. response (prv.)"
Varicella,1 Dose (or disease history),States,Indiana,2023-24,NReq,80639,88.5,§,NULL,"Census (pub.), vol. response (prv.)"
Varicella,1 Dose (or disease history),States,Illinois,2023-24,NReq,133578,100,*,NULL,Census
Varicella,1 Dose (or disease history),States,Utah,2023-24,NReq,46228,100,*,NULL,Census
Varicella,1 Dose (or disease history),States,Utah,2024-25,NReq,45818,100,*,NULL,Census
Varicella,1 Dose (or disease history),States,Ohio,2024-25,NReq,131589,93.2,NULL,NULL,"Census (pub.), vol. response (prv.)"
Varicella,1 Dose (or disease history),States,TX-City of Houston,2024-25,NReq,36981,98.8,‡. §,NULL,"Census (pub.), vol. response (prv.)"
Varicella,1 Dose (or disease history),States,Texas,2024-25,NReq,378860,97.3,‡. §,NULL,"Census (pub.), vol. response (prv.)"
Varicella,1 Dose (or disease history),States,Tennessee,2024-25,NReq,78299,96.7,§,NULL,Census
Varicella,1 Dose (or disease history),States,Kansas,2024-25,NReq,33892,29.2,†. ‡. §,NULL,Stratified 2-stage cluster sample
Varicella,1 Dose (or disease history),States,Kentucky,2024-25,NReq,51319,100,*. §,NULL,Census
Varicella,1 Dose (or disease history),States,Louisiana,2024-25,NReq,49229,100,*,NULL,Census
Varicella,1 Dose (or disease history),States,Maine,2024-25,NReq,11761,95.4,NULL,NULL,Census
Varicella,1 Dose (or disease history),States,Maryland,2024-25,NReq,66135,95.6,‡,NULL,"Census (pub.), vol. response (prv.)"
Varicella,1 Dose (or disease history),States,Massachusetts,2024-25,NReq,65581,100,*. ‡,NULL,Census
Varicella,1 Dose (or disease history),States,Michigan,2024-25,NReq,107636,100,*. ‡,NULL,Census
Varicella,1 Dose (or disease history),States,Minnesota,2024-25,NReq,64898,99.7,NULL,NULL,Census
Varicella,1 Dose (or disease history),States,Alaska,2024-25,NReq,7338,99.8,¶,NULL,"Census (pub.), not conducted (prv.)"
Varicella,1 Dose (or disease history),States,Mississippi,2024-25,NReq,35293,100,>=. *,NULL,Census
Varicella,1 Dose (or disease history),States,Missouri,2024-25,NReq,68163,100,*,NULL,Census
Hepatitis B,,States,Tennessee,2010-11,NA,NULL,NULL,NULL,NULL,NA
Hepatitis B,,States,South Dakota,2010-11,NA,NULL,NULL,NULL,NULL,NA
Hepatitis B,,States,South Carolina,2010-11,NA,NULL,NULL,NULL,NULL,NA
Hepatitis B,,States,Rhode Island,2010-11,NA,NULL,NULL,NULL,NULL,NA
Hepatitis B,,States,Idaho,2010-11,NA,NULL,NULL,NULL,NULL,NA
Hepatitis B,,States,Illinois,2010-11,NA,NULL,NULL,NULL,NULL,NA
Hepatitis B,,States,Indiana,2010-11,NA,NULL,NULL,NULL,NULL,NA
Hepatitis B,,States,Wisconsin,2011-12,96.2,70672,2.3,NULL,NULL,2-stage Cluster Sample
Hepatitis B,,States,Arizona,2011-12,96.3,88293,96.9,NULL,NULL,Census
Hepatitis B,,States,South Carolina,2011-12,96.6,59307,10.7,NULL,NULL,1-stage Cluster Sample
Hepatitis B,,States,Georgia,2011-12,96.7,143065,1.9,NULL,NULL,2-stage Cluster Sample
Hepatitis B,,States,District of Columbia,2012-13,NA,7842,100,*,NULL,Census
Hepatitis B,,States,Montana,2012-13,NReq,12516,95.8,NULL,NULL,Census
Hepatitis B,,States,New Hampshire,2012-13,NA,12943,99.2,NULL,NULL,Census
Hepatitis B,,States,North Carolina,2012-13,NA,130612,97.3,NULL,NULL,Census
Hepatitis B,,States,Alaska,2012-13,NA,10319,97.8,NULL,NULL,Census
Hepatitis B,,States,Kansas,2012-13,88.1,40738,31.8,†. ‡,NULL,Stratified 1-stage sample  (Public);  Census (Private)
Hepatitis B,,States,Iowa,2012-13,90.5,41701,99.9,≥,NULL,Census
Hepatitis B,,States,South Carolina,2012-13,90.9,61799,17.9,≥,NULL,1-Stage Cluster Sample
Hepatitis B,,States,Idaho,2012-13,91.7,23888,100,*,NULL,Census
Hepatitis B,,States,Virginia,2012-13,91.7,104826,4.2,NULL,NULL,2-stage Cluster Sample
Hepatitis B,,States,Florida,2012-13,92.1,234628,100,≥. *. §,NULL,Census
Hepatitis B,,States,Oklahoma,2012-13,92.7,56943,95.5,NULL,NULL,Census
Hepatitis B,,States,Washington,2012-13,93.4,87773,94.7,NULL,NULL,Census
Hepatitis B,,States,Kentucky,2012-13,93.7,58466,97.2,‡,NULL,Census
Hepatitis B,,States,South Dakota,2012-13,93.9,12468,100,*.††,NULL,Census
Hepatitis B,,States,Pennsylvania,2012-13,94.1,151364,97.5,NULL,NULL,Census
Hepatitis B,,States,Oregon,2012-13,94.3,47102,100,*. ‡,NULL,Census
Hepatitis B,,States,Colorado,2012-13,94.3,70657,0.5,NULL,NULL,Simple Random Sample
Hepatitis B,,States,Tennessee,2012-13,94.5,85801,97,≥,NULL,Census
Hepatitis B,,States,Vermont,2012-13,95,6792,100,*,NULL,Census
Hepatitis B,,States,Georgia,2012-13,95.1,142732,2.4,≥,NULL,2-stage Cluster Sample
Hepatitis B,,States,California,2012-13,95.2,535523,99,‡,NULL,Census
Varicella,1 Dose (or disease history),States,Connecticut,2023-24,NReq,36184,100,*,NULL,Census
Varicella,1 Dose (or disease history),States,Wisconsin,2023-24,NReq,62028,98.2,‡. §,NULL,Census
Varicella,1 Dose (or disease history),States,West Virginia,2023-24,NReq,18261,82.8,‡. §,NULL,Vol. response
Varicella,1 Dose (or disease history),States,Delaware,2023-24,NReq,11043,12.1,>=. ‡,NULL,Stratified 2-stage cluster sample
Varicella,1 Dose (or disease history),States,District of Columbia,2023-24,NReq,7874,100,*,NULL,Census
Varicella,1 Dose (or disease history),States,Florida,2023-24,NReq,228213,100,>=. *,NULL,Census
Varicella,1 Dose (or disease history),States,Georgia,2023-24,NReq,136943,100,>=. *,NULL,Census
Varicella,1 Dose (or disease history),States,Hawaii,2023-24,NReq,13995,8.2,NULL,NULL,Stratified 2-stage cluster sample
Varicella,1 Dose (or disease history),States,Idaho,2023-24,NReq,22376,100,*,NULL,Census
Varicella,1 Dose (or disease history),States,Washington,2023-24,NReq,84053,97.2,§,NULL,Census
Varicella,1 Dose (or disease history),States,Virginia,2023-24,NReq,92633,1.9,†,NULL,Stratified 2-stage cluster sample
Varicella,1 Dose (or disease history),States,Vermont,2023-24,NReq,5630,100,*,NULL,Census
Varicella,1 Dose (or disease history),States,Arizona,2023-24,94.1,74834,99.6,NULL,NULL,Census
Varicella,1 Dose (or disease history),States,Oregon,2023-24,93.9,39568,100,*. ‡,NULL,Census
Varicella,1 Dose (or disease history),States,Alabama,2023-24,93.8,54565,100,>=. *,NULL,Census
Varicella,1 Dose (or disease history),States,Oklahoma,2023-24,93.7,49979,93.8,‡,NULL,"Census (pub.), vol. response (prv.)"
Varicella,1 Dose (or disease history),States,Wyoming,2023-24,93.5,6754,100,*,NULL,Census
Varicella,1 Dose (or disease history),States,New Jersey,2023-24,93.2,105408,100,>=. §. *,NULL,Census
Varicella,1 Dose (or disease history),States,South Carolina,2023-24,NReq,58069,26.7,†,NULL,Stratified 1-stage cluster sample
Varicella,1 Dose (or disease history),States,Iowa,2023-24,NReq,38611,100,>=. *,NULL,Census
Hepatitis B,,States,Pennsylvania,2013-14,92.2,151253,100,*. ‡,NULL,Census
Hepatitis B,,States,South Dakota,2013-14,92.8,12566,100,*.††,NULL,Census
Hepatitis B,,States,Florida,2013-14,93.2,233797,100,≥. *. §,NULL,Census
Hepatitis B,,States,Virginia,2013-14,93.2,105692,4.1,NULL,NULL,2-stage cluster  sample
Hepatitis B,,States,Oregon,2013-14,93.5,47649,100,*. ‡,NULL,Census
Hepatitis B,,States,Vermont,2013-14,93.8,6771,100,*,NULL,Census
Hepatitis B,,States,North Dakota,2013-14,94.6,9780,96.1,NULL,NULL,Census (Public); Stratified  2-stage cluster sample(Private)
Hepatitis B,,States,New Hampshire,2013-14,94.7,13240,100,≥. *,NULL,Census
Hepatitis B,,States,California,2013-14,94.8,548606,97.3,‡,NULL,Census
Hepatitis B,,States,Tennessee,2013-14,94.9,80212,99.8,≥,NULL,Census
Hepatitis B,,States,Kansas,2013-14,95.3,41107,29,†. ‡,NULL,Stratified 1-stage sample  (Public);  Census (Private)
Hepatitis B,,States,Wisconsin,2013-14,95.4,71363,2.8,‡,NULL,Stratified  2-stage cluster sample
Hepatitis B,,States,Nebraska,2013-14,95.7,27000,97.3,‡,NULL,Census
Hepatitis B,,States,Vermont,2011-12,95.6,6548,100,*,NULL,Census
Hepatitis B,,States,California,2011-12,95.7,542544,97.6,NULL,NULL,Census
Hepatitis B,,States,Kansas,2011-12,95.8,38402,52.7,†,NULL,Stratified 1-stage sample  (Public);  Census (Private)
Hepatitis B,,States,Missouri,2011-12,96,75240,4.7,NULL,NULL,2-stage Cluster Sample
Hepatitis B,,States,Delaware,2012-13,95.7,11997,7.8,≥,NULL,2-stage Cluster Sample
Hepatitis B,,States,Arizona,2012-13,95.9,90054,97.6,NULL,NULL,Census
Hepatitis B,,States,Missouri,2012-13,96.2,78416,5.9,NULL,NULL,2-stage Cluster Sample
Hepatitis B,,States,Nebraska,2012-13,96.2,24999,96.6,‡,NULL,Census
Hepatitis B,,States,New Mexico,2012-13,96.2,29279,3.3,‡,NULL,2-stage Cluster Sample
Hepatitis B,,States,Michigan,2012-13,96.3,124662,100,*,NULL,Census
Hepatitis B,,States,North Dakota,2012-13,96.6,9503,4.9,NULL,NULL,2-stage Cluster Sample
Hepatitis B,,States,Nevada,2012-13,96.8,36070,4.3,NULL,NULL,2-stage Cluster Sample
Hepatitis B,,States,Minnesota,2012-13,96.8,73310,100,*. ‡,NULL,Census
Hepatitis B,,States,New Jersey,2012-13,97,122516,96.7,≥. ‡,NULL,Census
Hepatitis B,,States,Wisconsin,2012-13,97.3,72416,1.8,‡,NULL,2-stage Cluster Sample
Hepatitis B,,States,Connecticut,2012-13,97.4,41604,100,*,NULL,Census
Hepatitis B,,States,Massachusetts,2012-13,97.8,79661,97.6,‡,NULL,Census
Hepatitis B,,States,Wyoming,2012-13,97.8,8133,100,* .¶,NULL,Census
Hepatitis B,,States,Rhode Island,2012-13,98,12552,75.2,‡,NULL,Voluntary Response
Hepatitis B,,States,New York,2012-13,98.2,239484,100,*. ‡,NULL,Census
Hepatitis B,,States,Texas,2012-13,98.2,414688,96.6,‡,NULL,Census
Hepatitis B,,States,Louisiana,2012-13,98.8,68874,100,*,NULL,Census
Hepatitis B,,States,Ohio,2012-13,99,163687,86.9,NULL,NULL,Census
Hepatitis B,,States,Utah,2012-13,99.1,54605,100,*,NULL,Census
Hepatitis B,,States,Maryland,2012-13,99.4,75007,84.3,‡,NULL,Voluntary Response
Hepatitis B,,States,Mississippi,2012-13,99.9,46595,100,≥. *,NULL,Census
Hepatitis B,,States,Hawaii,2012-13,NA,20104,6.7,NULL,NULL,2-stage Cluster Sample
Hepatitis B,,States,Illinois,2012-13,NReq,166884,100,*,NULL,Census
Hepatitis B,,States,Maine,2012-13,NReq,14313,94.6,‡,NULL,Census
Hepatitis B,,States,California,2014-15,94.9,552583,96.9,‡,NULL,Census
Hepatitis B,,States,Tennessee,2014-15,95.1,78276,100,≥. *,NULL,Census
Hepatitis B,,States,Ohio,2014-15,95.2,149080,91,NULL,NULL,Census (public); Voluntary response (private)
Hepatitis B,,States,Utah,2014-15,95.4,50916,100,*,NULL,Census
Hepatitis B,,States,California,2015-16,95.8,593788,92.8,‡,NULL,Census
Hepatitis B,,States,Alabama,2012-13,NReq,72929,100,* . ‡. **,NULL,Census
Hepatitis B,,States,Michigan,2013-14,95.8,120297,100,*,NULL,Census
Hepatitis B,,States,Nevada,2013-14,95.9,35782,3.1,NULL,NULL,Stratified  2-stage cluster sample
Hepatitis B,,States,Arizona,2013-14,95.9,89606,95.8,NULL,NULL,Census
Hepatitis B,,States,Delaware,2013-14,96.4,11997,12.2,≥,NULL,Stratified  2-stage cluster sample
Hepatitis B,,States,South Carolina,2013-14,96.5,61661,11,NULL,NULL,1-stage stratified sample
Hepatitis B,,States,Missouri,2013-14,96.5,78140,100,*,NULL,Census
Hepatitis B,,States,Minnesota,2013-14,96.6,72087,98.5,‡,NULL,Census
Hepatitis B,,States,New Jersey,2013-14,96.8,123085,95.4,≥. ‡,NULL,Census
Hepatitis B,,States,West Virginia,2013-14,96.8,22814,84.7,NULL,NULL,Voluntary response
Hepatitis B,,States,Indiana,2013-14,97.1,87193,70.3,NULL,NULL,Voluntary response
Hepatitis B,,States,New Mexico,2013-14,97.2,30725,2.7,‡,NULL,Stratified  2-stage cluster sample
Hepatitis B,,States,Alaska,2013-14,97.2,10222,9.3,†,NULL,Stratified  2-stage cluster sample
Hepatitis B,,States,Massachusetts,2013-14,97.2,79894,97.9,‡,NULL,Census
Hepatitis B,,States,Oklahoma,2013-14,97.7,57377,71.3,NULL,NULL,Voluntary response
Hepatitis B,,States,New York,2013-14,97.9,240318,100,*. ‡,NULL,Census
Hepatitis B,,States,Texas,2013-14,98.1,409255,97.1,‡,NULL,Census
Hepatitis B,,States,Rhode Island,2013-14,98.1,11521,99.1,‡,NULL,Census
Hepatitis B,,States,Louisiana,2013-14,98.8,63976,100,*,NULL,Census
Hepatitis B,,States,Connecticut,2013-14,98.9,40978,100,*,NULL,Census
Hepatitis B,,States,Maryland,2013-14,99,75659,96.9,‡,NULL,Census
Hepatitis B,,States,Ohio,2013-14,99,150000,92.5,NULL,NULL,Census
Hepatitis B,,States,Utah,2013-14,99.3,54779,100,*,NULL,Census
Hepatitis B,,States,Mississippi,2013-14,99.7,45719,100,≥. *,NULL,Census
Hepatitis B,,States,Wyoming,2013-14,NA,NULL,NULL,NULL,NULL,Not conducted
Hepatitis B,,States,North Carolina,2013-14,NA,126084,97.7,NULL,NULL,Census
Hepatitis B,,States,Maine,2013-14,NReq,15441,82.4,‡,NULL,Voluntary response
Hepatitis B,,States,Illinois,2013-14,NReq,163316,100,*,NULL,Census
Hepatitis B,,States,Hawaii,2013-14,NA,20056,5.4,NULL,NULL,Stratified  2-stage cluster sample
Hepatitis B,,States,District of Columbia,2013-14,NA,7856,100,*,NULL,Census
Hepatitis B,,States,Alabama,2013-14,NReq,76927,100,*. **,NULL,Census
Hepatitis B,,States,Montana,2013-14,NReq,12855,95.4,NULL,NULL,Census
Hepatitis B,,States,Colorado,2013-14,79.4,69904,0.5,NULL,NULL,Random Sample
Hepatitis B,,States,Arkansas,2013-14,88.4,42649,96.3,NULL,NULL,Census
Hepatitis B,,States,Iowa,2013-14,91,43728,94.6,≥,NULL,Census
Hepatitis B,,States,Idaho,2013-14,91.2,23934,100,*,NULL,Census
Hepatitis B,,States,Washington,2013-14,91.8,89165,88.5,NULL,NULL,Voluntary response
Hepatitis B,,States,Michigan,2014-15,95.8,117963,100,*,NULL,Census
Hepatitis B,,States,Wisconsin,2014-15,95.9,69335,2.5,‡,NULL,Stratified 2-stage cluster sample
Hepatitis B,,States,Pennsylvania,2014-15,96.2,146378,98.3,‡,NULL,Census
Hepatitis B,,States,Nevada,2014-15,96.7,36755,2.8,NULL,NULL,Stratified 2-stage cluster sample
Hepatitis B,,States,Georgia,2013-14,94,143988,100,≥. *,NULL,Census
Hepatitis B,,States,Kentucky,2013-14,94.1,57857,100,*,NULL,Census
Hepatitis B,,States,New York,2014-15,97.3,237045,100,*.‡,NULL,Census
Hepatitis B,,States,Wyoming,2014-15,97.3,7983,97.9,¶,NULL,Census
Hepatitis B,,States,North Carolina,2014-15,97.5,129792,95,NULL,NULL,Census (public). Voluntary response (private)
Hepatitis B,,States,Delaware,2014-15,97.5,11476,7.9,NULL,NULL,Stratified 2-stage cluster sample
Hepatitis B,,States,Kansas,2014-15,97.6,39685,24.5,†.‡,NULL,Stratified 2-stage cluster sample
Hepatitis B,,States,Rhode Island,2014-15,97.7,11163,98.9,‡,NULL,Census
Hepatitis B,,States,South Carolina,2014-15,97.7,62864,12.2,NULL,NULL,Stratified 1-stage cluster sample
Hepatitis B,,States,Texas,2014-15,98,406099,98.3,‡,NULL,Census (public); Voluntary response (private)
Hepatitis B,,States,West Virginia,2014-15,98.7,22016,81.3,NULL,NULL,Voluntary response
Hepatitis B,,States,New Mexico,2014-15,98.7,29918,3.3,†,NULL,Stratified 2-stage cluster sample
Hepatitis B,,States,Louisiana,2014-15,98.8,60377,100,*,NULL,Census
Hepatitis B,,States,Mississippi,2014-15,99.2,44129,100,≥. *,NULL,Census
Hepatitis B,,States,Maryland,2014-15,99.5,75391,90.2,‡,NULL,Census (public); Voluntary response (private)
Hepatitis B,,States,Alabama,2014-15,NReq,59660,100,*,NULL,Census
Hepatitis B,,States,Montana,2014-15,NReq,12501,95.7,NULL,NULL,Census (public); Voluntary response (private)
Hepatitis B,,States,Maine,2014-15,NReq,13704,88.9,‡,NULL,Voluntary response (public); Census (private)
Hepatitis B,,States,Illinois,2014-15,NReq,156942,100,*,NULL,Census
Hepatitis B,,States,Hawaii,2014-15,NA,20085,5.6,NULL,NULL,Stratified 2-stage cluster sample
Hepatitis B,,States,Colorado,2014-15,86.9,70597,0.5,NULL,NULL,Simple random sample
Hepatitis B,,States,Arkansas,2014-15,90.2,41252,95.9,‡,NULL,Census (public); Voluntary response (private)
Hepatitis B,,States,Indiana,2014-15,90.3,85477,70.1,NULL,NULL,Voluntary response
Hepatitis B,,States,New Hampshire,2014-15,91.4,12422,98.9,≥,NULL,Census (public); Voluntary response (private)
Hepatitis B,,States,Iowa,2014-15,91.9,43239,96.3,≥,NULL,Census
Hepatitis B,,States,Washington,2014-15,91.9,88809,96.7,NULL,NULL,Census (public); Voluntary response (private)
Hepatitis B,,States,South Dakota,2014-15,92.2,12008,100,*.††,NULL,Census
Hepatitis B,,States,New Jersey,2014-15,92.3,120471,93.9,≥. ‡,NULL,Census (public); Voluntary response (private)
Hepatitis B,,States,Idaho,2014-15,92.5,22968,100,*,NULL,Census
Hepatitis B,,States,Oklahoma,2014-15,92.5,56967,95.9,‡,NULL,Census
Hepatitis B,,States,Virginia,2014-15,92.8,103821,4.1,NULL,NULL,Stratified 2-stage cluster sample
Hepatitis B,,States,North Dakota,2014-15,92.8,10017,99.9,NULL,NULL,Census
Hepatitis B,,States,Florida,2014-15,93.3,228982,100,≥. *. §,NULL,Census
Hepatitis B,,States,Oregon,2014-15,93.9,46229,100,*.‡,NULL,Census
Hepatitis B,,States,Georgia,2014-15,94,139471,100,≥. *,NULL,Census
Hepatitis B,,States,Kentucky,2014-15,94.1,57884,97.2,‡,NULL,Census
Hepatitis B,,States,Vermont,2014-15,94.4,6277,100,*,NULL,Census
Hepatitis B,,States,Alaska,2014-15,94.5,10129,7.8,†,NULL,Stratified 2-stage cluster sample
Hepatitis B,,States,South Carolina,2015-16,97.2,59240,8.9,NULL,NULL,Stratified 1-stage cluster sample
Hepatitis B,,States,Pennsylvania,2015-16,97.2,143298,93.2,NULL,NULL,Census (public); Voluntary response (private)
Hepatitis B,,States,Wyoming,2015-16,97.3,7825,74,§.¶,NULL,Voluntary response
Hepatitis B,,States,Connecticut,2015-16,97.4,39533,100,*,NULL,Census
Hepatitis B,,States,Massachusetts,2015-16,97.6,72897,100,*.‡,NULL,Census
Hepatitis B,,States,West Virginia,2012-13,95.6,22588,86.5,NULL,NULL,Voluntary Response
Hepatitis B,,States,Indiana,2012-13,95.6,86983,83.4,NULL,NULL,Voluntary Response
Hepatitis B,,States,Maryland,2015-16,99.6,72012,94.3,‡,NULL,Census (public); Voluntary response (private)
Hepatitis B,,States,Illinois,2015-16,NReq,151309,100,*,NULL,Census
Hepatitis B,,States,Maine,2015-16,NReq,13526,90.5,NULL,NULL,Census
Hepatitis B,,States,Alabama,2015-16,NReq,60392,100,≥.*,NULL,Census
Hepatitis B,,States,Montana,2015-16,NReq,11484,100,*,NULL,Census
Hepatitis B,,States,Indiana,2015-16,90.3,83525,69.5,NULL,NULL,Voluntary response
Hepatitis B,,States,Colorado,2015-16,90.3,69137,0.5,NULL,NULL,Simple random sample
Hepatitis B,,States,Iowa,2015-16,91.8,41215,100,≥.*,NULL,Census
Hepatitis B,,States,New Hampshire,2015-16,91.9,11852,99.8,≥,NULL,Census
Hepatitis B,,States,Arkansas,2015-16,92.4,40258,95.6,‡,NULL,Census (public); Voluntary response (private)
Hepatitis B,,States,Idaho,2015-16,92.5,22686,100,*,NULL,Census
Hepatitis B,,States,District of Columbia,2015-16,92.5,8080,100,*,NULL,Census
Hepatitis B,,States,Washington,2015-16,92.7,86492,97.3,§,NULL,Census
Hepatitis B,,States,Kentucky,2015-16,93.5,54353,99.5,‡.§,NULL,Census
Hepatitis B,,States,Florida,2015-16,93.7,224430,100,≥.*.§,NULL,Census
Hepatitis B,,States,Oregon,2015-16,93.7,45531,100,*.‡,NULL,Census
Hepatitis B,,States,North Dakota,2015-16,93.8,9875,97.1,NULL,NULL,Census
Hepatitis B,,States,Tennessee,2015-16,94.1,79233,100,*.§,NULL,Census
Hepatitis B,,States,Vermont,2015-16,94.3,6366,100,*,NULL,Census
Hepatitis B,,States,South Dakota,2015-16,94.3,12181,100,*.††,NULL,Census
Hepatitis B,,States,Hawaii,2015-16,94.4,16325,6.7,NULL,NULL,Stratified 2-stage cluster sample
Hepatitis B,,States,Georgia,2015-16,94.6,131403,100,≥.*,NULL,Census
Hepatitis B,,States,Virginia,2015-16,94.6,100074,4.3,†.§,NULL,Stratified 2-stage cluster sample
Hepatitis B,,States,Ohio,2015-16,95.1,144604,93.7,NULL,NULL,Census (public); Voluntary response (private)
Hepatitis B,,States,Utah,2015-16,95.1,50114,100,*,NULL,Census
Hepatitis B,,States,Minnesota,2015-16,95.2,69710,97.8,§,NULL,Census
Hepatitis B,,States,Alaska,2015-16,95.2,9937,7.8,†.§,NULL,Stratified 2-stage cluster sample
Hepatitis B,,States,Arizona,2015-16,95.5,83088,100,*,NULL,Census
Hepatitis B,,States,Mississippi,2016-17,99.4,40509,100,≥.*,NULL,Census
Hepatitis B,,States,Delaware,2016-17,98.9,11490,9.3,NULL,NULL,Stratified 2-stage cluster sample
Hepatitis B,,States,Louisiana,2016-17,98.7,55257,100,*,NULL,Census
Hepatitis B,,States,West Virginia,2016-17,98.3,28666,66.5,§,NULL,Census (public). voluntary response (private)
Hepatitis B,,States,District of Columbia,2014-15,95.4,7840,100,*,NULL,Census
Hepatitis B,,States,Minnesota,2014-15,95.4,70896,97.8,NULL,NULL,Census
Hepatitis B,,States,Arizona,2014-15,95.7,86153,98.3,NULL,NULL,Census
Varicella,2 Doses (or disease history),States,Idaho,2020-21,86.2,22677,98.3,NULL,NULL,Census
Varicella,2 Doses (or disease history),States,Wisconsin,2020-21,87.2,63486,84.5,>=.†.‡.§,NULL,Voluntary response
Varicella,2 Doses (or disease history),States,Hawaii,2020-21,87.2,13074,9.3,NULL,NULL,Stratified 2-stage cluster sample
Polio,,States,Indiana,2025-26,90.4,70886,87.1,�,NULL,Vol. response
Hepatitis B,,States,Massachusetts,2014-15,96.9,74869,100,*. ‡,NULL,Census
Hepatitis B,,States,Missouri,2014-15,96.9,75900,100,*,NULL,Census
Hepatitis B,,States,Nebraska,2014-15,96.9,26665,100,*. ‡,NULL,Census
Hepatitis B,,States,Connecticut,2014-15,97,39948,100,*,NULL,Census
Polio,,States,Florida,2025-26,88.9,213535,100,>=. *,NULL,Census
Polio,,States,Oklahoma,2025-26,88.9,47844,90.7,NULL,NULL,"Census (pub.), vol. response (prv.)"
Polio,,States,Iowa,2025-26,88.9,37490,100,>=. *,NULL,Census
Polio,,States,North Dakota,2025-26,88.7,9344,98.6,NULL,NULL,Census
Polio,,States,South Dakota,2025-26,88.6,11009,100,*. �,NULL,Census
Polio,,States,Ohio,2025-26,88.4,129087,95.9,NULL,NULL,"Census (pub.), vol. response (prv.)"
Polio,,States,Arizona,2025-26,88.3,73907,92.5,NULL,NULL,"Census (pub.), vol. response (prv.)"
Polio,,States,New Hampshire,2025-26,88.2,11544,100,>=. *. �,NULL,Census
Polio,,States,Colorado,2025-26,87.3,60049,100,*. �,NULL,Census
Polio,,States,Utah,2025-26,87,44001,100,*,NULL,Census
Polio,,States,Minnesota,2025-26,86.7,63451,99.9,NULL,NULL,Census
Polio,,States,Wisconsin,2025-26,86.3,59360,96.6,�. �,NULL,"Census (pub.), vol. response (prv.)"
Polio,,States,Idaho,2025-26,75.5,21728,100,*,NULL,Census
Polio,,States,Kansas,2025-26,NA,NULL,NULL,NULL,NULL,Stratified 2-stage cluster sample
Exemption,Medical Exemption,States,Alaska,2009-10,1.7,9641,NULL,NULL,161,Voluntary response
Exemption,Medical Exemption,States,West Virginia,2009-10,1.3,22730,NULL,NULL,303,Voluntary response
Exemption,Medical Exemption,States,Pennsylvania,2009-10,1.2,149656,NULL,NULL,1777,Census
Exemption,Medical Exemption,States,Nevada,2009-10,1,35209,NULL,NULL,357,Random sample
Exemption,Medical Exemption,States,Nebraska,2009-10,1,29607,NULL,NULL,274,Census
Exemption,Medical Exemption,States,Montana,2009-10,1,12335,NULL,NULL,118,Census
Exemption,Medical Exemption,States,District of Columbia,2009-10,0.8,6092,NULL,NULL,46,Census
Exemption,Medical Exemption,States,Michigan,2009-10,0.7,129810,NULL,NULL,858,Census
Exemption,Medical Exemption,States,Wisconsin,2009-10,0.6,61095,NULL,NULL,391,Random sample
Hepatitis B,,States,New Jersey,2015-16,96.3,110116,100,≥.*,NULL,Census
Hepatitis B,,States,West Virginia,2015-16,96.4,21333,87.6,NULL,NULL,Voluntary response
Hepatitis B,,States,Oklahoma,2015-16,96.4,54335,96.1,‡,NULL,Census
Hepatitis B,,States,Wisconsin,2015-16,96.5,70220,2,‡.§,NULL,Stratified 2-stage cluster sample
Hepatitis B,,States,Michigan,2015-16,96.6,116299,100,*,NULL,Census
Hepatitis B,,States,Nebraska,2015-16,96.8,30409,100,*.‡,NULL,Census
Hepatitis B,,States,Kansas,2015-16,96.8,39555,21,†.‡.§,NULL,Stratified 2-stage cluster sample
Hepatitis B,,States,Missouri,2015-16,96.9,74413,100,*.§,NULL,Census
Hepatitis B,,States,New York,2015-16,97,232521,100,*,NULL,Census
Hepatitis B,,States,New Mexico,2015-16,97,29049,2.7,†,NULL,Stratified 2-stage cluster sample
Hepatitis B,,States,Nevada,2015-16,97,37118,3.3,NULL,NULL,Stratified 2-stage cluster sample
Exemption,Medical Exemption,States,Mississippi,2009-10,0.1,46922,NULL,<,12,Census
Exemption,Medical Exemption,States,Kansas,2009-10,0.2,39073,NULL,NULL,89,Census
Hepatitis B,,States,North Carolina,2015-16,97.8,128290,92,‡.§,NULL,Census (public). Voluntary response (private)
Hepatitis B,,States,Texas,2015-16,98.1,394801,98.7,‡.§,NULL,Census (public); Voluntary response (private)
Hepatitis B,,States,Rhode Island,2015-16,98.1,11165,100,*.‡.§,NULL,Census
Hepatitis B,,States,Louisiana,2015-16,98.9,59159,100,*,NULL,Census
Hepatitis B,,States,Delaware,2015-16,99,11589,9.5,NULL,NULL,Stratified 2-stage cluster sample
Hepatitis B,,States,Mississippi,2015-16,99.4,41042,100,≥.*,NULL,Census
Exemption,Medical Exemption,States,Arizona,2010-11,NA,NULL,NULL,NULL,NULL,NA
Exemption,Medical Exemption,States,Arkansas,2010-11,NA,NULL,NULL,NULL,NULL,NA
Exemption,Medical Exemption,States,California,2010-11,NA,NULL,NULL,NULL,NULL,NA
Exemption,Medical Exemption,States,Colorado,2010-11,NA,NULL,NULL,NULL,NULL,NA
Exemption,Medical Exemption,States,Connecticut,2010-11,NA,NULL,NULL,NULL,NULL,NA
Exemption,Medical Exemption,States,Delaware,2010-11,NA,NULL,NULL,NULL,NULL,NA
Exemption,Medical Exemption,States,District of Columbia,2010-11,NA,NULL,NULL,NULL,NULL,NA
Exemption,Medical Exemption,States,Florida,2010-11,NA,NULL,NULL,NULL,NULL,NA
Exemption,Medical Exemption,States,Georgia,2010-11,NA,NULL,NULL,NULL,NULL,NA
Exemption,Medical Exemption,States,Hawaii,2010-11,NA,NULL,NULL,NULL,NULL,NA
Exemption,Medical Exemption,States,Idaho,2010-11,NA,NULL,NULL,NULL,NULL,NA
Exemption,Medical Exemption,States,Illinois,2010-11,NA,NULL,NULL,NULL,NULL,NA
Exemption,Medical Exemption,States,Maryland,2010-11,NA,NULL,NULL,NULL,NULL,NA
Exemption,Medical Exemption,States,Maine,2010-11,NA,NULL,NULL,NULL,NULL,NA
Exemption,Medical Exemption,States,Louisiana,2010-11,NA,NULL,NULL,NULL,NULL,NA
Exemption,Medical Exemption,States,Kentucky,2010-11,NA,NULL,NULL,NULL,NULL,NA
Exemption,Medical Exemption,States,Kansas,2010-11,NA,NULL,NULL,NULL,NULL,NA
Exemption,Medical Exemption,States,Iowa,2010-11,NA,NULL,NULL,NULL,NULL,NA
Exemption,Medical Exemption,States,Indiana,2010-11,NA,NULL,NULL,NULL,NULL,NA
Varicella,2 Doses (or disease history),States,Mississippi,2020-21,98.9,34028,100,>=.*,NULL,Census
Varicella,2 Doses (or disease history),States,New York,2020-21,98.1,216804,91.5,NULL,NULL,Census (public). voluntary response (private)
Varicella,2 Doses (or disease history),States,NY-City of New York,2020-21,97.1,91920,94.2,NULL,NULL,Census (public). voluntary response (private)
Varicella,2 Doses (or disease history),States,New Mexico,2020-21,95.3,20589,100,*,NULL,Census
Varicella,2 Doses (or disease history),States,Pennsylvania,2020-21,95.3,129307,95,NULL,NULL,Census (public). voluntary response (private)
Varicella,2 Doses (or disease history),States,Nebraska,2020-21,95.1,25681,94.8,‡,NULL,Census (public). voluntary response (private)
Varicella,2 Doses (or disease history),States,Connecticut,2020-21,95.1,34396,100,*,NULL,Census
Varicella,2 Doses (or disease history),States,North Carolina,2020-21,95.1,120995,89,‡.§,NULL,Census (public). voluntary response (private)
Varicella,2 Doses (or disease history),States,Texas,2020-21,95,377840,98.9,‡.§,NULL,Census
Varicella,2 Doses (or disease history),States,California,2020-21,94.8,498214,97.5,‡,NULL,Census
Varicella,2 Doses (or disease history),States,Michigan,2020-21,94.2,106657,100,*,NULL,Census
Varicella,2 Doses (or disease history),States,New Jersey,2020-21,NReq,100144,100,>=.*,NULL,Census
Varicella,2 Doses (or disease history),States,Illinois,2020-21,NR,NULL,NULL,NULL,NULL,Not Conducted
Varicella,2 Doses (or disease history),States,Maine,2020-21,NReq,13477,85,NULL,NULL,Voluntary response (public). census (private)
Varicella,2 Doses (or disease history),States,Alabama,2020-21,NReq,56974,100,>=.*,NULL,Census
Varicella,2 Doses (or disease history),States,Arizona,2020-21,NReq,76382,92.4,NULL,NULL,Census (public). voluntary response (private)
Varicella,2 Doses (or disease history),States,Oregon,2020-21,NReq,39568,100,*.‡,NULL,Census
Varicella,2 Doses (or disease history),States,Oklahoma,2020-21,NReq,52656,90,‡.§,NULL,Census (public). voluntary response (private)
Varicella,2 Doses (or disease history),States,West Virginia,2020-21,NR,NULL,NULL,NULL,NULL,Not Conducted
Varicella,2 Doses (or disease history),States,District of Columbia,2020-21,78,8262,100,*,NULL,Census
Varicella,2 Doses (or disease history),States,TX-City of Houston,2020-21,83.1,39627,94.9,‡.§,NULL,Census (public). voluntary response (private)
Exemption,Medical Exemption,States,Missouri,2011-12,0.6,75240,NULL,§,19,2-stage Cluster Sample
Exemption,Medical Exemption,States,Illinois,2011-12,1.1,163311,NULL,§,1745,Census
Polio,,States,Arkansas,2025-26,90.3,35543,96.7,NULL,NULL,"Census (pub.), vol. response (prv.)"
Polio,,States,Alaska,2025-26,90,8253,60.9,�,NULL,"Vol. response (public), not conducted (private)"
Polio,,States,Missouri,2025-26,89.6,66610,100,*,NULL,Census
Polio,,States,Oregon,2025-26,89.6,37309,100,*. �,NULL,Census
Polio,,States,Hawaii,2025-26,89.5,13791,11.7,NULL,NULL,Stratified 2-stage cluster sample
Polio,,States,Georgia,2025-26,89.1,118864,100,>=. *,NULL,Census
Polio,,States,Washington,2025-26,89,75631,99.1,�,NULL,Census
Exemption,Medical Exemption,States,California,2011-12,0.2,542544,NULL,NULL,871,Census
Exemption,Medical Exemption,States,Vermont,2009-10,0.5,6713,NULL,NULL,35,Census
Exemption,Medical Exemption,States,Iowa,2009-10,0.5,42698,NULL,NULL,218,Census
Exemption,Medical Exemption,States,Washington,2009-10,0.4,81511,NULL,NULL,331,Census
Exemption,Medical Exemption,States,Massachusetts,2009-10,0.4,74476,NULL,NULL,298,Census
Exemption,Medical Exemption,States,Indiana,2009-10,0.3,84390,NULL,NULL,236,Census
Exemption,Medical Exemption,States,Kentucky,2009-10,0.3,56526,NULL,NULL,170,Census
Exemption,Medical Exemption,States,Louisiana,2009-10,0.3,53846,NULL,NULL,151,Census
Exemption,Medical Exemption,States,Maine,2009-10,0.3,14162,NULL,NULL,48,Voluntary response
Exemption,Medical Exemption,States,Idaho,2009-10,0.3,22624,NULL,NULL,66,Census
Exemption,Medical Exemption,States,Florida,2009-10,0.3,218630,NULL,NULL,697,Census
Exemption,Medical Exemption,States,Rhode Island,2009-10,0.3,11818,NULL,NULL,34,Random sample
Exemption,Medical Exemption,States,South Carolina,2009-10,0.3,53725,NULL,NULL,147,Random sample
Exemption,Medical Exemption,States,South Dakota,2009-10,0.3,11499,NULL,NULL,38,Census
Exemption,Medical Exemption,States,Maryland,2009-10,0.3,75061,NULL,NULL,236,Voluntary response
Exemption,Medical Exemption,States,Oregon,2009-10,0.2,44676,NULL,NULL,86,Census
Exemption,Medical Exemption,States,New Mexico,2009-10,NA,26318,NULL,††,NULL,Random sample
Exemption,Medical Exemption,States,New Hampshire,2009-10,NA,NULL,NULL,NULL,NULL,Not conducted
Exemption,Medical Exemption,States,Missouri,2009-10,NA,75958,NULL,§,NULL,Random sample
Exemption,Medical Exemption,States,Minnesota,2009-10,NA,70653,NULL,NULL,NULL,Not conducted
Exemption,Medical Exemption,States,Texas,2009-10,NA,381425,NULL,§,NULL,Census
Exemption,Medical Exemption,States,Tennessee,2009-10,NA,90811,NULL,††,NULL,Voluntary response
Exemption,Medical Exemption,States,North Dakota,2009-10,NA,8323,NULL,††,NULL,Random sample
Exemption,Medical Exemption,States,Wyoming,2009-10,NA,NULL,NULL,NULL,NULL,Not conducted
Exemption,Medical Exemption,States,Colorado,2009-10,NA,NULL,NULL,NULL,NULL,Not conducted
Exemption,Medical Exemption,States,Illinois,2009-10,NA,165845,NULL,§,NULL,Census
Exemption,Medical Exemption,States,Hawaii,2009-10,0.1,18427,NULL,NULL,16,Random sample
Exemption,Medical Exemption,States,Georgia,2009-10,0.1,141949,NULL,NULL,87,Random sample
Exemption,Medical Exemption,States,North Carolina,2009-10,0.1,116087,NULL,NULL,158,Census
Exemption,Medical Exemption,States,New York,2009-10,0.1,229273,NULL,NULL,309,Census
Exemption,Medical Exemption,States,New Jersey,2009-10,0.1,118347,NULL,NULL,167,Census
Exemption,Medical Exemption,States,Arkansas,2009-10,0.1,34733,NULL,NULL,28,Census
Exemption,Medical Exemption,States,Alabama,2009-10,0.1,75358,NULL,¶,91,Census
Exemption,Medical Exemption,States,New Jersey,2012-13,0.2,122516,NULL,NULL,261,Census
Exemption,Medical Exemption,States,Virginia,2009-10,0.2,100891,NULL,NULL,159,Random sample
Exemption,Medical Exemption,States,Utah,2009-10,0.2,49957,NULL,NULL,89,Census
Exemption,Medical Exemption,States,Delaware,2009-10,0.2,11327,NULL,NULL,22,Random sample
Exemption,Medical Exemption,States,Connecticut,2009-10,0.2,46158,NULL,NULL,108,Census
Exemption,Medical Exemption,States,California,2009-10,0.2,507191,NULL,NULL,998,Census
Exemption,Medical Exemption,States,Arizona,2009-10,0.2,89287,NULL,NULL,185,Census
Exemption,Medical Exemption,States,Ohio,2009-10,0.2,131137,NULL,NULL,284,Census
Exemption,Medical Exemption,States,Oklahoma,2009-10,0.2,51128,NULL,NULL,119,Voluntary response
Exemption,Medical Exemption,States,Alaska,2010-11,NA,NULL,NULL,NULL,NULL,NA
Exemption,Medical Exemption,States,Mississippi,2010-11,NA,NULL,NULL,NULL,NULL,NA
Exemption,Medical Exemption,States,Missouri,2010-11,NA,NULL,NULL,NULL,NULL,NA
Exemption,Medical Exemption,States,Utah,2010-11,NA,NULL,NULL,NULL,NULL,NA
Exemption,Medical Exemption,States,Oklahoma,2010-11,NA,NULL,NULL,NULL,NULL,NA
Exemption,Medical Exemption,States,Ohio,2010-11,NA,NULL,NULL,NULL,NULL,NA
Exemption,Medical Exemption,States,Vermont,2010-11,NA,NULL,NULL,NULL,NULL,NA
Exemption,Medical Exemption,States,Virginia,2010-11,NA,NULL,NULL,NULL,NULL,NA
Exemption,Medical Exemption,States,Washington,2010-11,NA,NULL,NULL,NULL,NULL,NA
Exemption,Medical Exemption,States,West Virginia,2010-11,NA,NULL,NULL,NULL,NULL,NA
Exemption,Medical Exemption,States,North Dakota,2010-11,NA,NULL,NULL,NULL,NULL,NA
Exemption,Medical Exemption,States,Wisconsin,2010-11,NA,NULL,NULL,NULL,NULL,NA
Exemption,Medical Exemption,States,North Carolina,2010-11,NA,NULL,NULL,NULL,NULL,NA
Exemption,Medical Exemption,States,Wyoming,2010-11,NA,NULL,NULL,NULL,NULL,NA
Exemption,Medical Exemption,States,Alabama,2010-11,NA,NULL,NULL,NULL,NULL,NA
Exemption,Medical Exemption,States,Tennessee,2011-12,0.2,83950,NULL,NULL,153,Census
Exemption,Medical Exemption,States,West Virginia,2011-12,0.2,22449,NULL,NULL,44,Convenient
Exemption,Medical Exemption,States,New Hampshire,2011-12,0.3,13022,NULL,NULL,34,Census
Exemption,Medical Exemption,States,Arizona,2011-12,0.3,88293,NULL,NULL,239,Census
Exemption,Medical Exemption,States,Maryland,2011-12,0.3,72957,NULL,NULL,161,Voluntary Response
Exemption,Medical Exemption,States,Connecticut,2011-12,0.3,45695,NULL,NULL,137,Census
Exemption,Medical Exemption,States,Rhode Island,2011-12,0.3,12552,NULL,NULL,5,2-stage Cluster Sample
Exemption,Medical Exemption,States,Florida,2011-12,0.3,225532,NULL,NULL,724,Census
Exemption,Medical Exemption,States,Idaho,2011-12,0.3,22762,NULL,NULL,61,Census
Exemption,Medical Exemption,States,Kansas,2011-12,0.3,38402,NULL,NULL,130,Census
Exemption,Medical Exemption,States,Vermont,2011-12,0.3,6548,NULL,NULL,21,Census
Exemption,Medical Exemption,States,Virginia,2011-12,0.3,101121,NULL,NULL,15,2-stage Cluster Sample
Exemption,Medical Exemption,States,Montana,2011-12,0.4,12128,NULL,NULL,52,Census
Exemption,Medical Exemption,States,Massachusetts,2011-12,0.4,79551,NULL,NULL,325,Census
Exemption,Medical Exemption,States,Pennsylvania,2011-12,0.4,148042,NULL,NULL,598,Census
Exemption,Medical Exemption,States,Maine,2011-12,0.4,13829,NULL,NULL,47,Census
Exemption,Medical Exemption,States,Wisconsin,2011-12,0.4,70672,NULL,NULL,7,2-stage Cluster Sample
Exemption,Medical Exemption,States,Texas,2011-12,0.5,388178,NULL,§,2058,Census
Exemption,Medical Exemption,States,Washington,2011-12,0.5,85134,NULL,NULL,376,Voluntary Response
Exemption,Medical Exemption,States,Iowa,2011-12,0.5,40978,NULL,NULL,195,Census
Exemption,Medical Exemption,States,Nebraska,2011-12,0.5,26715,NULL,NULL,126,Census
Exemption,Medical Exemption,States,Michigan,2011-12,0.6,124962,NULL,NULL,767,Census
Exemption,Medical Exemption,States,Minnesota,2011-12,0.1,71213,NULL,§,59,Census
Exemption,Medical Exemption,States,Alaska,2011-12,1.3,10286,NULL,NULL,10,Non-random Cluster Sample
Exemption,Medical Exemption,States,District of Columbia,2011-12,1.3,6854,NULL,NULL,91,Census
Exemption,Medical Exemption,States,South Dakota,2011-12,0.2,12127,NULL,NULL,30,Census
Exemption,Medical Exemption,States,Oregon,2011-12,0.2,45855,NULL,NULL,80,Census
Exemption,Medical Exemption,States,Oklahoma,2011-12,0.2,52987,NULL,NULL,74,Census
Exemption,Medical Exemption,States,Ohio,2011-12,0.2,146144,NULL,NULL,275,Convenient
Exemption,Medical Exemption,States,North Carolina,2011-12,0.2,128854,NULL,NULL,186,Census
Exemption,Medical Exemption,States,New Jersey,2011-12,0.2,118669,NULL,NULL,226,Census
Exemption,Medical Exemption,States,Nevada,2011-12,0.2,36557,NULL,NULL,4,2-stage Cluster Sample
Exemption,Medical Exemption,States,Kansas,2012-13,0.3,40738,NULL,NULL,118,Census
Exemption,Medical Exemption,States,Indiana,2012-13,0.4,86983,NULL,NULL,326,Voluntary Response
Exemption,Medical Exemption,States,Pennsylvania,2012-13,0.4,151364,NULL,NULL,643,Census
Exemption,Medical Exemption,States,Florida,2012-13,0.4,234628,NULL,NULL,905,Census
Exemption,Medical Exemption,States,Ohio,2012-13,0.4,163687,NULL,NULL,650,Census
Exemption,Medical Exemption,States,Montana,2012-13,0.4,12516,NULL,NULL,49,Census
Exemption,Medical Exemption,States,Rhode Island,2012-13,0.4,12552,NULL,NULL,45,Voluntary Response
Exemption,Medical Exemption,States,Idaho,2012-13,0.4,23888,NULL,NULL,90,Census
Exemption,Medical Exemption,States,Maine,2012-13,0.4,14313,NULL,NULL,61,Census
Exemption,Medical Exemption,States,Vermont,2012-13,0.4,6792,NULL,NULL,30,Census
Exemption,Medical Exemption,States,Massachusetts,2012-13,0.5,79661,NULL,NULL,373,Census
Exemption,Medical Exemption,States,Wisconsin,2012-13,0.5,72416,NULL,NULL,472,2-stage Cluster Sample
Exemption,Medical Exemption,States,Iowa,2012-13,0.5,41701,NULL,NULL,188,Census
Exemption,Medical Exemption,States,Michigan,2012-13,0.6,124662,NULL,NULL,699,Census
Exemption,Medical Exemption,States,Nebraska,2012-13,0.6,24999,NULL,NULL,149,Census
Exemption,Medical Exemption,States,Nevada,2012-13,0.7,36070,NULL,NULL,85,2-stage Cluster Sample
Exemption,Medical Exemption,States,Washington,2012-13,1.2,87773,NULL,*,1092,Census
Exemption,Medical Exemption,States,West Virginia,2012-13,1.2,22588,NULL,NULL,262,Voluntary Response
Exemption,Medical Exemption,States,Illinois,2012-13,1.2,166884,NULL,§,2017,Census
Exemption,Medical Exemption,States,District of Columbia,2012-13,1.3,7842,NULL,NULL,101,Census
Exemption,Medical Exemption,States,Alaska,2012-13,1.6,10319,NULL,NULL,162,Census
Exemption,Medical Exemption,States,Hawaii,2012-13,0.3,20104,NULL,*,17,2-stage Cluster Sample
Exemption,Medical Exemption,States,Wyoming,2012-13,0.3,8133,NULL,‡‡,28,Census
Exemption,Medical Exemption,States,Maryland,2012-13,0.3,75007,NULL,NULL,237,Voluntary Response
Exemption,Medical Exemption,States,South Dakota,2012-13,0.3,12468,NULL,NULL,41,Census
Exemption,Medical Exemption,States,Kentucky,2012-13,0.2,58466,NULL,NULL,128,Census
Exemption,Medical Exemption,States,California,2012-13,0.2,535523,NULL,NULL,923,Census
Exemption,Medical Exemption,States,Louisiana,2012-13,0.2,68874,NULL,NULL,109,Census
Exemption,Medical Exemption,States,Delaware,2012-13,0.2,11997,NULL,NULL,2,2-stage Cluster Sample
Exemption,Medical Exemption,States,Utah,2012-13,0.2,54605,NULL,NULL,83,Census
Exemption,Medical Exemption,States,Tennessee,2012-13,0.2,85801,NULL,NULL,162,Census
Exemption,Medical Exemption,States,New Hampshire,2012-13,0.2,12943,NULL,NULL,30,Census
Exemption,Medical Exemption,States,New Mexico,2013-14,0.2,30725,NULL,NULL,72,Stratified  2-stage cluster sample
Exemption,Medical Exemption,States,New York,2010-11,NA,NULL,NULL,NULL,NULL,NA
Exemption,Medical Exemption,States,New Mexico,2010-11,NA,NULL,NULL,NULL,NULL,NA
Exemption,Medical Exemption,States,New Jersey,2010-11,NA,NULL,NULL,NULL,NULL,NA
Exemption,Medical Exemption,States,New Hampshire,2010-11,NA,NULL,NULL,NULL,NULL,NA
Exemption,Medical Exemption,States,Nevada,2010-11,NA,NULL,NULL,NULL,NULL,NA
Exemption,Medical Exemption,States,Nebraska,2010-11,NA,NULL,NULL,NULL,NULL,NA
Exemption,Medical Exemption,States,Montana,2010-11,NA,NULL,NULL,NULL,NULL,NA
Exemption,Medical Exemption,States,Oregon,2010-11,NA,NULL,NULL,NULL,NULL,NA
Exemption,Medical Exemption,States,Massachusetts,2010-11,NA,NULL,NULL,NULL,NULL,NA
Exemption,Medical Exemption,States,Michigan,2010-11,NA,NULL,NULL,NULL,NULL,NA
Exemption,Medical Exemption,States,Pennsylvania,2010-11,NA,NULL,NULL,NULL,NULL,NA
Exemption,Medical Exemption,States,Minnesota,2010-11,NA,NULL,NULL,NULL,NULL,NA
Exemption,Medical Exemption,States,Rhode Island,2010-11,NA,NULL,NULL,NULL,NULL,NA
Exemption,Medical Exemption,States,South Carolina,2010-11,NA,NULL,NULL,NULL,NULL,NA
Exemption,Medical Exemption,States,South Dakota,2010-11,NA,NULL,NULL,NULL,NULL,NA
Exemption,Medical Exemption,States,Tennessee,2010-11,NA,NULL,NULL,NULL,NULL,NA
Exemption,Medical Exemption,States,Texas,2010-11,NA,NULL,NULL,NULL,NULL,NA
Exemption,Medical Exemption,States,Indiana,2013-14,0.4,87193,NULL,NULL,348,Voluntary response
Exemption,Medical Exemption,States,Maine,2013-14,0.4,15441,NULL,NULL,56,Voluntary response
Exemption,Medical Exemption,States,Iowa,2013-14,0.5,43728,NULL,NULL,205,Census
Exemption,Medical Exemption,States,Michigan,2013-14,0.5,120297,NULL,NULL,573,Census
Exemption,Medical Exemption,States,Nebraska,2013-14,0.6,27000,NULL,NULL,158,Census
Exemption,Medical Exemption,States,Kansas,2013-14,0.8,41107,NULL,NULL,213,Census
Exemption,Medical Exemption,States,District of Columbia,2013-14,1.1,7856,NULL,NULL,85,Census
Exemption,Medical Exemption,States,Alaska,2013-14,1.2,10222,NULL,NULL,119,Census
Exemption,Medical Exemption,States,Washington,2013-14,1.2,89165,NULL,*,1035,Voluntary response
Exemption,Medical Exemption,States,New Jersey,2013-14,0.2,123085,NULL,NULL,262,Census
Exemption,Medical Exemption,States,Tennessee,2013-14,0.2,80212,NULL,NULL,132,Census
Exemption,Medical Exemption,States,South Dakota,2013-14,0.2,12566,NULL,*,21,Census
Exemption,Medical Exemption,States,Ohio,2013-14,0.2,150000,NULL,NULL,369,Census
Exemption,Medical Exemption,States,Missouri,2013-14,0.2,78140,NULL,§,156,Census
Exemption,Medical Exemption,States,Arizona,2013-14,0.2,89606,NULL,NULL,175,Census
Exemption,Medical Exemption,States,California,2013-14,0.2,548606,NULL,NULL,1017,Census
Exemption,Medical Exemption,States,Nevada,2013-14,0.1,35782,NULL,<,7,Stratified  2-stage cluster sample
Exemption,Medical Exemption,States,Mississippi,2013-14,0.1,45719,NULL,<,17,Census
Exemption,Medical Exemption,States,New York,2013-14,0.1,240318,NULL,NULL,302,Census
Exemption,Medical Exemption,States,Minnesota,2013-14,0.1,72087,NULL,§,72,Census
Exemption,Medical Exemption,States,Alabama,2013-14,0.1,76927,NULL,<. ¶,70,Census
Exemption,Medical Exemption,States,Arkansas,2013-14,0.1,42649,NULL,<,24,Census
Exemption,Medical Exemption,States,Delaware,2011-12,0.2,11327,NULL,NULL,1,2-stage Cluster Sample
Exemption,Medical Exemption,States,Louisiana,2011-12,0.2,69013,NULL,NULL,166,Census
Exemption,Medical Exemption,States,Indiana,2011-12,0.2,83416,NULL,NULL,137,Voluntary Response
Exemption,Medical Exemption,States,Kentucky,2011-12,0.2,58185,NULL,NULL,104,Census
Exemption,Medical Exemption,States,New Mexico,2011-12,0.1,29159,NULL,<,0,2-stage Cluster Sample
Exemption,Medical Exemption,States,New York,2011-12,0.1,236016,NULL,NULL,331,Census
Exemption,Medical Exemption,States,Mississippi,2011-12,0.1,44912,NULL,<,16,Census
Exemption,Medical Exemption,States,Montana,2014-15,0.3,12501,NULL,NULL,34,Census (public); Voluntary response (private)
Exemption,Medical Exemption,States,Nevada,2014-15,0.3,36755,NULL,NULL,92,Stratified 2-stage cluster sample
Exemption,Medical Exemption,States,Alabama,2011-12,0.1,73190,NULL,¶,109,Census
Exemption,Medical Exemption,States,North Dakota,2011-12,0.1,8412,NULL,<,0,Convenient
Exemption,Medical Exemption,States,Arkansas,2011-12,0.1,38754,NULL,NULL,20,Census
Exemption,Medical Exemption,States,South Carolina,2011-12,0.1,59307,NULL,NULL,5,1-stage Cluster Sample
Exemption,Medical Exemption,States,Georgia,2011-12,0.1,143065,NULL,NULL,2,2-stage Cluster Sample
Exemption,Medical Exemption,States,Hawaii,2011-12,0.1,19443,NULL,NULL,2,2-stage Cluster Sample
Exemption,Medical Exemption,States,Utah,2011-12,0.1,53800,NULL,NULL,79,Census
Exemption,Medical Exemption,States,Colorado,2011-12,NA,70142,NULL,**,NULL,Simple Random Sample
Exemption,Medical Exemption,States,Wyoming,2011-12,NA,NULL,NULL,NULL,NULL,Not conducted
Exemption,Medical Exemption,States,Connecticut,2012-13,0.3,41604,NULL,NULL,124,Census
Exemption,Medical Exemption,States,Colorado,2012-13,0.3,70657,NULL,NULL,191,Simple Random Sample
Exemption,Medical Exemption,States,Missouri,2012-13,0.3,78416,NULL,§,377,2-stage Cluster Sample
Exemption,Medical Exemption,States,Arizona,2012-13,0.3,90054,NULL,NULL,315,Census
Exemption,Medical Exemption,States,Minnesota,2014-15,0.2,70896,NULL,§,142,Census
Exemption,Medical Exemption,States,Tennessee,2014-15,0.2,78276,NULL,NULL,140,Census
Exemption,Medical Exemption,States,South Dakota,2014-15,0.2,12008,NULL,*,21,Census
Exemption,Medical Exemption,States,Rhode Island,2014-15,0.2,11163,NULL,NULL,27,Census
Exemption,Medical Exemption,States,Oregon,2014-15,0.2,46229,NULL,NULL,78,Census
Exemption,Medical Exemption,States,Kentucky,2014-15,0.2,57884,NULL,NULL,116,Census
Exemption,Medical Exemption,States,New Jersey,2014-15,0.2,120471,NULL,*,241,Census (public); Voluntary response (private)
Exemption,Medical Exemption,States,New Hampshire,2014-15,0.2,12422,NULL,NULL,25,Census (public); Voluntary response (private)
Exemption,Medical Exemption,States,California,2014-15,0.2,552583,NULL,NULL,1066,Census
Exemption,Medical Exemption,States,Texas,2014-15,0.1,406099,NULL,§,406,Census (public); Voluntary response (private)
Exemption,Medical Exemption,States,South Carolina,2014-15,0.1,62864,NULL,*,74,Stratified 1-stage cluster sample
Exemption,Medical Exemption,States,Mississippi,2014-15,0.1,44129,NULL,<. *,17,Census
Exemption,Medical Exemption,States,New Mexico,2012-13,0.2,29279,NULL,NULL,20,2-stage Cluster Sample
Exemption,Medical Exemption,States,Oregon,2012-13,0.2,47102,NULL,NULL,72,Census
Exemption,Medical Exemption,States,Virginia,2012-13,0.1,104826,NULL,<,48,2-stage Cluster Sample
Exemption,Medical Exemption,States,Mississippi,2012-13,0.1,46595,NULL,<,23,Census
Exemption,Medical Exemption,States,Arkansas,2012-13,0.1,43212,NULL,<,17,Census
Exemption,Medical Exemption,States,New York,2012-13,0.1,239484,NULL,*,331,Census
Exemption,Medical Exemption,States,North Carolina,2012-13,0.1,130612,NULL,*,162,Census
Exemption,Medical Exemption,States,North Dakota,2012-13,0.1,9503,NULL,<,0,2-stage Cluster Sample
Exemption,Medical Exemption,States,Alabama,2012-13,0.1,72929,NULL,¶,64,Census
Exemption,Medical Exemption,States,Oklahoma,2012-13,0.1,56943,NULL,NULL,66,Census
Exemption,Medical Exemption,States,Georgia,2012-13,0.1,142732,NULL,NULL,4,2-stage Cluster Sample
Exemption,Medical Exemption,States,Minnesota,2012-13,0,73310,NULL,§,32,Census
Exemption,Medical Exemption,States,Texas,2012-13,NA,414688,NULL,§,NULL,Census
Exemption,Medical Exemption,States,South Carolina,2012-13,NA,61799,NULL,NULL,NULL,Not conducted
Exemption,Medical Exemption,States,West Virginia,2013-14,0.2,22814,NULL,NULL,35,Voluntary response
Exemption,Medical Exemption,States,Virginia,2013-14,0.2,105692,NULL,NULL,173,2-stage cluster  sample
Exemption,Medical Exemption,States,Vermont,2013-14,0.2,6771,NULL,NULL,11,Census
Exemption,Medical Exemption,States,Utah,2013-14,0.2,54779,NULL,NULL,94,Census
Exemption,Medical Exemption,States,Rhode Island,2013-14,0.3,11521,NULL,NULL,33,Census
Exemption,Medical Exemption,States,Pennsylvania,2013-14,0.3,151253,NULL,NULL,510,Census
Exemption,Medical Exemption,States,North Dakota,2013-14,0.3,9780,NULL,NULL,32,Census (Public); Stratified  2-stage cluster sample(Private)
Exemption,Medical Exemption,States,Montana,2013-14,0.3,12855,NULL,NULL,36,Census
Exemption,Medical Exemption,States,Kentucky,2013-14,0.3,57857,NULL,NULL,148,Census
Exemption,Medical Exemption,States,Maryland,2013-14,0.3,75659,NULL,NULL,244,Census
Exemption,Medical Exemption,States,Illinois,2013-14,0.3,163316,NULL,§,490,Census
Exemption,Medical Exemption,States,Connecticut,2013-14,0.3,40978,NULL,NULL,128,Census
Exemption,Medical Exemption,States,Florida,2013-14,0.3,233797,NULL,NULL,772,Census
Exemption,Medical Exemption,States,New Hampshire,2013-14,0.4,13240,NULL,NULL,49,Census
Exemption,Medical Exemption,States,Massachusetts,2013-14,0.4,79894,NULL,NULL,332,Census
Exemption,Medical Exemption,States,Idaho,2013-14,0.4,23934,NULL,NULL,89,Census
Exemption,Medical Exemption,States,Delaware,2015-16,0.1,11589,NULL,<,5,Stratified 2-stage cluster sample
Exemption,Medical Exemption,States,Georgia,2015-16,0.1,131403,NULL,NULL,145,Census
Exemption,Medical Exemption,States,Louisiana,2015-16,0.1,59159,NULL,NULL,75,Census
Exemption,Medical Exemption,States,Colorado,2013-14,0.1,69904,NULL,<,0,Random Sample
Exemption,Medical Exemption,States,Delaware,2013-14,0.1,11997,NULL,<,9,Stratified  2-stage cluster sample
Exemption,Medical Exemption,States,Georgia,2013-14,0.1,143988,NULL,<,143,Census
Exemption,Medical Exemption,States,Hawaii,2013-14,0.1,20056,NULL,<,0,Stratified  2-stage cluster sample
Exemption,Medical Exemption,States,Louisiana,2013-14,0.1,63976,NULL,NULL,83,Census
Exemption,Medical Exemption,States,North Carolina,2013-14,0.1,126084,NULL,NULL,161,Census
Exemption,Medical Exemption,States,Oklahoma,2013-14,0.1,57377,NULL,NULL,73,Voluntary response
Exemption,Medical Exemption,States,Oregon,2013-14,0.1,47649,NULL,NULL,62,Census
Exemption,Medical Exemption,States,South Carolina,2013-14,0.1,61661,NULL,*,83,1-stage stratified sample
Exemption,Medical Exemption,States,Wisconsin,2013-14,0.1,71363,NULL,NULL,103,Stratified  2-stage cluster sample
Exemption,Medical Exemption,States,Texas,2013-14,NA,409255,NULL,§,NULL,Census
Exemption,Medical Exemption,States,Wyoming,2013-14,NA,NULL,NULL,NULL,NULL,Not conducted
Exemption,Medical Exemption,States,Utah,2014-15,0.2,50916,NULL,*,90,Census
Exemption,Medical Exemption,States,Vermont,2014-15,0.2,6277,NULL,NULL,13,Census
Exemption,Medical Exemption,States,West Virginia,2014-15,0.2,22016,NULL,NULL,38,Voluntary response
Exemption,Medical Exemption,States,Michigan,2014-15,0.3,117963,NULL,NULL,389,Census
Exemption,Medical Exemption,States,Massachusetts,2014-15,0.3,74869,NULL,NULL,261,Census
Exemption,Medical Exemption,States,Kansas,2014-15,0.3,39685,NULL,NULL,114,Census
Exemption,Medical Exemption,States,Iowa,2014-15,0.3,43239,NULL,NULL,143,Census
Exemption,Medical Exemption,States,Illinois,2014-15,0.3,156942,NULL,§,471,Census
Exemption,Medical Exemption,States,Idaho,2014-15,0.3,22968,NULL,NULL,68,Census
Exemption,Medical Exemption,States,Florida,2014-15,0.3,228982,NULL,NULL,745,Census
Exemption,Medical Exemption,States,Connecticut,2014-15,0.3,39948,NULL,NULL,114,Census
Exemption,Medical Exemption,States,North Dakota,2014-15,0.3,10017,NULL,*,28,Census
Exemption,Medical Exemption,States,Ohio,2014-15,0.3,149080,NULL,NULL,384,Census (public); Voluntary response (private)
Exemption,Medical Exemption,States,Wyoming,2014-15,0.3,7983,NULL,§.‡‡,24,Census
Exemption,Medical Exemption,States,Pennsylvania,2014-15,0.3,146378,NULL,NULL,470,Census
Exemption,Medical Exemption,States,Virginia,2014-15,0.3,103821,NULL,*,305,Stratified 2-stage cluster sample
Exemption,Medical Exemption,States,Wisconsin,2014-15,0.4,69335,NULL,NULL,301,Stratified 2-stage cluster sample
Exemption,Medical Exemption,States,Maryland,2014-15,0.4,75391,NULL,NULL,336,Census (public); Voluntary response (private)
Exemption,Medical Exemption,States,Delaware,2014-15,0.4,11476,NULL,NULL,46,Stratified 2-stage cluster sample
Exemption,Medical Exemption,States,Indiana,2014-15,0.5,85477,NULL,NULL,406,Voluntary response
Exemption,Medical Exemption,States,Maine,2014-15,0.5,13704,NULL,NULL,63,Voluntary response (public); Census (private)
Exemption,Medical Exemption,States,Nebraska,2014-15,0.6,26665,NULL,NULL,150,Census
Exemption,Medical Exemption,States,District of Columbia,2014-15,0.6,7840,NULL,NULL,46,Census
Exemption,Medical Exemption,States,Washington,2014-15,1.2,88809,NULL,*,1055,Census (public); Voluntary response (private)
Exemption,Medical Exemption,States,Alaska,2014-15,1.3,10129,NULL,NULL,135,Census
Exemption,Medical Exemption,States,Missouri,2014-15,0.2,75900,NULL,§,152,Census
Exemption,Medical Exemption,States,Alabama,2014-15,0.1,59660,NULL,*,59,Census
Exemption,Medical Exemption,States,Arizona,2014-15,0.1,86153,NULL,NULL,126,Census
Exemption,Medical Exemption,States,Arkansas,2014-15,0.1,41252,NULL,<,18,Census (public); Voluntary response (private)
Exemption,Medical Exemption,States,Colorado,2014-15,0.1,70597,NULL,<,0,Simple random sample
Exemption,Medical Exemption,States,Michigan,2015-16,0.2,116299,NULL,NULL,246,Census
Exemption,Medical Exemption,States,Utah,2015-16,0.2,50114,NULL,NULL,88,Census
Exemption,Medical Exemption,States,West Virginia,2015-16,0.2,21333,NULL,NULL,35,Voluntary response
Exemption,Medical Exemption,States,California,2015-16,0.2,593788,NULL,NULL,993,Census
Exemption,Medical Exemption,States,Kentucky,2015-16,0.2,54353,NULL,NULL,129,Census
Exemption,Medical Exemption,States,Kansas,2015-16,0.2,39555,NULL,NULL,97,Census
Exemption,Medical Exemption,States,Illinois,2015-16,0.2,151309,NULL,§,303,Census
Exemption,Medical Exemption,States,Wyoming,2015-16,0.2,7825,NULL,§.‡‡,16,Voluntary response
Exemption,Medical Exemption,States,North Dakota,2015-16,0.3,9875,NULL,NULL,30,Census
Exemption,Medical Exemption,States,Massachusetts,2015-16,0.3,72897,NULL,NULL,216,Census
Exemption,Medical Exemption,States,Virginia,2015-16,0.3,100074,NULL,NULL,254,Stratified 2-stage cluster sample
Exemption,Medical Exemption,States,Iowa,2015-16,0.3,41215,NULL,NULL,119,Census
Exemption,Medical Exemption,States,Wisconsin,2015-16,0.3,70220,NULL,NULL,244,Stratified 2-stage cluster sample
Exemption,Medical Exemption,States,Idaho,2015-16,0.3,22686,NULL,NULL,69,Census
Exemption,Medical Exemption,States,Florida,2015-16,0.3,224430,NULL,NULL,699,Census
Exemption,Medical Exemption,States,Connecticut,2015-16,0.3,39533,NULL,NULL,110,Census
Exemption,Medical Exemption,States,Hawaii,2015-16,0.4,16325,NULL,NULL,70,Stratified 2-stage cluster sample
Exemption,Medical Exemption,States,Montana,2015-16,0.4,11484,NULL,NULL,49,Census
Exemption,Medical Exemption,States,Pennsylvania,2015-16,0.4,143298,NULL,NULL,511,Census (public); Voluntary response (private)
Exemption,Medical Exemption,States,Maryland,2015-16,0.5,72012,NULL,NULL,348,Census (public); Voluntary response (private)
Exemption,Medical Exemption,States,Maine,2015-16,0.5,13526,NULL,NULL,69,Census
Exemption,Medical Exemption,States,Indiana,2015-16,0.5,83525,NULL,NULL,395,Voluntary response
Exemption,Medical Exemption,States,District of Columbia,2015-16,0.5,8080,NULL,NULL,44,Census
Exemption,Medical Exemption,States,Nebraska,2015-16,0.6,30409,NULL,NULL,186,Census
Exemption,Medical Exemption,States,Washington,2015-16,1,86492,NULL,NULL,862,Census
Exemption,Medical Exemption,States,Alaska,2015-16,1.2,9937,NULL,NULL,103,Census
Exemption,Medical Exemption,States,Minnesota,2015-16,0.2,69710,NULL,§,139,Census
Exemption,Medical Exemption,States,Texas,2015-16,0.2,394801,NULL,NULL,821,Census (public); Voluntary response (private)
Exemption,Medical Exemption,States,Missouri,2015-16,0.2,74413,NULL,§,149,Census
Exemption,Medical Exemption,States,South Dakota,2015-16,0.2,12181,NULL,NULL,22,Census
Exemption,Medical Exemption,States,Rhode Island,2015-16,0.2,11165,NULL,NULL,21,Census
Exemption,Medical Exemption,States,Arizona,2015-16,0.2,83088,NULL,NULL,189,Census
Exemption,Medical Exemption,States,New Hampshire,2015-16,0.2,11852,NULL,NULL,21,Census
Exemption,Medical Exemption,States,New Jersey,2015-16,0.2,110116,NULL,NULL,211,Census
Exemption,Medical Exemption,States,Ohio,2015-16,0.2,144604,NULL,NULL,358,Census (public); Voluntary response (private)
Exemption,Medical Exemption,States,Alabama,2015-16,0.1,60392,NULL,NULL,40,Census
Exemption,Medical Exemption,States,Arkansas,2015-16,0.1,40258,NULL,NULL,21,Census (public); Voluntary response (private)
Exemption,Medical Exemption,States,Colorado,2015-16,0.1,69137,NULL,<,0,Simple random sample
Exemption,Medical Exemption,States,North Dakota,2016-17,0.2,9799,NULL,NULL,24,Census
Exemption,Medical Exemption,States,Rhode Island,2016-17,0.2,11100,NULL,NULL,22,Census
Exemption,Medical Exemption,States,Connecticut,2016-17,0.3,39002,NULL,NULL,107,Census
Exemption,Medical Exemption,States,Kansas,2016-17,0.3,38298,NULL,NULL,115,Census
Exemption,Medical Exemption,States,Ohio,2016-17,0.3,137542,NULL,NULL,414,Census
Exemption,Medical Exemption,States,Massachusetts,2016-17,0.3,70109,NULL,NULL,191,Census
Exemption,Medical Exemption,States,Wisconsin,2016-17,0.3,67607,NULL,NULL,194,Census
Exemption,Medical Exemption,States,West Virginia,2016-17,0.3,28666,NULL,NULL,75,Census (public). voluntary response (private)
Exemption,Medical Exemption,States,Pennsylvania,2016-17,0.4,143888,NULL,NULL,537,Voluntary response
Exemption,Medical Exemption,States,Kentucky,2016-17,0.4,51487,NULL,NULL,217,Census
Exemption,Medical Exemption,States,Montana,2016-17,0.4,11956,NULL,NULL,53,Census
Exemption,Medical Exemption,States,Idaho,2016-17,0.4,22589,NULL,NULL,86,Census
Exemption,Medical Exemption,States,Florida,2016-17,0.4,224463,NULL,NULL,841,Census
Exemption,Medical Exemption,States,Maryland,2016-17,0.5,71467,NULL,NULL,391,Census
Exemption,Medical Exemption,States,California,2016-17,0.5,575305,NULL,NULL,2928,Census
Exemption,Medical Exemption,States,District of Columbia,2016-17,0.6,8522,NULL,NULL,47,Census
Exemption,Medical Exemption,States,Nebraska,2016-17,0.7,27117,NULL,§§,186,Census
Exemption,Medical Exemption,States,Washington,2016-17,0.9,87142,NULL,NULL,805,Census
Exemption,Medical Exemption,States,Alaska,2016-17,1.5,9815,NULL,NULL,149,Census
Exemption,Medical Exemption,States,Utah,2016-17,0.2,49073,NULL,NULL,88,Census
Exemption,Medical Exemption,States,Vermont,2016-17,0.2,6344,NULL,NULL,15,Census
Exemption,Medical Exemption,States,Virginia,2016-17,0.2,102357,NULL,NULL,225,Census
Exemption,Medical Exemption,States,Colorado,2016-17,0.2,64440,NULL,§,129,Census
Exemption,Medical Exemption,States,Illinois,2016-17,0.2,151309,NULL,§,303,Census
Exemption,Medical Exemption,States,Iowa,2016-17,0.2,39587,NULL,NULL,79,Census
Exemption,Medical Exemption,States,Michigan,2016-17,0.2,118777,NULL,NULL,213,Census
Exemption,Medical Exemption,States,Maine,2016-17,0.2,13834,NULL,NULL,32,Voluntary response (public). census (private)
Exemption,Medical Exemption,States,Oklahoma,2016-17,0.2,52184,NULL,‡‡,79,Census
Exemption,Medical Exemption,States,Tennessee,2016-17,0.1,78169,NULL,NULL,103,Census
Exemption,Medical Exemption,States,Nevada,2016-17,0.1,36885,NULL,NULL,53,Stratified 2-stage cluster sample
Exemption,Medical Exemption,States,Alabama,2016-17,0.1,58394,NULL,NULL,62,Census
Exemption,Medical Exemption,States,New Mexico,2016-17,0.1,27119,NULL,<,6,Stratified 2-stage cluster sample
Exemption,Medical Exemption,States,Arkansas,2016-17,0.1,39666,NULL,NULL,24,Voluntary response
Exemption,Medical Exemption,States,Delaware,2016-17,0.1,11490,NULL,<,7,Stratified 2-stage cluster sample
Exemption,Medical Exemption,States,Louisiana,2014-15,0.1,60377,NULL,NULL,53,Census
Exemption,Medical Exemption,States,Oklahoma,2014-15,0.1,56967,NULL,NULL,76,Census
Exemption,Medical Exemption,States,Hawaii,2014-15,0.1,20085,NULL,<,0,Stratified 2-stage cluster sample
Exemption,Medical Exemption,States,North Carolina,2014-15,0.1,129792,NULL,*,178,Census (public); Voluntary response (private)
Exemption,Medical Exemption,States,New York,2014-15,0.1,237045,NULL,NULL,309,Census
Exemption,Medical Exemption,States,New Mexico,2014-15,0.1,29918,NULL,NULL,18,Census
Exemption,Medical Exemption,States,Georgia,2014-15,0.1,139471,NULL,NULL,138,Census
Exemption,Medical Exemption,States,Idaho,2017-18,0.4,22553,NULL,NULL,93,Census
Exemption,Medical Exemption,States,Pennsylvania,2017-18,0.5,141571,NULL,NULL,638,Voluntary response
Exemption,Medical Exemption,States,Arizona,2017-18,0.5,81710,NULL,NULL,400,Census
Exemption,Medical Exemption,States,Florida,2017-18,0.5,222397,NULL,NULL,1051,Census
Exemption,Medical Exemption,States,Maryland,2017-18,0.6,68528,NULL,NULL,390,Census
Exemption,Medical Exemption,States,Washington,2017-18,0.7,85118,NULL,NULL,621,Census
Exemption,Medical Exemption,States,Nebraska,2017-18,0.7,26313,NULL,NULL,192,Census
Exemption,Medical Exemption,States,California,2017-18,0.7,574702,NULL,NULL,4190,Census
Exemption,Medical Exemption,States,Alaska,2017-18,0.8,9692,NULL,NULL,75,Stratified 2-stage cluster sample
Exemption,Medical Exemption,States,Wyoming,2017-18,NA,NULL,NULL,NULL,NULL,Not conducted
Exemption,Medical Exemption,States,District of Columbia,2017-18,NA,NULL,NULL,NULL,NULL,Census
Exemption,Medical Exemption,States,Nevada,2017-18,0.1,37178,NULL,NULL,26,Stratified 2-stage cluster sample
Exemption,Medical Exemption,States,Oregon,2017-18,0.1,45818,NULL,NULL,62,Census
Exemption,Medical Exemption,States,Rhode Island,2017-18,0.1,11025,NULL,NULL,10,Census
Exemption,Medical Exemption,States,Tennessee,2017-18,0.1,78743,NULL,NULL,114,Census
Exemption,Medical Exemption,States,Mississippi,2017-18,0.1,39284,NULL,NULL,38,Census
Exemption,Medical Exemption,States,Louisiana,2017-18,0.1,58277,NULL,NULL,61,Census
Exemption,Medical Exemption,States,Hawaii,2017-18,0.1,16325,NULL,<,4,Stratified 2-stage cluster sample
Exemption,Medical Exemption,States,Georgia,2017-18,0.1,131459,NULL,NULL,102,Census
Exemption,Medical Exemption,States,Delaware,2017-18,0.1,10988,NULL,NULL,3,Stratified 2-stage cluster sample
Exemption,Medical Exemption,States,Arkansas,2017-18,0.1,39630,NULL,NULL,14,Census
Exemption,Medical Exemption,States,Alabama,2017-18,0.1,57245,NULL,NULL,59,Census
Exemption,Medical Exemption,States,New Hampshire,2017-18,0.2,12165,NULL,NULL,22,Census
Exemption,Medical Exemption,States,New Jersey,2017-18,0.2,107630,NULL,NULL,171,Census
Exemption,Medical Exemption,States,New Mexico,2017-18,0.2,26896,NULL,NULL,51,Stratified 2-stage cluster sample
Exemption,Medical Exemption,States,North Carolina,2017-18,0.2,127197,NULL,NULL,284,Census
Exemption,Medical Exemption,States,Mississippi,2015-16,0.1,41042,NULL,<,18,Census
Exemption,Medical Exemption,States,Vermont,2015-16,0.1,6366,NULL,NULL,9,Census
Exemption,Medical Exemption,States,Nevada,2015-16,0.1,37118,NULL,NULL,37,Stratified 2-stage cluster sample
Exemption,Medical Exemption,States,New Mexico,2015-16,0.1,29049,NULL,NULL,19,Census
Exemption,Medical Exemption,States,Tennessee,2015-16,0.1,79233,NULL,NULL,111,Census
Exemption,Medical Exemption,States,South Carolina,2015-16,0.1,59240,NULL,<,23,Stratified 1-stage cluster sample
Exemption,Medical Exemption,States,New York,2015-16,0.1,232521,NULL,NULL,323,Census
Exemption,Medical Exemption,States,North Carolina,2015-16,0.1,128290,NULL,NULL,141,Census (public); Voluntary response (private)
Exemption,Medical Exemption,States,Oklahoma,2015-16,0.1,54335,NULL,NULL,79,Census
Exemption,Medical Exemption,States,Oregon,2015-16,0.1,45531,NULL,NULL,61,Census
Exemption,Medical Exemption,States,Texas,2016-17,0.2,389999,NULL,NULL,822,Census
Exemption,Medical Exemption,States,Arizona,2016-17,0.2,83627,NULL,NULL,134,Census
Exemption,Medical Exemption,States,New Hampshire,2016-17,0.2,12145,NULL,NULL,29,Census
Exemption,Medical Exemption,States,New Jersey,2016-17,0.2,109577,NULL,NULL,196,Census
Exemption,Medical Exemption,States,South Dakota,2016-17,0.2,12106,NULL,NULL,21,Census
Exemption,Medical Exemption,States,New York,2016-17,0.2,227050,NULL,NULL,345,Census
Exemption,Medical Exemption,States,New Jersey,2018-19,0.2,109161,NULL,†,183,Census
Exemption,Medical Exemption,States,Ohio,2018-19,0.2,139679,NULL,||,334,Census (public). voluntary response (private)
Exemption,Medical Exemption,States,South Carolina,2018-19,0.2,58442,NULL,†,92,Stratified 1-stage cluster sample
Exemption,Medical Exemption,States,South Dakota,2018-19,0.2,12062,NULL,†,22,Census
MMR (PAC),MMR (PAC),States,Colorado,2025-26,95.5,60049,100,NULL,NULL,Census
Exemption,Medical Exemption,States,Tennessee,2018-19,0.2,78630,NULL,†,129,Census
Exemption,Medical Exemption,States,Texas,2018-19,0.2,390034,NULL,||,972,Census
Exemption,Medical Exemption,States,Utah,2018-19,0.2,50179,NULL,NULL,77,Census
Exemption,Medical Exemption,States,Wisconsin,2018-19,0.2,66344,NULL,NULL,160,Stratified 2-stage cluster sample
Exemption,Medical Exemption,States,Wyoming,2018-19,0.2,7734,NULL,†,15,Census
Exemption,Medical Exemption,States,New York,2018-19,0.1,220495,NULL,†,315,Census
Exemption,Medical Exemption,States,North Carolina,2018-19,0.1,124343,NULL,†,167,Census (public). voluntary response (private)
Exemption,Medical Exemption,States,Oklahoma,2018-19,0.1,54806,NULL,NULL,79,Census (public). voluntary response (private)
Exemption,Medical Exemption,States,Oregon,2018-19,0.1,45870,NULL,||,56,Census
Exemption,Medical Exemption,States,Mississippi,2018-19,0.1,37775,NULL,‡.†,47,Census
Exemption,Medical Exemption,States,Rhode Island,2018-19,0.1,10964,NULL,†,16,Census
Exemption,Medical Exemption,States,Alabama,2018-19,0.1,77739,NULL,†,62,Census
Exemption,Medical Exemption,States,Georgia,2016-17,0.1,136165,NULL,NULL,198,Census
Exemption,Medical Exemption,States,North Carolina,2016-17,0.1,126454,NULL,NULL,174,Voluntary response
Exemption,Medical Exemption,States,Mississippi,2016-17,0.1,40509,NULL,NULL,31,Census
Exemption,Medical Exemption,States,Hawaii,2016-17,0.1,16325,NULL,NULL,20,Stratified 2-stage cluster sample
Exemption,Medical Exemption,States,Indiana,2016-17,0.1,83263,NULL,NULL,112,Voluntary response
Exemption,Medical Exemption,States,South Carolina,2016-17,0.1,59177,NULL,NULL,55,Stratified 1-stage cluster sample
Exemption,Medical Exemption,States,Missouri,2016-17,0.2,73355,NULL,§,147,Census
Exemption,Medical Exemption,States,Minnesota,2016-17,0.2,69140,NULL,§,138,Census
Exemption,Medical Exemption,States,Wyoming,2016-17,NA,NULL,NULL,NULL,NULL,Not conducted
Exemption,Medical Exemption,States,West Virginia,2017-18,0.2,19519,NULL,‡‡,32,Voluntary response
Exemption,Medical Exemption,States,Wisconsin,2017-18,0.2,66178,NULL,NULL,164,Stratified 2-stage cluster sample
Exemption,Medical Exemption,States,Missouri,2017-18,0.2,73113,NULL,§,146,Census
Exemption,Medical Exemption,States,Minnesota,2017-18,0.2,69807,NULL,§,140,Census
Exemption,Medical Exemption,States,Michigan,2017-18,0.2,119028,NULL,NULL,251,Census
Exemption,Medical Exemption,States,Iowa,2017-18,0.2,39632,NULL,NULL,93,Census
Exemption,Medical Exemption,States,Indiana,2017-18,0.2,84296,NULL,NULL,156,Voluntary Response
Exemption,Medical Exemption,States,Illinois,2017-18,0.2,144858,NULL,§,290,Census
Exemption,Medical Exemption,States,Colorado,2017-18,0.2,65718,NULL,§,131,Census
Exemption,Medical Exemption,States,North Dakota,2017-18,0.3,10365,NULL,NULL,31,Census
Exemption,Medical Exemption,States,Massachusetts,2017-18,0.3,63377,NULL,NULL,166,Census
MMR (PAC),MMR (PAC),States,Utah,2025-26,88.1,44001,100,NULL,NULL,Census
Exemption,Medical Exemption,States,Maine,2017-18,0.3,13255,NULL,NULL,34,Census
Exemption,Medical Exemption,States,Kentucky,2017-18,0.3,55152,NULL,NULL,174,Census
Exemption,Medical Exemption,States,Kansas,2017-18,0.3,38484,NULL,NULL,125,Stratified 2-stage cluster sample
Exemption,Medical Exemption,States,Connecticut,2017-18,0.3,39174,NULL,NULL,126,Census
Exemption,Medical Exemption,States,Virginia,2017-18,0.4,100581,NULL,NULL,384,Stratified 2-stage cluster sample
Exemption,Medical Exemption,States,Montana,2017-18,0.4,12188,NULL,NULL,48,Census
Exemption,Medical Exemption,States,South Dakota,2019-20,0.1,12367,NULL,†,18,Census
Exemption,Medical Exemption,States,Tennessee,2019-20,0.1,80595,NULL,†,101,Census
Exemption,Medical Exemption,States,Utah,2019-20,0.1,49208,NULL,NULL,59,Census
Exemption,Medical Exemption,States,Vermont,2019-20,0.1,6293,NULL,†,9,Census
Exemption,Medical Exemption,States,West Virginia,2019-20,0.1,17114,NULL,†.‡.‡‡,21,Voluntary response
Exemption,Medical Exemption,States,Georgia,2019-20,0.1,130102,NULL,†,158,Census
Exemption,Medical Exemption,States,Arkansas,2019-20,0.1,39510,NULL,<,15,Census (public). voluntary response (private)
Exemption,Medical Exemption,States,Ohio,2017-18,0.2,138753,NULL,NULL,336,Census
MMR (PAC),MMR (PAC),States,South Carolina,2025-26,94.3,57542,26.2,NULL,NULL,Stratified 1-stage cluster sample
Exemption,Medical Exemption,States,Oklahoma,2017-18,0.2,53898,NULL,NULL,91,Census (public). voluntary response (private)
Exemption,Medical Exemption,States,South Carolina,2017-18,0.2,58458,NULL,NULL,119,Stratified 1-stage cluster sample
Exemption,Medical Exemption,States,South Dakota,2017-18,0.2,12125,NULL,NULL,23,Census
Exemption,Medical Exemption,States,Texas,2017-18,0.2,387981,NULL,NULL,780,Census
Exemption,Medical Exemption,States,Utah,2017-18,0.2,48827,NULL,NULL,80,Census
Exemption,Medical Exemption,States,Vermont,2017-18,0.2,6255,NULL,NULL,13,Census
Exemption,Medical Exemption,States,West Virginia,2018-19,0.8,19442,NULL,†.‡.‡‡,161,Voluntary response
Exemption,Medical Exemption,States,Washington,2018-19,0.8,87510,NULL,NULL,673,Census
Exemption,Medical Exemption,States,Maine,2018-19,0.6,13419,NULL,NULL,79,Census
Exemption,Medical Exemption,States,California,2018-19,0.6,568947,NULL,‡.†,3434,Census
Exemption,Medical Exemption,States,Alaska,2018-19,0.5,10316,NULL,†,51,Voluntary response
Exemption,Medical Exemption,States,Nebraska,2018-19,0.5,26925,NULL,†.§§,127,Census
Exemption,Medical Exemption,States,Idaho,2018-19,0.4,22995,NULL,||,82,Census
Exemption,Medical Exemption,States,New York,2017-18,0.2,226456,NULL,NULL,349,Census
Exemption,Medical Exemption,States,Maryland,2018-19,0.4,71431,NULL,†,299,Census
Exemption,Medical Exemption,States,Pennsylvania,2018-19,0.4,143560,NULL,NULL,547,Census (public). voluntary response (private)
Exemption,Medical Exemption,States,Kentucky,2018-19,0.3,55587,NULL,†,140,Census
Exemption,Medical Exemption,States,Kansas,2018-19,0.3,37838,NULL,†,122,Stratified 2-stage cluster sample
Exemption,Medical Exemption,States,Indiana,2018-19,0.3,82324,NULL,†,252,Census
Exemption,Medical Exemption,States,Virginia,2018-19,0.3,100394,NULL,†,317,Stratified 2-stage cluster sample
Exemption,Medical Exemption,States,Vermont,2018-19,0.3,6126,NULL,†,19,Census
Exemption,Medical Exemption,States,Delaware,2018-19,0.3,10798,NULL,†,28,Stratified 2-stage cluster sample
Exemption,Medical Exemption,States,Massachusetts,2018-19,0.3,65279,NULL,†,171,Census
Exemption,Medical Exemption,States,North Dakota,2018-19,0.3,10382,NULL,NULL,36,Census
Exemption,Medical Exemption,States,New Mexico,2018-19,0.3,25269,NULL,†,84,Census
Exemption,Medical Exemption,States,Iowa,2018-19,0.2,40624,NULL,†,87,Census
Exemption,Medical Exemption,States,Illinois,2018-19,0.2,143876,NULL,§. †,346,Census
Exemption,Medical Exemption,States,Connecticut,2018-19,0.2,38230,NULL,†,86,Census
Exemption,Medical Exemption,States,Colorado,2018-19,0.2,64191,NULL,§,115,Census
Exemption,Medical Exemption,States,Michigan,2018-19,0.2,118632,NULL,NULL,296,Census
Exemption,Medical Exemption,States,Minnesota,2018-19,0.2,70085,NULL,§. ||,163,Census
Exemption,Medical Exemption,States,Missouri,2018-19,0.2,72687,NULL,§. †,129,Census
Exemption,Medical Exemption,States,Montana,2018-19,0.2,12480,NULL,†,27,Census
Exemption,Medical Exemption,States,Nevada,2018-19,0.2,37971,NULL,†,70,Stratified 2-stage cluster sample
Exemption,Medical Exemption,States,New Hampshire,2018-19,0.2,12421,NULL,†,29,Census
Exemption,Medical Exemption,States,Louisiana,2018-19,0.1,56203,NULL,NULL,53,Census
Exemption,Medical Exemption,States,District of Columbia,2018-19,NA,NULL,NULL,NULL,NULL,Census
Exemption,Medical Exemption,States,Missouri,2019-20,0.2,72324,NULL,†.§,150,Census
Exemption,Medical Exemption,States,Montana,2019-20,0.2,12501,NULL,†,30,Census
Exemption,Medical Exemption,States,Wisconsin,2019-20,0.2,67391,NULL,NULL,168,Census
Exemption,Medical Exemption,States,Ohio,2019-20,0.2,139103,NULL,||,346,Census
Exemption,Medical Exemption,States,Oregon,2019-20,0.2,45959,NULL,||,73,Census
Exemption,Medical Exemption,States,Texas,2019-20,0.2,398680,NULL,||,929,Census
Exemption,Medical Exemption,States,Rhode Island,2019-20,0.2,11219,NULL,†,24,Census
Exemption,Medical Exemption,States,South Carolina,2019-20,0.2,65938,NULL,†,115,Stratified 1-stage cluster sample
Exemption,Medical Exemption,States,Wyoming,2019-20,0.3,7913,NULL,†,24,Census
Exemption,Medical Exemption,States,Virginia,2019-20,0.3,99399,NULL,†,333,Census
Exemption,Medical Exemption,States,Maine,2019-20,0.3,13450,NULL,NULL,40,Census
Exemption,Medical Exemption,States,Kansas,2019-20,0.3,37865,NULL,†,99,Stratified 2-stage cluster sample
Exemption,Medical Exemption,States,Illinois,2019-20,0.3,145891,NULL,†,407,Census
Exemption,Medical Exemption,States,Idaho,2019-20,0.3,23301,NULL,||,75,Census
Exemption,Medical Exemption,States,North Dakota,2019-20,0.3,10587,NULL,NULL,32,Census
Exemption,Medical Exemption,States,Nebraska,2019-20,0.4,26893,NULL,†,106,Census
Exemption,Medical Exemption,States,Florida,2019-20,0.4,228298,NULL,†,855,Census
Exemption,Medical Exemption,States,Louisiana,2016-17,0.1,55257,NULL,NULL,54,Census
Exemption,Medical Exemption,States,Oregon,2016-17,0.1,45705,NULL,NULL,55,Census
Exemption,Medical Exemption,States,Maryland,2019-20,0.4,72443,NULL,†,273,Census (public). voluntary response (private)
Exemption,Medical Exemption,States,Kentucky,2019-20,0.5,59233,NULL,†,274,Census
Exemption,Medical Exemption,States,Alaska,2019-20,0.5,10381,NULL,†,51,Voluntary response
Exemption,Medical Exemption,States,Nevada,2019-20,0.5,37724,NULL,†,170,Census
Exemption,Medical Exemption,States,Washington,2019-20,0.7,87757,NULL,NULL,647,Census
Exemption,Medical Exemption,States,California,2019-20,0.8,566155,NULL,†.‡,4249,Census
Exemption,Medical Exemption,States,Mississippi,2019-20,0.2,37870,NULL,†. ‡,62,Census
Exemption,Medical Exemption,States,Minnesota,2019-20,0.2,71223,NULL,§.||,133,Census
Exemption,Medical Exemption,States,Michigan,2019-20,0.2,120565,NULL,NULL,290,Census
Exemption,Medical Exemption,States,Massachusetts,2019-20,0.2,66756,NULL,†,153,Census
Exemption,Medical Exemption,States,Louisiana,2019-20,0.2,59685,NULL,NULL,92,Census
Exemption,Medical Exemption,States,Iowa,2019-20,0.2,40812,NULL,†,68,Census
Exemption,Medical Exemption,States,Indiana,2019-20,0.2,88253,NULL,†,199,Voluntary response
Exemption,Medical Exemption,States,Hawaii,2019-20,0.2,15695,NULL,†,29,Stratified 2-stage cluster sample
Exemption,Medical Exemption,States,New Mexico,2019-20,0.2,23087,NULL,†,46,Census
Exemption,Medical Exemption,States,Connecticut,2019-20,0.2,38888,NULL,†,84,Census
Exemption,Medical Exemption,States,Colorado,2019-20,0.2,69088,NULL,§,121,Census
Exemption,Medical Exemption,States,New Jersey,2019-20,0.2,107900,NULL,†,188,Census
Exemption,Medical Exemption,States,Arizona,2019-20,0.2,83976,NULL,‡,144,Census (public). voluntary response (private)
Exemption,Medical Exemption,States,New Hampshire,2019-20,0.2,12447,NULL,†,29,Census
Exemption,Medical Exemption,States,New York,2019-20,0.1,234165,NULL,†.‡,320,Census
Exemption,Medical Exemption,States,North Carolina,2019-20,0.1,124548,NULL,†,158,Census
Exemption,Medical Exemption,States,Oklahoma,2019-20,0.1,55348,NULL,NULL,73,Voluntary response
Exemption,Medical Exemption,States,Indiana,2020-21,0.2,78694,71.4,†,131,Voluntary response
Exemption,Medical Exemption,States,Hawaii,2020-21,0.2,13074,93,†,27,Census
Exemption,Medical Exemption,States,Connecticut,2020-21,0.2,34396,100,†,83,Census
Exemption,Medical Exemption,States,Colorado,2020-21,0.2,63619,97.3,>=. §,98,Census
Exemption,Medical Exemption,States,Virginia,2020-21,0.2,88273,2,†,214,Stratified 2-stage cluster sample
Exemption,Medical Exemption,States,Alaska,2020-21,0.2,9461,92.5,†,21,Census
Exemption,Medical Exemption,States,Wisconsin,2020-21,0.2,63486,84.5,NULL,154,Voluntary response
Exemption,Medical Exemption,States,Idaho,2020-21,0.3,22677,98.3,||,64,Census
Exemption,Medical Exemption,States,Pennsylvania,2020-21,0.3,129307,95,NULL,356,Census (public). voluntary response (private)
Exemption,Medical Exemption,States,Florida,2020-21,0.4,207026,100,†,790,Census
Exemption,Medical Exemption,States,Maine,2020-21,0.5,13477,85,NULL,64,Voluntary response (public). census (private)
Exemption,Medical Exemption,States,California,2020-21,0.5,498214,97.5,†.‡,2391,Census
Exemption,Medical Exemption,States,Washington,2020-21,0.5,74931,100,NULL,389,Census
Exemption,Medical Exemption,States,Nebraska,2020-21,0.6,25681,94.8,†,143,Census (public). voluntary response (private)
Exemption,Medical Exemption,States,Nevada,2020-21,0.8,34171,94.7,†,278,Census (public). voluntary response (private)
Exemption,Medical Exemption,States,Wyoming,2020-21,NR,6923,100,†,NULL,Census
Exemption,Medical Exemption,States,West Virginia,2020-21,NR,NULL,NULL,†.‡.‡‡,NULL,Not Conducted
Exemption,Medical Exemption,States,Illinois,2020-21,NR,NULL,NULL,†,NULL,Not Conducted
Exemption,Medical Exemption,States,Florida,2018-19,0.4,224641,NULL,†,828,Census
Exemption,Medical Exemption,States,New Jersey,2020-21,0.1,100144,100,†,135,Census
Exemption,Medical Exemption,States,New Mexico,2020-21,0.1,20589,100,†,23,Census
Exemption,Medical Exemption,States,Georgia,2020-21,0.1,83191,100,†,61,Census
Exemption,Medical Exemption,States,Delaware,2020-21,0.1,10587,9.2,<. †,4,Stratified 2-stage cluster sample
Exemption,Medical Exemption,States,New York,2020-21,0.1,216804,91.5,†.‡,264,Census (public). voluntary response (private)
Exemption,Medical Exemption,States,NY-City of New York,2020-21,0.1,91920,94.2,†.‡,56,Census (public). voluntary response (private)
Exemption,Medical Exemption,States,North Carolina,2020-21,0.1,120995,89,†,127,Census (public). voluntary response (private)
Exemption,Medical Exemption,States,Utah,2020-21,0.1,46247,100,NULL,58,Census
Exemption,Medical Exemption,States,Louisiana,2020-21,0.1,61912,100,NULL,48,Census
Exemption,Medical Exemption,States,Vermont,2020-21,0.1,5535,100,†,6,Census
Exemption,Medical Exemption,States,Oregon,2020-21,0.1,39568,100,||,39,Census
Exemption,Medical Exemption,States,Arkansas,2020-21,0.1,37540,95.6,<,14,Census (public). voluntary response (private)
Exemption,Medical Exemption,States,Arizona,2020-21,0.1,76382,93.4,‡,72,Census (public). voluntary response (private)
Exemption,Medical Exemption,States,Rhode Island,2020-21,0.1,10402,93,†,10,Census
Exemption,Medical Exemption,States,Minnesota,2020-21,0.1,66007,95.2,>=. §. ‡,82,Census
Exemption,Medical Exemption,States,Mississippi,2020-21,0.1,34028,100,†. ‡,39,Census
Exemption,Medical Exemption,States,Alabama,2020-21,0.1,56974,100,†,66,Census
Exemption,Medical Exemption,States,South Dakota,2020-21,0.1,11512,99.9,†,16,Census
Exemption,Medical Exemption,States,Tennessee,2020-21,0.1,73819,100,†,87,Census
Exemption,Medical Exemption,States,New Hampshire,2020-21,0.2,10242,57,†,25,Voluntary response
Exemption,Medical Exemption,States,North Dakota,2020-21,0.2,10116,99.1,NULL,21,Census
Exemption,Medical Exemption,States,Arizona,2018-19,0.1,79981,NULL,<. ‡,26,Census
Exemption,Medical Exemption,States,Georgia,2018-19,0.1,131275,NULL,†,124,Census
Exemption,Medical Exemption,States,Hawaii,2018-19,0.1,16051,NULL,†,10,Stratified 2-stage cluster sample
Polio,,States,Michigan,2012-13,95.5,124662,100,*,NULL,Census
Polio,,States,Maine,2012-13,95.2,14313,94.6,‡,NULL,Census
Polio,,States,Georgia,2012-13,95.1,142732,2.4,≥,NULL,2-stage Cluster Sample
Polio,,States,Montana,2012-13,95,12516,95.8,NULL,NULL,Census
Polio,,States,Pennsylvania,2012-13,94.9,151364,97.5,||,NULL,Census
Polio,,States,Arizona,2012-13,94.7,90054,97.6,NULL,NULL,Census
Polio,,States,Tennessee,2012-13,94.5,85801,97,≥,NULL,Census
Polio,,States,Illinois,2012-13,94.4,166884,100,*,NULL,Census
Polio,,States,Kentucky,2012-13,94.3,58466,97.2,‡,NULL,Census
Polio,,States,Massachusetts,2012-13,94.2,79661,97.6,‡,NULL,Census
Polio,,States,Virginia,2012-13,94.1,104826,4.2,NULL,NULL,2-stage Cluster Sample
Polio,,States,Oregon,2012-13,93.6,47102,100,*. ‡,NULL,Census
Polio,,States,Indiana,2012-13,93.4,86983,83.4,NULL,NULL,Voluntary Response
Polio,,States,Alabama,2012-13,92.8,72929,100,≥. * . ‡. **,NULL,Census
Polio,,States,North Dakota,2012-13,92.7,9503,4.9,NULL,NULL,2-stage Cluster Sample
Polio,,States,Vermont,2012-13,92.6,6792,100,*,NULL,Census
Exemption,Medical Exemption,States,Pennsylvania,2019-20,0.4,140197,NULL,NULL,507,Census
Polio,,States,South Carolina,2012-13,90.9,61799,17.9,≥,NULL,1-Stage Cluster Sample
Polio,,States,Oklahoma,2012-13,90.6,56943,95.5,NULL,NULL,Census
Polio,,States,Iowa,2012-13,90.5,41701,99.9,≥,NULL,Census
Polio,,States,Colorado,2012-13,88.6,70657,0.5,NULL,NULL,Simple Random Sample
Polio,,States,Idaho,2012-13,88.5,23888,100,*,NULL,Census
Polio,,States,Kansas,2012-13,86.7,40738,31.8,†. ‡,NULL,Stratified 1-stage sample  (Public);  Census (Private)
Polio,,States,Arkansas,2012-13,81.1,43212,96.3,‡,NULL,Census
Polio,,States,Hawaii,2012-13,NA,20104,6.7,NULL,NULL,2-stage Cluster Sample
Polio,,States,Alaska,2012-13,NA,10319,97.8,NULL,NULL,Census
Polio,,States,District of Columbia,2012-13,NA,7842,100,*,NULL,Census
Polio,,States,North Carolina,2012-13,NA,130612,97.3,NULL,NULL,Census
Polio,,States,New Hampshire,2012-13,NA,12943,99.2,NULL,NULL,Census
Exemption,Medical Exemption,States,Alabama,2019-20,0.1,59477,NULL,†,63,Census
Exemption,Medical Exemption,States,District of Columbia,2019-20,NA,NULL,NULL,†,NULL,Not Conducted
Exemption,Medical Exemption,States,Delaware,2019-20,NR,NULL,NULL,†,NULL,Not Conducted
Exemption,Medical Exemption,States,Texas,2020-21,0.2,377840,98.9,||,699,Census
Exemption,Medical Exemption,States,Montana,2020-21,0.2,11279,100,†,24,Census
Exemption,Medical Exemption,States,Missouri,2020-21,0.2,63093,100,>=. †.§,102,Census
Exemption,Medical Exemption,States,Michigan,2020-21,0.2,106657,100,NULL,217,Census
Exemption,Medical Exemption,States,Massachusetts,2020-21,0.2,60724,100,†,127,Census
Exemption,Medical Exemption,States,Maryland,2020-21,0.2,65764,75.6,†,109,Census (public). voluntary response (private)
Exemption,Medical Exemption,States,Kentucky,2020-21,0.2,59233,86.4,†,92,Census (public). voluntary response (private)
Exemption,Medical Exemption,States,Kansas,2020-21,0.2,34687,32.7,†,71,Stratified 2-stage cluster sample
Exemption,Medical Exemption,States,Iowa,2020-21,0.2,39141,100,†,64,Census
Exemption,Any Exemption,States,Idaho,2013-14,6.4,23934,NULL,NULL,1540,Census
Varicella,UTD (or disease history),,,,,,,,,
Varicella,UTD (or disease history),,,,,,,,,
Varicella,UTD (or disease history),,,,,,,,,
Varicella,UTD (or disease history),,,,,,,,,
Varicella,UTD (or disease history),,,,,,,,,
Varicella,UTD (or disease history),,,,,,,,,
Varicella,UTD (or disease history),,,,,,,,,
Varicella,UTD (or disease history),,,,,,,,,
Varicella,UTD (or disease history),,,,,,,,,
Varicella,UTD (or disease history),,,,,,,,,
Varicella,UTD (or disease history),,,,,,,,,
Varicella,UTD (or disease history),,,,,,,,,
Varicella,UTD (or disease history),,,,,,,,,
Varicella,UTD (or disease history),,,,,,,,,
Varicella,UTD (or disease history),,,,,,,,,
Exemption,Medical Exemption,States,TX-City of Houston,2020-21,0.1,39627,94.9,||,59,Census (public). voluntary response (private)
Varicella,UTD (or disease history),,,,,,,,,
Varicella,UTD (or disease history),,,,,,,,,
Varicella,UTD (or disease history),,,,,,,,,
Varicella,UTD (or disease history),,,,,,,,,
Varicella,UTD (or disease history),,,,,,,,,
Varicella,UTD (or disease history),,,,,,,,,
Varicella,UTD (or disease history),,,,,,,,,
Varicella,UTD (or disease history),,,,,,,,,
Varicella,UTD (or disease history),,,,,,,,,
Varicella,UTD (or disease history),,,,,,,,,
Varicella,UTD (or disease history),,,,,,,,,
Varicella,UTD (or disease history),,,,,,,,,
Varicella,UTD (or disease history),,,,,,,,,
Varicella,UTD (or disease history),,,,,,,,,
Varicella,UTD (or disease history),,,,,,,,,
Varicella,UTD (or disease history),,,,,,,,,
Varicella,UTD (or disease history),,,,,,,,,
Varicella,UTD (or disease history),,,,,,,,,
Varicella,UTD (or disease history),,,,,,,,,
Polio,,States,Illinois,2025-26,92.1,128598,99.8,NULL,NULL,Census
Polio,,States,New Jersey,2025-26,92.5,101602,92.3,>=. �,NULL,Census
Polio,,States,Pennsylvania,2025-26,92.6,134313,95.7,NULL,NULL,"Census (pub.), vol. response (prv.)"
Polio,,States,Vermont,2025-26,93,5298,100,*,NULL,Census
Polio,,States,Texas,2025-26,93.1,358586,98.3,�. �,NULL,"Census (pub.), vol. response (prv.)"
Exemption,Medical Exemption,States,Oregon,2021-22,0.1,41538,100,||,43,Census
Exemption,Medical Exemption,States,Arkansas,2021-22,0,39358,96.3,NULL,12,"Census (pub.), vol. response (pvt.)"
Exemption,Medical Exemption,States,District of Columbia,2021-22,0,8959,100,†,4,Census
Exemption,Medical Exemption,States,Oklahoma,2021-22,0.2,54042,84.3,NULL,86,Vol. response
Exemption,Medical Exemption,States,Ohio,2021-22,0.2,139077,91.9,||,279,"Census (pub.), vol. response (pvt.)"
MMR (PAC),MMR (PAC),States,Alabama,2023-24,97.8,NULL,NULL,NULL,NULL,NULL
MMR (PAC),MMR (PAC),States,Maryland,2023-24,97.8,NULL,NULL,NULL,NULL,NULL
MMR (PAC),MMR (PAC),States,District of Columbia,2023-24,97.9,NULL,NULL,NULL,NULL,NULL
MMR (PAC),MMR (PAC),States,Vermont,2024-25,96.6,5432,100,NULL,NULL,Census
MMR (PAC),MMR (PAC),States,Nebraska,2024-25,96.8,24102,100,NULL,NULL,Census
MMR (PAC),MMR (PAC),States,Louisiana,2024-25,96.9,49229,100,NULL,NULL,Census
MMR (PAC),MMR (PAC),States,North Carolina,2024-25,96.9,124028,91,NULL,NULL,"Census (pub.), vol. response (prv.)"
MMR (PAC),MMR (PAC),States,Illinois,2024-25,97.3,132769,99.5,NULL,NULL,Census
Polio,,States,California,2012-13,92.6,535523,99,‡,NULL,Census
Polio,,States,Florida,2012-13,92.1,234628,100,≥. *. §,NULL,Census
Polio,,States,Washington,2012-13,91.4,87773,94.7,NULL,NULL,Census
MMR (PAC),MMR (PAC),States,Delaware,2024-25,97.4,10393,14.2,NULL,NULL,"2-stage cluster sample (pub.), nonrandom 2-stage cluster sample (prv.)"
MMR (PAC),MMR (PAC),States,Hawaii,2024-25,94.5,13804,10.5,NULL,NULL,Stratified 2-stage cluster sample
MMR (PAC),MMR (PAC),States,Minnesota,2024-25,94.1,64898,99.7,NULL,NULL,Census
MMR (PAC),MMR (PAC),States,Pennsylvania,2024-25,94,140160,95.3,NULL,NULL,"Census (pub.), vol. response (prv.)"
MMR (PAC),MMR (PAC),States,Arkansas,2024-25,96.5,37570,96.4,NULL,NULL,"Census (pub.), vol. response (prv.)"
MMR (PAC),MMR (PAC),States,Kansas,2024-25,96.4,33892,29.2,NULL,NULL,Stratified 2-stage cluster sample
MMR (PAC),MMR (PAC),States,Tennessee,2024-25,96.2,78299,96.7,NULL,NULL,Census
MMR (PAC),MMR (PAC),States,Iowa,2024-25,96.1,38268,100,NULL,NULL,Census
MMR (PAC),MMR (PAC),States,Washington,2024-25,96,76756,97.9,NULL,NULL,Census
MMR (PAC),MMR (PAC),States,California,2024-25,99.9,590849,100,NULL,NULL,Census
MMR (PAC),MMR (PAC),States,New York,2024-25,99.9,234054,85.1,NULL,NULL,Vol. response
MMR (PAC),MMR (PAC),States,NY-City of New York,2024-25,99.9,85986,96.9,NULL,NULL,"Census (pub.), vol. response (prv.)"
MMR (PAC),MMR (PAC),States,Connecticut,2024-25,99.6,30112,100,NULL,NULL,Census
MMR (PAC),MMR (PAC),States,Maine,2024-25,99.4,11761,95.4,NULL,NULL,Census
MMR (PAC),MMR (PAC),States,Mississippi,2024-25,98.8,35293,100,NULL,NULL,Census
MMR (PAC),MMR (PAC),States,Massachusetts,2024-25,98.7,65581,100,NULL,NULL,Census
MMR (PAC),MMR (PAC),States,Rhode Island,2024-25,98.2,10088,96.7,NULL,NULL,Census
MMR (PAC),MMR (PAC),States,New Mexico,2024-25,98,20180,100,NULL,NULL,Census
MMR (PAC),MMR (PAC),States,Kentucky,2024-25,98,51319,100,NULL,NULL,Census
MMR (PAC),MMR (PAC),States,TX-City of Houston,2024-25,97.9,36981,98.8,NULL,NULL,"Census (pub.), vol. response (prv.)"
MMR (PAC),MMR (PAC),States,Maryland,2024-25,97.8,66135,95.6,NULL,NULL,"Census (pub.), vol. response (prv.)"
MMR (PAC),MMR (PAC),States,Alabama,2024-25,97.7,53589,99.9,NULL,NULL,Census
MMR (PAC),MMR (PAC),States,District of Columbia,2024-25,97.6,7997,100,NULL,NULL,Census
MMR (PAC),MMR (PAC),States,Indiana,2024-25,97.4,73744,92.7,NULL,NULL,"Census (pub.), vol. response (prv.)"
Exemption,Any Exemption,States,New Jersey,2013-14,1.6,123085,NULL,†,2003,Census
Exemption,Any Exemption,States,Oregon,2013-14,7.1,47649,NULL,†,3393,Census
Hepatitis B,,States,Nevada,2016-17,95.7,36885,3.7,NULL,NULL,Stratified 2-stage cluster sample
Hepatitis B,,States,North Dakota,2016-17,95.6,9799,98.7,NULL,NULL,Census
Hepatitis B,,States,Wisconsin,2016-17,95.5,67607,2.2,†.‡.§,NULL,Stratified 2-stage cluster sample
Hepatitis B,,States,Minnesota,2016-17,95.4,69140,96.7,§,NULL,Census
Hepatitis B,,States,New Mexico,2016-17,95.4,27119,4.5,NULL,NULL,Stratified 2-stage cluster sample
Hepatitis B,,States,Arizona,2016-17,95.3,83627,100,*,NULL,Census
Hepatitis B,,States,Ohio,2016-17,95.2,137542,95.5,NULL,NULL,Census
Hepatitis B,,States,Utah,2016-17,94.8,49073,100,*,NULL,Census
Hepatitis B,,States,South Dakota,2016-17,94.5,12106,99.8,††,NULL,Census
Hepatitis B,,States,Vermont,2016-17,94.4,6344,100,*,NULL,Census
Hepatitis B,,States,Florida,2016-17,94.1,224463,100,≥.*.§,NULL,Census
Hepatitis B,,States,Virginia,2016-17,93.9,102357,4,†,NULL,Stratified 2-stage cluster sample
Hepatitis B,,States,Arkansas,2016-17,93.8,39666,75.9,‡,NULL,Voluntary response
Varicella,UTD (or disease history),,,,,,,,,
Varicella,UTD (or disease history),,,,,,,,,
Hepatitis B,,States,Oregon,2016-17,93.7,45705,100,*.‡,NULL,Census
Exemption,Medical Exemption,States,Ohio,2020-21,0.2,128535,91.1,||,253,Census (public). voluntary response (private)
Exemption,Medical Exemption,States,Oklahoma,2020-21,0.2,52656,90,NULL,87,Census (public). voluntary response (private)
Exemption,Medical Exemption,States,South Carolina,2020-21,0.2,56330,26.5,†,92,Stratified 1-stage cluster sample
Exemption,Medical Exemption,States,Wyoming,2021-22,0.2,7382,100,†,15,Census
Exemption,Medical Exemption,States,Texas,2021-22,0.2,389037,99.3,||,849,Census
Exemption,Medical Exemption,States,South Carolina,2021-22,0.2,58276,100,†,124,Census
Exemption,Medical Exemption,States,Indiana,2021-22,0.2,83198,75.1,†,141,Vol. response
Exemption,Medical Exemption,States,Kentucky,2021-22,0.2,59233,91.5,†,95,Census
Exemption,Medical Exemption,States,Kansas,2021-22,0.2,36526,79.4,†,80,Census
Exemption,Medical Exemption,States,Alabama,2021-22,0.2,60332,100,†,93,Census
Exemption,Medical Exemption,States,Georgia,2021-22,0.2,118742,100,†,204,Census
Exemption,Medical Exemption,States,Massachusetts,2021-22,0.2,65582,100,†,116,Census
Exemption,Medical Exemption,States,Hawaii,2021-22,0.1,13368,6.7,†,7,Stratified 2-stage cluster sample
Exemption,Medical Exemption,States,Iowa,2021-22,0.1,40111,100,†,49,Census
Exemption,Medical Exemption,States,Delaware,2021-22,0.1,11181,9.5,†,9,Stratified 2-stage cluster sample
Exemption,Medical Exemption,States,Colorado,2021-22,0.1,66900,97.5,>=. §. ||,87,Census
Exemption,Medical Exemption,States,Vermont,2021-22,0.1,6126,100,†,6,Census
Exemption,Medical Exemption,States,TX-City of Houston,2021-22,0.1,40123,99.3,||,54,Census
Exemption,Medical Exemption,States,Rhode Island,2021-22,0.1,11002,96.9,†,10,Census
Exemption,Medical Exemption,States,South Dakota,2021-22,0.1,12251,100,†,18,Census
Exemption,Medical Exemption,States,Tennessee,2021-22,0.1,79120,100,†,93,Census
Exemption,Medical Exemption,States,West Virginia,2021-22,0.1,18070,85.5,†. ‡,17,Vol. response
Exemption,Medical Exemption,States,Minnesota,2021-22,0.1,69403,98.7,>=. §. ||,93,Census
Exemption,Medical Exemption,States,Mississippi,2021-22,0.1,36524,100,†. ‡,52,Census
Exemption,Medical Exemption,States,New Jersey,2021-22,0.1,104240,100,†,146,Census
Exemption,Medical Exemption,States,New York,2021-22,0.1,195377,99.3,†. ‡,241,Census
Exemption,Medical Exemption,States,NY-City of New York,2021-22,0.1,82938,99.8,†. ‡,47,Census
Exemption,Medical Exemption,States,North Carolina,2021-22,0.1,118191,78.5,†,99,Vol. response
MMR (PAC),MMR (PAC),States,Oregon,2025-26,90.6,37309,100,NULL,NULL,Census
MMR (PAC),MMR (PAC),States,Alaska,2025-26,91.8,8253,60.9,NULL,NULL,"Vol. response (public), not conducted (private)"
MMR (PAC),MMR (PAC),States,Nevada,2025-26,92.1,32815,93.6,NULL,NULL,"Census (pub.), vol. response (prv.)"
MMR (PAC),MMR (PAC),States,Wisconsin,2025-26,92.3,59360,96.6,NULL,NULL,"Census (pub.), vol. response (prv.)"
MMR (PAC),MMR (PAC),States,North Dakota,2025-26,92.5,9344,98.6,NULL,NULL,Census
MMR (PAC),MMR (PAC),States,NY-City of New York,2025-26,100,82534,98.1,NULL,NULL,Census
MMR (PAC),MMR (PAC),States,New York,2025-26,99.9,203514,95.8,NULL,NULL,"Census (pub.), vol. response (prv.)"
MMR (PAC),MMR (PAC),States,California,2025-26,99.9,614405,100,NULL,NULL,Census
Varicella,1 Dose (or disease history),States,Nebraska,2024-25,NReq,24102,100,*. ‡,NULL,Census
Varicella,1 Dose (or disease history),States,Nevada,2024-25,NReq,33272,92.6,NULL,NULL,"Census (pub.), vol. response (prv.)"
MMR (PAC),MMR (PAC),States,Oklahoma,2025-26,93,47844,90.7,NULL,NULL,"Census (pub.), vol. response (prv.)"
Exemption,Medical Exemption,National,U.S. Median,2010-11,NA,NULL,NULL,NULL,NULL,NaN
Varicella,1 Dose (or disease history),States,New Hampshire,2024-25,NReq,11713,100,>=. *. §,NULL,Census
Varicella,1 Dose (or disease history),States,New Mexico,2024-25,NReq,20180,100,*,NULL,Census
MMR (PAC),MMR (PAC),States,Virginia,2024-25,97.3,91453,1.7,NULL,NULL,Stratified 2-stage cluster sample
MMR (PAC),MMR (PAC),States,Idaho,2025-26,83.4,21728,100,NULL,NULL,Census
Varicella,1 Dose (or disease history),States,New York,2024-25,NReq,234054,85.1,NULL,NULL,Vol. response
Varicella,1 Dose (or disease history),States,NY-City of New York,2024-25,NReq,85986,96.9,NULL,NULL,"Census (pub.), vol. response (prv.)"
Varicella,1 Dose (or disease history),States,North Carolina,2024-25,NReq,124028,91,§,NULL,"Census (pub.), vol. response (prv.)"
Varicella,1 Dose (or disease history),States,North Dakota,2024-25,NReq,9659,98.8,NULL,NULL,Census
Varicella,1 Dose (or disease history),States,Connecticut,2024-25,NReq,30112,100,*,NULL,Census
Varicella,1 Dose (or disease history),States,Colorado,2024-25,NReq,60055,100,*. §,NULL,Census
Varicella,1 Dose (or disease history),States,California,2024-25,NReq,590849,100,*. ‡,NULL,Census
Varicella,1 Dose (or disease history),States,Wisconsin,2024-25,NReq,61120,95.7,‡. §,NULL,"Census (pub.), vol. response (prv.)"
Varicella,1 Dose (or disease history),States,Washington,2024-25,NReq,76756,97.9,NULL,NULL,Census
Varicella,1 Dose (or disease history),States,Virginia,2024-25,NReq,91453,1.7,†,NULL,Stratified 2-stage cluster sample
Varicella,1 Dose (or disease history),States,Vermont,2024-25,NReq,5432,100,*,NULL,Census
Varicella,1 Dose (or disease history),States,Pennsylvania,2024-25,NReq,140160,95.3,NULL,NULL,"Census (pub.), vol. response (prv.)"
Varicella,1 Dose (or disease history),States,Rhode Island,2024-25,NReq,10088,96.7,‡. §,NULL,Census
Varicella,1 Dose (or disease history),States,South Carolina,2024-25,NReq,57718,34.3,†,NULL,Stratified 1-stage cluster sample
Varicella,1 Dose (or disease history),States,South Dakota,2024-25,NReq,11367,99.3,§,NULL,Census
Hepatitis B,,States,Maryland,2016-17,98.1,71467,98.1,‡,NULL,Census
Hepatitis B,,States,New York,2016-17,98,227050,100,*,NULL,Census
Hepatitis B,,States,Texas,2016-17,97.9,389999,99,‡.§,NULL,Census
Hepatitis B,,States,California,2016-17,97.8,575305,97.8,‡,NULL,Census
Hepatitis B,,States,Rhode Island,2016-17,97.6,11100,98.4,‡.§,NULL,Census
Hepatitis B,,States,Massachusetts,2016-17,97.5,70109,100,*.‡,NULL,Census
Hepatitis B,,States,Nebraska,2016-17,97.4,27117,100,*.‡.‡‡,NULL,Census
Hepatitis B,,States,Tennessee,2016-17,97.3,78169,100,*.§,NULL,Census
Hepatitis B,,States,Connecticut,2016-17,97.1,39002,100,*,NULL,Census
Hepatitis B,,States,Pennsylvania,2016-17,96.7,143888,84.4,NULL,NULL,Voluntary response
Hepatitis B,,States,Kansas,2016-17,96.7,38298,22.9,†.‡.§,NULL,Stratified 2-stage cluster sample
Hepatitis B,,States,Michigan,2016-17,96.7,118777,100,*,NULL,Census
Hepatitis B,,States,North Carolina,2016-17,96.6,126454,88.2,‡.§,NULL,Voluntary response
Hepatitis B,,States,New Jersey,2016-17,96.5,109577,100,≥.*,NULL,Census
Hepatitis B,,States,South Carolina,2016-17,96.4,59177,8.9,NULL,NULL,Stratified 1-stage cluster sample
Hepatitis B,,States,Missouri,2016-17,96.4,73355,100,*,NULL,Census
MMR (PAC),MMR (PAC),States,Washington,2025-26,95.5,75631,99.1,NULL,NULL,Census
MMR (PAC),MMR (PAC),States,Arkansas,2025-26,95.6,35543,96.7,NULL,NULL,"Census (pub.), vol. response (prv.)"
MMR (PAC),MMR (PAC),States,Nebraska,2025-26,95.9,23807,100,NULL,NULL,Census
MMR (PAC),MMR (PAC),States,Louisiana,2025-26,96,50223,100,NULL,NULL,Census
MMR (PAC),MMR (PAC),States,North Carolina,2025-26,96.2,120045,90.1,NULL,NULL,"Census (pub.), vol. response (prv.)"
MMR (PAC),MMR (PAC),States,Indiana,2025-26,96.2,70886,87.1,NULL,NULL,Vol. response
MMR (PAC),MMR (PAC),States,Illinois,2025-26,96.7,128598,99.8,NULL,NULL,Census
MMR (PAC),MMR (PAC),States,Georgia,2025-26,94.9,118864,100,NULL,NULL,Census
MMR (PAC),MMR (PAC),States,New Hampshire,2025-26,94.6,11544,100,NULL,NULL,Census
MMR (PAC),MMR (PAC),States,Florida,2025-26,94.1,213535,100,NULL,NULL,Census
MMR (PAC),MMR (PAC),States,Hawaii,2025-26,94,13791,11.7,NULL,NULL,Stratified 2-stage cluster sample
MMR (PAC),MMR (PAC),States,Pennsylvania,2025-26,94,134313,95.7,NULL,NULL,"Census (pub.), vol. response (prv.)"
MMR (PAC),MMR (PAC),States,Missouri,2025-26,93.7,66610,100,NULL,NULL,Census
MMR (PAC),MMR (PAC),States,Michigan,2025-26,93.1,104614,100,NULL,NULL,Census
MMR (PAC),MMR (PAC),States,Minnesota,2025-26,93.1,63451,99.9,NULL,NULL,Census
MMR (PAC),MMR (PAC),States,South Dakota,2025-26,93.1,11009,100,NULL,NULL,Census
MMR (PAC),MMR (PAC),States,Wyoming,2025-26,93.1,6146,100,NULL,NULL,Census
Hepatitis B,,National,United States,2012-13,95.7,NULL,NULL,NULL,NULL,NaN
Hepatitis B,,National,U.S. Median,2012-13,95.8,NULL,NULL,NULL,NULL,NaN
Varicella,1 Dose (or disease history),National,U.S. Median,2025-26,92.7,3692432,96,NULL,NULL,NULL
Varicella,1 Dose (or disease history),National,U.S. Median,2024-25,93.4,51319,99.5,NULL,NULL,NULL
Varicella,1 Dose (or disease history),National,United States,2024-25,94,3785644,92.7,NULL,NULL,NULL
Varicella,2 Doses (or disease history),National,United States,2012-13,93.2,NULL,NULL,NULL,NULL,NaN
Varicella,2 Doses (or disease history),National,U.S. Median,2012-13,93.9,NULL,NULL,NULL,NULL,NaN
Varicella,2 Doses (or disease history),National,U.S. Median,2010-11,NA,NULL,NULL,NULL,NULL,NaN
Varicella,2 Doses (or disease history),National,United States,2010-11,NA,NULL,NULL,NULL,NULL,NaN
Varicella,2 Doses (or disease history),National,U.S. Median,2011-12,92.7,NULL,NULL,NULL,NULL,NaN
Varicella,2 Doses (or disease history),National,United States,2011-12,93.7,NULL,NULL,NULL,NULL,NaN
Varicella,2 Doses (or disease history),National,U.S. Median,2009-10,90.3,NULL,NULL,NULL,NULL,NaN
Varicella,2 Doses (or disease history),National,United States,2009-10,93.9,NULL,NULL,NULL,NULL,NaN
Varicella,1 Dose (or disease history),National,United States,2025-26,93.4,3692432,96,NULL,NULL,NULL
"DTP, DTaP, or DT",,National,United States,2014-15,94.3,NULL,NULL,NULL,NULL,NaN
"DTP, DTaP, or DT",,National,U.S. Median,2013-14,95,NULL,NULL,NULL,NULL,NaN
"DTP, DTaP, or DT",,National,U.S. Median,2014-15,94.3,NULL,NULL,NULL,NULL,NaN
Varicella,2 Doses (or disease history),National,U.S. Median,2020-21,93.3,3158469,90.6,NULL,NULL,NULL
Varicella,2 Doses (or disease history),National,United States,2020-21,93.5,3158469,90.6,NULL,NULL,NULL
Varicella,2 Doses (or disease history),National,U.S. Median,2019-20,94.3,NULL,NULL,NULL,NULL,NaN
Varicella,2 Doses (or disease history),National,United States,2019-20,94.8,NULL,NULL,NULL,NULL,NaN
Varicella,2 Doses (or disease history),National,United States,2018-19,94.3,NULL,NULL,NULL,NULL,NaN
Varicella,2 Doses (or disease history),National,U.S. Median,2018-19,93.8,NULL,NULL,NULL,NULL,NaN
Varicella,2 Doses (or disease history),National,United States,2017-18,94.4,NULL,NULL,NULL,NULL,NaN
Varicella,2 Doses (or disease history),National,U.S. Median,2017-18,93.9,NULL,NULL,NULL,NULL,NaN
Varicella,2 Doses (or disease history),National,United States,2016-17,94.2,NULL,NULL,NULL,NULL,NaN
Varicella,2 Doses (or disease history),National,U.S. Median,2016-17,94.1,NULL,NULL,NULL,NULL,NaN
Varicella,2 Doses (or disease history),National,United States,2015-16,94.3,NULL,NULL,NULL,NULL,NaN
Varicella,2 Doses (or disease history),National,U.S. Median,2015-16,94.4,NULL,NULL,NULL,NULL,NaN
Varicella,2 Doses (or disease history),National,United States,2013-14,92.8,NULL,NULL,NULL,NULL,NaN
Varicella,2 Doses (or disease history),National,U.S. Median,2013-14,93.3,NULL,NULL,NULL,NULL,NaN
Varicella,2 Doses (or disease history),National,United States,2014-15,93.8,NULL,NULL,NULL,NULL,NaN
Varicella,2 Doses (or disease history),National,U.S. Median,2014-15,93.9,NULL,NULL,NULL,NULL,NaN
Polio,,National,United States,2013-14,94.4,NULL,NULL,NULL,NULL,NaN
MMR,,National,U.S. Median,2017-18,94.3,NULL,NULL,NULL,NULL,NaN
MMR,,National,U.S. Median,2015-16,94.6,NULL,NULL,NULL,NULL,NaN
MMR,,National,United States,2015-16,94.7,NULL,NULL,NULL,NULL,NaN
MMR,,National,U.S. Median,2016-17,94.1,NULL,NULL,NULL,NULL,NaN
MMR,,National,United States,2011-12,94.7,NULL,NULL,NULL,NULL,NaN
MMR,,National,U.S. Median,2014-15,94,NULL,NULL,NULL,NULL,NaN
MMR,,National,United States,2014-15,94,NULL,NULL,NULL,NULL,NaN
MMR,,National,U.S. Median,2012-13,94.5,NULL,NULL,NULL,NULL,NaN
MMR,,National,U.S. Median,2013-14,94.7,NULL,NULL,NULL,NULL,NaN
MMR,,National,United States,2012-13,94.1,NULL,NULL,NULL,NULL,NaN
MMR,,National,United States,2013-14,94,NULL,NULL,NULL,NULL,NaN
MMR,,National,U.S. Median,2011-12,94.8,NULL,NULL,NULL,NULL,NaN
MMR,,National,United States,2009-10,94.4,NULL,NULL,NULL,NULL,NaN
MMR,,National,United States,2010-11,NA,NULL,NULL,NULL,NULL,NaN
MMR,,National,U.S. Median,2010-11,NA,NULL,NULL,NULL,NULL,NaN
MMR,,National,U.S. Median,2009-10,94.5,NULL,NULL,NULL,NULL,NaN
Varicella,1 Dose (or disease history),National,United States,2009-10,96.4,NULL,NULL,NULL,NULL,NaN
Varicella,1 Dose (or disease history),National,U.S. Median,2009-10,97.4,NULL,NULL,NULL,NULL,NaN
"DTP, DTaP, or DT",,National,U.S. Median,2025-26,90.8,3692432,96,NULL,NULL,NULL
"DTP, DTaP, or DT",,National,United States,2025-26,92,3692432,96,NULL,NULL,NULL
"DTP, DTaP, or DT",,National,United States,2024-25,92.1,3785644,92.7,NULL,NULL,NULL
"DTP, DTaP, or DT",,National,U.S. Median,2024-25,91.2,51319,99.5,NULL,NULL,NULL
"DTP, DTaP, or DT",,National,United States,2023-24,92.3,3823506,93.1,NULL,NULL,NULL
"DTP, DTaP, or DT",,National,U.S. Median,2023-24,91.7,3823506,93.1,NULL,NULL,NULL
"DTP, DTaP, or DT",,National,U.S. Median,2022-23,91.9,3832381,92.9,NULL,NULL,NULL
"DTP, DTaP, or DT",,National,United States,2021-22,92.7,3835130,92.2,NULL,NULL,NULL
"DTP, DTaP, or DT",,National,U.S. Median,2021-22,92,3835130,92.2,NULL,NULL,NULL
"DTP, DTaP, or DT",,National,United States,2022-23,92.7,3832381,92.9,NULL,NULL,NULL
"DTP, DTaP, or DT",,National,United States,2020-21,93.6,3510744,90.8,NULL,NULL,NULL
"DTP, DTaP, or DT",,National,U.S. Median,2020-21,93.4,3510744,90.8,NULL,NULL,NULL
"DTP, DTaP, or DT",,National,U.S. Median,2019-20,94.4,NULL,NULL,NULL,NULL,NaN
"DTP, DTaP, or DT",,National,United States,2019-20,94.9,NULL,NULL,NULL,NULL,NaN
"DTP, DTaP, or DT",,National,U.S. Median,2018-19,94.6,NULL,NULL,NULL,NULL,NaN
"DTP, DTaP, or DT",,National,United States,2017-18,95.2,NULL,NULL,NULL,NULL,NaN
"DTP, DTaP, or DT",,National,United States,2018-19,94.9,NULL,NULL,NULL,NULL,NaN
"DTP, DTaP, or DT",,National,U.S. Median,2017-18,95.3,NULL,NULL,NULL,NULL,NaN
"DTP, DTaP, or DT",,National,United States,2015-16,94.7,NULL,NULL,NULL,NULL,NaN
"DTP, DTaP, or DT",,National,U.S. Median,2015-16,94.2,NULL,NULL,NULL,NULL,NaN
"DTP, DTaP, or DT",,National,U.S. Median,2016-17,94.8,NULL,NULL,NULL,NULL,NaN
"DTP, DTaP, or DT",,National,United States,2016-17,95.2,NULL,NULL,NULL,NULL,NaN
MMR,,National,U.S. Median,2023-24,92,3823506,93.1,NULL,NULL,NULL
MMR,,National,U.S. Median,2024-25,91.3,51319,99.5,NULL,NULL,NULL
MMR,,National,United States,2022-23,93.1,3832381,92.9,NULL,NULL,NULL
MMR,,National,U.S. Median,2022-23,92.1,3832381,92.9,NULL,NULL,NULL
MMR,,National,United States,2021-22,93,3835130,92.2,NULL,NULL,NULL
MMR,,National,U.S. Median,2021-22,92.9,3835130,92.2,NULL,NULL,NULL
MMR,,National,United States,2019-20,95.2,NULL,NULL,NULL,NULL,NaN
MMR,,National,U.S. Median,2019-20,94.6,NULL,NULL,NULL,NULL,NaN
MMR,,National,U.S. Median,2018-19,94.2,NULL,NULL,NULL,NULL,NaN
MMR,,National,United States,2018-19,94.7,NULL,NULL,NULL,NULL,NaN
MMR,,National,United States,2017-18,95,NULL,NULL,NULL,NULL,NaN
MMR,,National,United States,2020-21,93.9,3510744,90.8,NULL,NULL,NULL
MMR,,National,U.S. Median,2020-21,93.7,3510744,90,NULL,NULL,NULL
Exemption,Non-Medical Exemption,National,U.S. Median,2016-17,1.9,NULL,NULL,NULL,NULL,NaN
Exemption,Non-Medical Exemption,National,United States,2016-17,1.8,NULL,NULL,NULL,NULL,NaN
Exemption,Non-Medical Exemption,National,U.S. Median,2017-18,2,NULL,NULL,NULL,NULL,NaN
Exemption,Non-Medical Exemption,National,United States,2017-18,1.9,NULL,NULL,NULL,NULL,NaN
Exemption,Non-Medical Exemption,National,U.S. Median,2015-16,1.7,NULL,NULL,NULL,NULL,NaN
Exemption,Non-Medical Exemption,National,United States,2015-16,1.9,NULL,NULL,NULL,NULL,NaN
Exemption,Non-Medical Exemption,National,United States,2014-15,2,NULL,NULL,NULL,NULL,NaN
Exemption,Non-Medical Exemption,National,U.S. Median,2014-15,1.6,NULL,NULL,NULL,NULL,NaN
Exemption,Non-Medical Exemption,National,United States,2012-13,1.7,NULL,NULL,NULL,NULL,NaN
Exemption,Non-Medical Exemption,National,U.S. Median,2012-13,1.5,NULL,NULL,NULL,NULL,NaN
Exemption,Non-Medical Exemption,National,U.S. Median,2010-11,NA,NULL,NULL,NULL,NULL,NaN
Exemption,Non-Medical Exemption,National,United States,2013-14,2,NULL,NULL,NULL,NULL,NaN
Exemption,Non-Medical Exemption,National,U.S. Median,2013-14,1.6,NULL,NULL,NULL,NULL,NaN
Exemption,Non-Medical Exemption,National,United States,2011-12,1.4,NULL,NULL,NULL,NULL,NaN
Exemption,Non-Medical Exemption,National,United States,2009-10,1.5,NULL,NULL,NULL,NULL,NaN
Exemption,Medical Exemption,National,United States,2025-26,0.2,3725852,97,NULL,7737,NULL
Exemption,Medical Exemption,National,U.S. Median,2025-26,0.2,3725852,97,NULL,103,NULL
Exemption,Non-Medical Exemption,National,U.S. Median,2011-12,1,NULL,NULL,NULL,NULL,NaN
Exemption,Medical Exemption,National,United States,2024-25,0.2,3785644,96.5,NULL,7978,NULL
Exemption,Medical Exemption,National,U.S. Median,2024-25,0.2,49229,99.7,NULL,97,NULL
Exemption,Non-Medical Exemption,National,U.S. Median,2009-10,0.8,NULL,NULL,NULL,NULL,NaN
Exemption,Medical Exemption,National,U.S. Median,2023-24,0.2,3823506,97,NULL,108,NULL
Exemption,Medical Exemption,National,United States,2023-24,0.2,3823506,97,NULL,8154,NULL
Exemption,Medical Exemption,National,United States,2022-23,0.2,3832381,96.9,NULL,8761,NULL
Exemption,Medical Exemption,National,U.S. Median,2022-23,0.2,3832381,96.9,NULL,113,NULL
Polio,,National,U.S. Median,2013-14,94.9,NULL,NULL,NULL,NULL,NaN
Polio,,National,U.S. Median,2015-16,94.8,NULL,NULL,NULL,NULL,NaN
Polio,,National,United States,2014-15,94.4,NULL,NULL,NULL,NULL,NaN
Polio,,National,U.S. Median,2014-15,94.8,NULL,NULL,NULL,NULL,NaN
Polio,,National,United States,2015-16,94.7,NULL,NULL,NULL,NULL,NaN
MMR,,National,United States,2016-17,95,NULL,NULL,NULL,NULL,NaN
Exemption,Non-Medical Exemption,National,United States,2019-20,2.2,NULL,NULL,NULL,NULL,NaN
Hepatitis B,,National,United States,2017-18,96.1,NULL,NULL,NULL,NULL,NaN
Exemption,Non-Medical Exemption,National,United States,2018-19,2.2,NULL,NULL,NULL,NULL,NaN
Exemption,Non-Medical Exemption,National,U.S. Median,2018-19,2.5,NULL,NULL,NULL,NULL,NaN
Exemption,Any Exemption,National,United States,2025-26,4.2,3725852,97,NULL,157029,NULL
MMR (PAC),MMR (PAC),National,U.S. Median,2025-26,95.2,3692432,96,NULL,NULL,NULL
Exemption,Any Exemption,National,U.S. Median,2024-25,4.1,49229,99.7,NULL,1519,NULL
Exemption,Any Exemption,National,U.S. Median,2025-26,4.8,3725852,97,NULL,1926,NULL
Exemption,Any Exemption,National,United States,2024-25,3.6,3785644,96.5,NULL,137634,NULL
Exemption,Any Exemption,National,U.S. Median,2023-24,3.7,3823506,97,NULL,1428,NULL
Exemption,Any Exemption,National,United States,2023-24,3.3,3823506,97,NULL,127591,NULL
Exemption,Any Exemption,National,U.S. Median,2022-23,3.3,3832381,96.9,NULL,1204,NULL
Exemption,Any Exemption,National,U.S. Median,2021-22,2.7,3835130,96.1,NULL,981,NULL
Exemption,Any Exemption,National,United States,2022-23,3,3832381,96.9,NULL,115575,NULL
Exemption,Any Exemption,National,U.S. Median,2020-21,2.5,3520205,94.8,NULL,NULL,NULL
Exemption,Any Exemption,National,United States,2021-22,2.6,3835130,96.1,NULL,98069,NULL
Exemption,Any Exemption,National,U.S. Median,2019-20,2.7,NULL,NULL,NULL,NULL,NaN
Exemption,Any Exemption,National,United States,2019-20,2.5,NULL,NULL,NULL,NULL,NaN
Exemption,Any Exemption,National,U.S. Median,2018-19,2.6,NULL,NULL,NULL,NULL,NaN
Exemption,Any Exemption,National,United States,2020-21,2.2,3520205,94.8,NULL,76888,NULL
Exemption,Any Exemption,National,United States,2018-19,2.5,NULL,NULL,NULL,NULL,NaN
Exemption,Any Exemption,National,United States,2017-18,2.3,NULL,NULL,NULL,NULL,NaN
Exemption,Any Exemption,National,U.S. Median,2017-18,2.2,NULL,NULL,NULL,NULL,NaN
Exemption,Any Exemption,National,United States,2015-16,2.1,NULL,NULL,NULL,NULL,NaN
Exemption,Any Exemption,National,U.S. Median,2015-16,1.9,NULL,NULL,NULL,NULL,NaN
Exemption,Any Exemption,National,United States,2016-17,2.1,NULL,NULL,NULL,NULL,NaN
Exemption,Any Exemption,National,U.S. Median,2016-17,2,NULL,NULL,NULL,NULL,NaN
Exemption,Any Exemption,National,U.S. Median,2014-15,1.8,NULL,NULL,NULL,NULL,NaN
"DTP, DTaP, or DT",,National,United States,2013-14,94.3,NULL,NULL,NULL,NULL,NaN
Exemption,Any Exemption,National,U.S. Median,2013-14,1.8,NULL,NULL,NULL,NULL,NaN
Exemption,Any Exemption,National,United States,2013-14,2.1,NULL,NULL,NULL,NULL,NaN
Exemption,Any Exemption,National,United States,2014-15,2.2,NULL,NULL,NULL,NULL,NaN
"DTP, DTaP, or DT",,National,United States,2011-12,95,NULL,NULL,NULL,NULL,NaN
"DTP, DTaP, or DT",,National,U.S. Median,2011-12,95.5,NULL,NULL,NULL,NULL,NaN
"DTP, DTaP, or DT",,National,U.S. Median,2012-13,95.1,NULL,NULL,NULL,NULL,NaN
"DTP, DTaP, or DT",,National,United States,2012-13,94.6,NULL,NULL,NULL,NULL,NaN
"DTP, DTaP, or DT",,National,United States,2009-10,95,NULL,NULL,NULL,NULL,NaN
"DTP, DTaP, or DT",,National,United States,2010-11,NA,NULL,NULL,NULL,NULL,NaN
"DTP, DTaP, or DT",,National,U.S. Median,2010-11,NA,NULL,NULL,NULL,NULL,NaN
"DTP, DTaP, or DT",,National,U.S. Median,2009-10,96.1,NULL,NULL,NULL,NULL,NaN
MMR,,National,United States,2024-25,92.5,3785644,92.7,NULL,NULL,NULL
MMR,,National,United States,2025-26,92.4,3692432,96,NULL,NULL,NULL
MMR,,National,U.S. Median,2025-26,91.5,3692432,96,NULL,NULL,NULL
MMR,,National,United States,2023-24,92.7,3823506,93.1,NULL,NULL,NULL
Polio,,National,United States,2016-17,95.2,NULL,NULL,NULL,NULL,NaN
Polio,,National,United States,2011-12,95.3,NULL,NULL,NULL,NULL,NaN
Polio,,National,U.S. Median,2011-12,95.9,NULL,NULL,NULL,NULL,NaN
Exemption,Any Exemption,National,U.S. Median,2011-12,1.4,NULL,NULL,NULL,NULL,NaN
Polio,,National,United States,2010-11,NA,NULL,NULL,NULL,NULL,NaN
Polio,,National,U.S. Median,2010-11,NA,NULL,NULL,NULL,NULL,NaN
Polio,,National,U.S. Median,2009-10,95.8,NULL,NULL,NULL,NULL,NaN
Polio,,National,United States,2009-10,95.4,NULL,NULL,NULL,NULL,NaN
Exemption,Any Exemption,National,U.S. Median,2012-13,1.8,NULL,NULL,NULL,NULL,NaN
Exemption,Any Exemption,National,United States,2012-13,1.9,NULL,NULL,NULL,NULL,NaN
Hepatitis B,,National,United States,2025-26,94,3692432,96,NULL,NULL,NULL
Exemption,Any Exemption,National,U.S. Median,2010-11,NA,NULL,NULL,NULL,NULL,NaN
Exemption,Any Exemption,National,U.S. Median,2009-10,1.1,NULL,NULL,NULL,NULL,NaN
Exemption,Any Exemption,National,United States,2011-12,1.6,NULL,NULL,NULL,NULL,NaN
Hepatitis B,,National,U.S. Median,2025-26,92.6,3692432,96,NULL,NULL,NULL
Exemption,Any Exemption,National,United States,2009-10,1.7,NULL,NULL,NULL,NULL,NaN
Hepatitis B,,National,U.S. Median,2024-25,92.9,51319,99.5,NULL,NULL,NULL
Hepatitis B,,National,United States,2024-25,94,3785644,92.7,NULL,NULL,NULL
Hepatitis B,,National,United States,2023-24,93.9,3823506,93.1,NULL,NULL,NULL
Exemption,Non-Medical Exemption,National,United States,2025-26,4,3725852,97,NULL,148608,NULL
Exemption,Non-Medical Exemption,National,U.S. Median,2025-26,4.9,3725852,97,NULL,2429,NULL
Hepatitis B,,National,U.S. Median,2023-24,93.5,3823506,93.1,NULL,NULL,NULL
Hepatitis B,,National,U.S. Median,2022-23,94.2,3832381,92.9,NULL,NULL,NULL
Exemption,Non-Medical Exemption,National,United States,2024-25,3.4,3785644,96.5,NULL,128905,NULL
Hepatitis B,,National,United States,2021-22,94.1,3835130,92.2,NULL,NULL,NULL
Hepatitis B,,National,United States,2022-23,94.3,3832381,92.9,NULL,NULL,NULL
Exemption,Non-Medical Exemption,National,United States,2023-24,3.1,3823506,97,NULL,118409,NULL
Exemption,Non-Medical Exemption,National,U.S. Median,2024-25,4,49229,99.7,NULL,2018,NULL
Hepatitis B,,National,U.S. Median,2021-22,94.1,3835130,92.2,NULL,NULL,NULL
Exemption,Non-Medical Exemption,National,U.S. Median,2022-23,3.2,3832381,96.9,NULL,1774,NULL
Exemption,Non-Medical Exemption,National,United States,2022-23,2.8,3832381,96.9,NULL,106466,NULL
Exemption,Non-Medical Exemption,National,U.S. Median,2023-24,3.7,3823506,97,NULL,1899,NULL
Hepatitis B,,National,U.S. Median,2020-21,95,3510744,90.8,NULL,NULL,NULL
Hepatitis B,,National,United States,2020-21,94.6,3510744,90.8,NULL,NULL,NULL
Exemption,Non-Medical Exemption,National,U.S. Median,2021-22,2.8,3835130,96.1,NULL,1375,NULL
Exemption,Non-Medical Exemption,National,United States,2021-22,2.3,3835130,96.1,NULL,88955,NULL
Hepatitis B,,National,U.S. Median,2019-20,95.9,NULL,NULL,NULL,NULL,NaN
Hepatitis B,,National,United States,2019-20,96.1,NULL,NULL,NULL,NULL,NaN
Exemption,Non-Medical Exemption,National,U.S. Median,2020-21,2.4,3520205,94.8,NULL,NULL,NULL
Exemption,Non-Medical Exemption,National,United States,2020-21,1.9,3520205,94.8,NULL,67809,NULL
Hepatitis B,,National,U.S. Median,2017-18,96,NULL,NULL,NULL,NULL,NaN
Hepatitis B,,National,U.S. Median,2018-19,95.6,NULL,NULL,NULL,NULL,NaN
Hepatitis B,,National,United States,2018-19,95.8,NULL,NULL,NULL,NULL,NaN
Exemption,Non-Medical Exemption,National,U.S. Median,2019-20,2.6,NULL,NULL,NULL,NULL,NaN
MMR (PAC),MMR (PAC),National,United States,2021-22,97.4,NULL,NULL,NULL,NULL,NULL
MMR (PAC),MMR (PAC),National,U.S. Median,2021-22,97.4,NULL,NULL,NULL,NULL,NULL
MMR (PAC),MMR (PAC),National,United States,2018-19,97.5,NULL,NULL,NULL,NULL,NULL
MMR (PAC),MMR (PAC),National,U.S. Median,2018-19,97.5,NULL,NULL,NULL,NULL,NULL
MMR (PAC),MMR (PAC),National,United States,2019-20,97.5,NULL,NULL,NULL,NULL,NULL
MMR (PAC),MMR (PAC),National,U.S. Median,2019-20,97.5,NULL,NULL,NULL,NULL,NULL
Varicella,1 Dose (or disease history),National,U.S. Median,2012-13,96.1,NULL,NULL,NULL,NULL,NaN
Varicella,1 Dose (or disease history),National,United States,2012-13,96.2,NULL,NULL,NULL,NULL,NaN
Varicella,UTD (or disease history),,,,,,,,,
Varicella,UTD (or disease history),,,,,,,,,
MMR (PAC),MMR (PAC),National,U.S. Median,2017-18,98,NULL,NULL,NULL,NULL,NULL
MMR (PAC),MMR (PAC),National,United States,2017-18,97.7,NULL,NULL,NULL,NULL,NULL
Varicella,1 Dose (or disease history),National,United States,2010-11,NA,NULL,NULL,NULL,NULL,NaN
Varicella,1 Dose (or disease history),National,U.S. Median,2010-11,NA,NULL,NULL,NULL,NULL,NaN
Varicella,1 Dose (or disease history),National,United States,2011-12,96.1,NULL,NULL,NULL,NULL,NaN
Varicella,1 Dose (or disease history),National,U.S. Median,2011-12,97,NULL,NULL,NULL,NULL,NaN
Varicella,UTD (or disease history),,,,,,,,,
Varicella,UTD (or disease history),,,,,,,,,
Varicella,UTD (or disease history),,,,,,,,,
Varicella,UTD (or disease history),,,,,,,,,
Varicella,UTD (or disease history),,,,,,,,,
Varicella,UTD (or disease history),,,,,,,,,
Varicella,UTD (or disease history),,,,,,,,,
Varicella,UTD (or disease history),,,,,,,,,
Varicella,UTD (or disease history),,,,,,,,,
Polio,,National,U.S. Median,2024-25,92.2,51319,99.5,NULL,NULL,NULL
Varicella,UTD (or disease history),,,,,,,,,
Polio,,National,U.S. Median,2023-24,91.7,3823506,93.1,NULL,NULL,NULL
Polio,,National,United States,2024-25,92.5,3785644,92.7,NULL,NULL,NULL
Polio,,National,U.S. Median,2022-23,92.2,3832381,92.9,NULL,NULL,NULL
Polio,,National,U.S. Median,2025-26,91.5,3692432,96,NULL,NULL,NULL
Polio,,National,United States,2023-24,92.7,3823506,93.1,NULL,NULL,NULL
Polio,,National,United States,2021-22,93.1,3835130,92.2,NULL,NULL,NULL
Polio,,National,U.S. Median,2021-22,92.7,3835130,92.2,NULL,NULL,NULL
Polio,,National,United States,2022-23,93.1,3832381,92.9,NULL,NULL,NULL
Polio,,National,United States,2020-21,93.9,3510744,90.8,NULL,NULL,NULL
Polio,,National,U.S. Median,2020-21,93.4,3510744,90,NULL,NULL,NULL
Polio,,National,United States,2018-19,94.7,NULL,NULL,NULL,NULL,NaN
Polio,,National,U.S. Median,2018-19,94.1,NULL,NULL,NULL,NULL,NaN
Polio,,National,United States,2019-20,95,NULL,NULL,NULL,NULL,NaN
Polio,,National,U.S. Median,2019-20,94.4,NULL,NULL,NULL,NULL,NaN
Polio,,National,U.S. Median,2017-18,94.4,NULL,NULL,NULL,NULL,NaN
Polio,,National,U.S. Median,2016-17,94.4,NULL,NULL,NULL,NULL,NaN
Polio,,National,United States,2017-18,95.1,NULL,NULL,NULL,NULL,NaN
Varicella,1 Dose (or disease history),National,U.S. Median,2023-24,93.8,3823506,93.1,NULL,NULL,NULL
Varicella,1 Dose (or disease history),National,United States,2023-24,93.7,3823506,93.1,NULL,NULL,NULL
Hepatitis B,,National,United States,2010-11,NA,NULL,NULL,NULL,NULL,NaN
Hepatitis B,,National,United States,2011-12,96.4,NULL,NULL,NULL,NULL,NaN
Hepatitis B,,National,U.S. Median,2011-12,96.5,NULL,NULL,NULL,NULL,NaN
Varicella,1 Dose (or disease history),National,U.S. Median,2022-23,94.1,3832381,92.9,NULL,NULL,NULL
Varicella,1 Dose (or disease history),National,United States,2022-23,94.2,3832381,92.9,NULL,NULL,NULL
Hepatitis B,,National,United States,2009-10,96.1,NULL,NULL,NULL,NULL,NaN
Hepatitis B,,National,U.S. Median,2010-11,NA,NULL,NULL,NULL,NULL,NaN
Varicella,1 Dose (or disease history),National,U.S. Median,2021-22,94.7,3835130,92.2,NULL,NULL,NULL
Varicella,1 Dose (or disease history),National,United States,2021-22,94.6,3835130,92.2,NULL,NULL,NULL
Varicella,1 Dose (or disease history),National,United States,2020-21,94.8,352275,93.1,NULL,NULL,NULL
Varicella,1 Dose (or disease history),National,U.S. Median,2020-21,95.1,352275,93.1,NULL,NULL,NULL
Varicella,2 Doses (or disease history),National,U.S. Median,2025-26,91.1,3692432,96,NULL,NULL,NULL
Hepatitis B,,National,U.S. Median,2009-10,97.2,NULL,NULL,NULL,NULL,NaN
Varicella,2 Doses (or disease history),National,United States,2025-26,92.2,3692432,96,NULL,NULL,NULL
Varicella,1 Dose (or disease history),National,United States,2019-20,94.1,NULL,NULL,NULL,NULL,NaN
Varicella,1 Dose (or disease history),National,U.S. Median,2019-20,95.3,NULL,NULL,NULL,NULL,NaN
Varicella,2 Doses (or disease history),National,United States,2023-24,92.3,3823506,93.1,NULL,NULL,NULL
Varicella,2 Doses (or disease history),National,United States,2024-25,92.1,3785644,92.7,NULL,NULL,NULL
Varicella,1 Dose (or disease history),National,United States,2016-17,97.5,NULL,NULL,NULL,NULL,NaN
Varicella,1 Dose (or disease history),National,U.S. Median,2016-17,96.5,NULL,NULL,NULL,NULL,NaN
Varicella,1 Dose (or disease history),National,U.S. Median,2017-18,96.2,NULL,NULL,NULL,NULL,NaN
Varicella,1 Dose (or disease history),National,United States,2017-18,97.1,NULL,NULL,NULL,NULL,NaN
Varicella,1 Dose (or disease history),National,United States,2018-19,96.4,NULL,NULL,NULL,NULL,NaN
Varicella,2 Doses (or disease history),National,U.S. Median,2024-25,90.6,51319,99.5,NULL,NULL,NULL
Varicella,2 Doses (or disease history),National,United States,2022-23,92.8,3832381,92.9,NULL,NULL,NULL
Varicella,1 Dose (or disease history),National,United States,2015-16,96,NULL,NULL,NULL,NULL,NaN
Varicella,1 Dose (or disease history),National,U.S. Median,2015-16,96.1,NULL,NULL,NULL,NULL,NaN
Varicella,2 Doses (or disease history),National,U.S. Median,2023-24,91.2,3823506,93.1,NULL,NULL,NULL
MMR (PAC),MMR (PAC),National,U.S. Median,2022-23,96.8,NULL,NULL,NULL,NULL,NULL
MMR (PAC),MMR (PAC),National,U.S. Median,2023-24,96.4,NULL,NULL,NULL,NULL,NULL
Varicella,1 Dose (or disease history),National,U.S. Median,2018-19,95.3,NULL,NULL,NULL,NULL,NaN
MMR (PAC),MMR (PAC),National,United States,2023-24,96.9,NULL,NULL,NULL,NULL,NULL
Varicella,2 Doses (or disease history),National,U.S. Median,2022-23,92,3832381,92.9,NULL,NULL,NULL
MMR (PAC),MMR (PAC),National,United States,2022-23,97,NULL,NULL,NULL,NULL,NULL
MMR (PAC),MMR (PAC),National,United States,2020-21,97.8,NULL,NULL,NULL,NULL,NULL
Varicella,1 Dose (or disease history),National,U.S. Median,2014-15,95.2,NULL,NULL,NULL,NULL,NaN
Varicella,1 Dose (or disease history),National,United States,2014-15,95.1,NULL,NULL,NULL,NULL,NaN
Varicella,2 Doses (or disease history),National,U.S. Median,2021-22,92.1,3835130,92.2,NULL,NULL,NULL
Varicella,2 Doses (or disease history),National,United States,2021-22,92.7,3835130,92.2,NULL,NULL,NULL
MMR (PAC),MMR (PAC),National,U.S. Median,2020-21,97.8,NULL,NULL,NULL,NULL,NULL
Varicella,1 Dose (or disease history),National,United States,2013-14,96.2,NULL,NULL,NULL,NULL,NaN
Varicella,1 Dose (or disease history),National,U.S. Median,2013-14,96.5,NULL,NULL,NULL,NULL,NaN
Hepatitis B,,National,United States,2016-17,96,NULL,NULL,NULL,NULL,NaN
MMR (PAC),MMR (PAC),National,United States,2025-26,95.9,3692432,96,NULL,NULL,NULL
Exemption,Medical Exemption,National,United States,2020-21,0.2,3520205,94.8,NULL,8335,NULL
Exemption,Medical Exemption,National,U.S. Median,2021-22,0.2,3835130,96.1,NULL,95,NULL
MMR (PAC),MMR (PAC),National,United States,2024-25,96.4,3785644,92.7,NULL,NULL,NULL
MMR (PAC),MMR (PAC),National,U.S. Median,2024-25,96,51319,99.5,NULL,NULL,NULL
Hepatitis B,,National,U.S. Median,2016-17,95.6,NULL,NULL,NULL,NULL,NaN
Polio,,National,United States,2025-26,92.4,3692432,96,NULL,NULL,NULL
Exemption,Medical Exemption,National,United States,2021-22,0.2,3835130,96.1,NULL,8230,NULL
Polio,,National,U.S. Median,2012-13,95.1,NULL,NULL,NULL,NULL,NaN
Polio,,National,United States,2012-13,94.7,NULL,NULL,NULL,NULL,NaN
Exemption,Medical Exemption,National,U.S. Median,2020-21,0.2,3520205,94.8,NULL,NULL,NULL
Exemption,Medical Exemption,National,United States,2018-19,0.3,NULL,NULL,NULL,NULL,NaN
Exemption,Medical Exemption,National,U.S. Median,2019-20,0.2,NULL,NULL,NULL,NULL,NaN
Exemption,Medical Exemption,National,United States,2019-20,0.3,NULL,NULL,NULL,NULL,NaN
Exemption,Medical Exemption,National,United States,2017-18,0.3,NULL,NULL,NULL,NULL,NaN
Exemption,Medical Exemption,National,U.S. Median,2017-18,0.2,NULL,NULL,NULL,NULL,NaN
Exemption,Medical Exemption,National,U.S. Median,2016-17,0.2,NULL,NULL,NULL,NULL,NaN
Exemption,Medical Exemption,National,U.S. Median,2018-19,0.2,NULL,NULL,NULL,NULL,NaN
Exemption,Medical Exemption,National,United States,2015-16,0.2,NULL,NULL,NULL,NULL,NaN
Exemption,Medical Exemption,National,United States,2016-17,0.3,NULL,NULL,NULL,NULL,NaN
Exemption,Medical Exemption,National,U.S. Median,2014-15,0.2,NULL,NULL,NULL,NULL,NaN
Exemption,Medical Exemption,National,U.S. Median,2015-16,0.2,NULL,NULL,NULL,NULL,NaN
Exemption,Medical Exemption,National,United States,2012-13,0.3,NULL,NULL,NULL,NULL,NaN
Exemption,Medical Exemption,National,United States,2014-15,0.2,NULL,NULL,NULL,NULL,NaN
Exemption,Medical Exemption,National,U.S. Median,2013-14,0.2,NULL,NULL,NULL,NULL,NaN
Exemption,Medical Exemption,National,United States,2013-14,0.2,NULL,NULL,NULL,NULL,NaN
Exemption,Medical Exemption,National,United States,2011-12,0.2,NULL,NULL,NULL,NULL,NaN
Exemption,Medical Exemption,National,U.S. Median,2012-13,0.3,NULL,NULL,NULL,NULL,NaN
Exemption,Medical Exemption,National,U.S. Median,2011-12,0.2,NULL,NULL,NULL,NULL,NaN
Exemption,Medical Exemption,National,United States,2009-10,0.3,NULL,NULL,NULL,NULL,NaN
Exemption,Medical Exemption,National,U.S. Median,2009-10,0.3,NULL,NULL,NULL,NULL,NaN
Hepatitis B,,National,U.S. Median,2015-16,96.1,NULL,NULL,NULL,NULL,NaN
Hepatitis B,,National,United States,2015-16,95.8,NULL,NULL,NULL,NULL,NaN
Hepatitis B,,National,U.S. Median,2014-15,95.4,NULL,NULL,NULL,NULL,NaN
Hepatitis B,,National,United States,2014-15,95.3,NULL,NULL,NULL,NULL,NaN
Hepatitis B,,National,U.S. Median,2013-14,95.9,NULL,NULL,NULL,NULL,NaN
Hepatitis B,,National,United States,2013-14,95.5,NULL,NULL,NULL,NULL,NaN